date,indicator,value,unit,source,source_url,updated_at,frequency,confidence,status
2025-05-31,china_new_orders_pmi,48.3,index,财新网,https://www.caixin.com/,2026-06-30T16:02:21.110304,monthly,C,confirmed
2025-06-30,china_new_orders_pmi,50.4,index,财新网,https://www.caixin.com/,2026-06-30T16:02:21.110304,monthly,C,confirmed
2025-07-31,china_new_orders_pmi,49.5,index,财新网,https://www.caixin.com/,2026-06-30T16:02:21.111305,monthly,C,confirmed
2025-08-31,china_new_orders_pmi,50.5,index,财新网,https://www.caixin.com/,2026-06-30T16:02:21.111305,monthly,C,confirmed
2025-09-30,china_new_orders_pmi,51.2,index,财新网,https://www.caixin.com/,2026-06-30T16:02:21.111305,monthly,C,confirmed
2025-10-31,china_new_orders_pmi,50.6,index,财新网,https://www.caixin.com/,2026-06-30T16:02:21.111305,monthly,C,confirmed
2025-11-30,china_new_orders_pmi,49.9,index,财新网,https://www.caixin.com/,2026-06-30T16:02:21.111305,monthly,C,confirmed
2025-12-31,china_new_orders_pmi,50.1,index,财新网,https://www.caixin.com/,2026-06-30T16:02:21.111305,monthly,C,confirmed
2026-01-31,china_new_orders_pmi,50.3,index,财新网,https://www.caixin.com/,2026-06-30T16:02:21.112307,monthly,C,confirmed
2026-02-28,china_new_orders_pmi,52.1,index,财新网,https://www.caixin.com/,2026-06-30T16:02:21.112307,monthly,C,confirmed
2026-03-31,china_new_orders_pmi,50.8,index,财新网,https://www.caixin.com/,2026-06-30T16:02:21.112307,monthly,C,confirmed
2026-04-30,china_new_orders_pmi,52.2,index,财新网,https://www.caixin.com/,2026-06-30T16:02:21.112307,monthly,C,confirmed
2026-05-31,china_new_orders_pmi,51.8,index,财新网,https://www.caixin.com/,2026-06-30T16:02:21.112307,monthly,C,confirmed
2025-06-01,china_pmi,49.7,index,东方财富-国家统计局,https://data.eastmoney.com/cjsj/pmi.html,2026-06-30T16:02:15.194445,monthly,A,confirmed
2025-07-01,china_pmi,49.3,index,东方财富-国家统计局,https://data.eastmoney.com/cjsj/pmi.html,2026-06-30T16:02:15.194445,monthly,A,confirmed
2025-08-01,china_pmi,49.4,index,东方财富-国家统计局,https://data.eastmoney.com/cjsj/pmi.html,2026-06-30T16:02:15.194445,monthly,A,confirmed
2025-09-01,china_pmi,49.8,index,东方财富-国家统计局,https://data.eastmoney.com/cjsj/pmi.html,2026-06-30T16:02:15.194445,monthly,A,confirmed
2025-10-01,china_pmi,49.0,index,东方财富-国家统计局,https://data.eastmoney.com/cjsj/pmi.html,2026-06-30T16:02:15.194445,monthly,A,confirmed
2025-11-01,china_pmi,49.2,index,东方财富-国家统计局,https://data.eastmoney.com/cjsj/pmi.html,2026-06-30T16:02:15.194445,monthly,A,confirmed
2025-12-01,china_pmi,50.1,index,东方财富-国家统计局,https://data.eastmoney.com/cjsj/pmi.html,2026-06-30T16:02:15.194445,monthly,A,confirmed
2026-01-01,china_pmi,49.3,index,东方财富-国家统计局,https://data.eastmoney.com/cjsj/pmi.html,2026-06-30T16:02:15.193447,monthly,A,confirmed
2026-02-01,china_pmi,49.0,index,东方财富-国家统计局,https://data.eastmoney.com/cjsj/pmi.html,2026-06-30T16:02:15.193447,monthly,A,confirmed
2026-03-01,china_pmi,50.4,index,东方财富-国家统计局,https://data.eastmoney.com/cjsj/pmi.html,2026-06-30T16:02:15.193447,monthly,A,confirmed
2026-04-01,china_pmi,50.3,index,东方财富-国家统计局,https://data.eastmoney.com/cjsj/pmi.html,2026-06-30T16:02:15.193447,monthly,A,confirmed
2026-05-01,china_pmi,50.0,index,东方财富-国家统计局,https://data.eastmoney.com/cjsj/pmi.html,2026-06-30T16:02:15.193447,monthly,A,confirmed
2026-06-01,china_pmi,50.3,index,东方财富-国家统计局,https://data.eastmoney.com/cjsj/pmi.html,2026-06-30T16:02:15.193447,monthly,A,confirmed
2026-01-02,comex_inventory,1132.26,ton,手动维护-COMEX,https://www.cmegroup.com/delivery_reports/Gold_Stocks.xls,2026-07-13T10:06:58.478410,daily,B,confirmed
2026-01-05,comex_inventory,1132.27,ton,手动维护-COMEX,https://www.cmegroup.com/delivery_reports/Gold_Stocks.xls,2026-07-13T10:06:58.478410,daily,B,confirmed
2026-01-06,comex_inventory,1132.27,ton,手动维护-COMEX,https://www.cmegroup.com/delivery_reports/Gold_Stocks.xls,2026-07-13T10:06:58.478410,daily,B,confirmed
2026-01-07,comex_inventory,1132.27,ton,手动维护-COMEX,https://www.cmegroup.com/delivery_reports/Gold_Stocks.xls,2026-07-13T10:06:58.478410,daily,B,confirmed
2026-01-08,comex_inventory,1131.77,ton,手动维护-COMEX,https://www.cmegroup.com/delivery_reports/Gold_Stocks.xls,2026-07-13T10:06:58.478410,daily,B,confirmed
2026-01-09,comex_inventory,1129.43,ton,手动维护-COMEX,https://www.cmegroup.com/delivery_reports/Gold_Stocks.xls,2026-07-13T10:06:58.478410,daily,B,confirmed
2026-01-12,comex_inventory,1129.43,ton,手动维护-COMEX,https://www.cmegroup.com/delivery_reports/Gold_Stocks.xls,2026-07-13T10:06:58.479413,daily,B,confirmed
2026-01-13,comex_inventory,1128.93,ton,手动维护-COMEX,https://www.cmegroup.com/delivery_reports/Gold_Stocks.xls,2026-07-13T10:06:58.479413,daily,B,confirmed
2026-01-14,comex_inventory,1126.41,ton,手动维护-COMEX,https://www.cmegroup.com/delivery_reports/Gold_Stocks.xls,2026-07-13T10:06:58.479413,daily,B,confirmed
2026-01-15,comex_inventory,1123.86,ton,手动维护-COMEX,https://www.cmegroup.com/delivery_reports/Gold_Stocks.xls,2026-07-13T10:06:58.479413,daily,B,confirmed
2026-01-16,comex_inventory,1123.95,ton,手动维护-COMEX,https://www.cmegroup.com/delivery_reports/Gold_Stocks.xls,2026-07-13T10:06:58.479413,daily,B,confirmed
2026-01-20,comex_inventory,1123.95,ton,手动维护-COMEX,https://www.cmegroup.com/delivery_reports/Gold_Stocks.xls,2026-07-13T10:06:58.479413,daily,B,confirmed
2026-01-21,comex_inventory,1124.17,ton,手动维护-COMEX,https://www.cmegroup.com/delivery_reports/Gold_Stocks.xls,2026-07-13T10:06:58.479413,daily,B,confirmed
2026-01-22,comex_inventory,1124.21,ton,手动维护-COMEX,https://www.cmegroup.com/delivery_reports/Gold_Stocks.xls,2026-07-13T10:06:58.479413,daily,B,confirmed
2026-01-23,comex_inventory,1124.21,ton,手动维护-COMEX,https://www.cmegroup.com/delivery_reports/Gold_Stocks.xls,2026-07-13T10:06:58.479413,daily,B,confirmed
2026-01-26,comex_inventory,1117.91,ton,手动维护-COMEX,https://www.cmegroup.com/delivery_reports/Gold_Stocks.xls,2026-07-13T10:06:58.480410,daily,B,confirmed
2026-01-27,comex_inventory,1117.91,ton,手动维护-COMEX,https://www.cmegroup.com/delivery_reports/Gold_Stocks.xls,2026-07-13T10:06:58.480410,daily,B,confirmed
2026-01-28,comex_inventory,1115.91,ton,手动维护-COMEX,https://www.cmegroup.com/delivery_reports/Gold_Stocks.xls,2026-07-13T10:06:58.480410,daily,B,confirmed
2026-01-29,comex_inventory,1115.91,ton,手动维护-COMEX,https://www.cmegroup.com/delivery_reports/Gold_Stocks.xls,2026-07-13T10:06:58.480410,daily,B,confirmed
2026-01-30,comex_inventory,1111.91,ton,手动维护-COMEX,https://www.cmegroup.com/delivery_reports/Gold_Stocks.xls,2026-07-13T10:06:58.480410,daily,B,confirmed
2026-02-02,comex_inventory,1108.07,ton,手动维护-COMEX,https://www.cmegroup.com/delivery_reports/Gold_Stocks.xls,2026-07-13T10:06:58.480410,daily,B,confirmed
2026-02-03,comex_inventory,1112.12,ton,手动维护-COMEX,https://www.cmegroup.com/delivery_reports/Gold_Stocks.xls,2026-07-13T10:06:58.480410,daily,B,confirmed
2026-02-04,comex_inventory,1110.12,ton,手动维护-COMEX,https://www.cmegroup.com/delivery_reports/Gold_Stocks.xls,2026-07-13T10:06:58.480410,daily,B,confirmed
2026-02-05,comex_inventory,1103.91,ton,手动维护-COMEX,https://www.cmegroup.com/delivery_reports/Gold_Stocks.xls,2026-07-13T10:06:58.480410,daily,B,confirmed
2026-02-06,comex_inventory,1100.13,ton,手动维护-COMEX,https://www.cmegroup.com/delivery_reports/Gold_Stocks.xls,2026-07-13T10:06:58.480410,daily,B,confirmed
2026-02-09,comex_inventory,1097.77,ton,手动维护-COMEX,https://www.cmegroup.com/delivery_reports/Gold_Stocks.xls,2026-07-13T10:06:58.481410,daily,B,confirmed
2026-02-10,comex_inventory,1095.77,ton,手动维护-COMEX,https://www.cmegroup.com/delivery_reports/Gold_Stocks.xls,2026-07-13T10:06:58.481410,daily,B,confirmed
2026-02-11,comex_inventory,1080.38,ton,手动维护-COMEX,https://www.cmegroup.com/delivery_reports/Gold_Stocks.xls,2026-07-13T10:06:58.481410,daily,B,confirmed
2026-02-12,comex_inventory,1071.45,ton,手动维护-COMEX,https://www.cmegroup.com/delivery_reports/Gold_Stocks.xls,2026-07-13T10:06:58.481410,daily,B,confirmed
2026-02-13,comex_inventory,1070.45,ton,手动维护-COMEX,https://www.cmegroup.com/delivery_reports/Gold_Stocks.xls,2026-07-13T10:06:58.481410,daily,B,confirmed
2026-02-17,comex_inventory,1067.56,ton,手动维护-COMEX,https://www.cmegroup.com/delivery_reports/Gold_Stocks.xls,2026-07-13T10:06:58.481410,daily,B,confirmed
2026-02-18,comex_inventory,1064.02,ton,手动维护-COMEX,https://www.cmegroup.com/delivery_reports/Gold_Stocks.xls,2026-07-13T10:06:58.481410,daily,B,confirmed
2026-02-19,comex_inventory,1060.47,ton,手动维护-COMEX,https://www.cmegroup.com/delivery_reports/Gold_Stocks.xls,2026-07-13T10:06:58.481410,daily,B,confirmed
2026-02-20,comex_inventory,1050.51,ton,手动维护-COMEX,https://www.cmegroup.com/delivery_reports/Gold_Stocks.xls,2026-07-13T10:06:58.481410,daily,B,confirmed
2026-02-23,comex_inventory,1048.22,ton,手动维护-COMEX,https://www.cmegroup.com/delivery_reports/Gold_Stocks.xls,2026-07-13T10:06:58.481410,daily,B,confirmed
2026-02-24,comex_inventory,1045.93,ton,手动维护-COMEX,https://www.cmegroup.com/delivery_reports/Gold_Stocks.xls,2026-07-13T10:06:58.482410,daily,B,confirmed
2026-02-25,comex_inventory,1041.58,ton,手动维护-COMEX,https://www.cmegroup.com/delivery_reports/Gold_Stocks.xls,2026-07-13T10:06:58.482410,daily,B,confirmed
2026-02-26,comex_inventory,1036.4,ton,手动维护-COMEX,https://www.cmegroup.com/delivery_reports/Gold_Stocks.xls,2026-07-13T10:06:58.482410,daily,B,confirmed
2026-02-27,comex_inventory,1031.74,ton,手动维护-COMEX,https://www.cmegroup.com/delivery_reports/Gold_Stocks.xls,2026-07-13T10:06:58.482410,daily,B,confirmed
2026-03-02,comex_inventory,1028.64,ton,手动维护-COMEX,https://www.cmegroup.com/delivery_reports/Gold_Stocks.xls,2026-07-13T10:06:58.482410,daily,B,confirmed
2026-03-03,comex_inventory,1027.67,ton,手动维护-COMEX,https://www.cmegroup.com/delivery_reports/Gold_Stocks.xls,2026-07-13T10:06:58.482410,daily,B,confirmed
2026-03-04,comex_inventory,1029.53,ton,手动维护-COMEX,https://www.cmegroup.com/delivery_reports/Gold_Stocks.xls,2026-07-13T10:06:58.482410,daily,B,confirmed
2026-03-05,comex_inventory,1028.96,ton,手动维护-COMEX,https://www.cmegroup.com/delivery_reports/Gold_Stocks.xls,2026-07-13T10:06:58.482410,daily,B,confirmed
2026-03-06,comex_inventory,1023.73,ton,手动维护-COMEX,https://www.cmegroup.com/delivery_reports/Gold_Stocks.xls,2026-07-13T10:06:58.482410,daily,B,confirmed
2026-03-09,comex_inventory,1017.73,ton,手动维护-COMEX,https://www.cmegroup.com/delivery_reports/Gold_Stocks.xls,2026-07-13T10:06:58.482410,daily,B,confirmed
2026-03-10,comex_inventory,1017.73,ton,手动维护-COMEX,https://www.cmegroup.com/delivery_reports/Gold_Stocks.xls,2026-07-13T10:06:58.483410,daily,B,confirmed
2026-03-11,comex_inventory,1015.73,ton,手动维护-COMEX,https://www.cmegroup.com/delivery_reports/Gold_Stocks.xls,2026-07-13T10:06:58.483410,daily,B,confirmed
2026-03-12,comex_inventory,1012.47,ton,手动维护-COMEX,https://www.cmegroup.com/delivery_reports/Gold_Stocks.xls,2026-07-13T10:06:58.483410,daily,B,confirmed
2026-03-13,comex_inventory,1007.64,ton,手动维护-COMEX,https://www.cmegroup.com/delivery_reports/Gold_Stocks.xls,2026-07-13T10:06:58.483410,daily,B,confirmed
2026-03-16,comex_inventory,908.0,ton,手动维护-COMEX,https://www.cmegroup.com/delivery_reports/Gold_Stocks.xls,2026-09-17T09:12:29.580886,daily,B,confirmed
2026-03-17,comex_inventory,905.0,ton,手动维护-COMEX,https://www.cmegroup.com/delivery_reports/Gold_Stocks.xls,2026-09-17T09:12:29.580886,daily,B,confirmed
2026-03-18,comex_inventory,914.0,ton,手动维护-COMEX,https://www.cmegroup.com/delivery_reports/Gold_Stocks.xls,2026-09-17T09:12:29.580886,daily,B,confirmed
2026-03-19,comex_inventory,916.0,ton,手动维护-COMEX,https://www.cmegroup.com/delivery_reports/Gold_Stocks.xls,2026-09-17T09:12:29.580886,daily,B,confirmed
2026-03-20,comex_inventory,912.0,ton,手动维护-COMEX,https://www.cmegroup.com/delivery_reports/Gold_Stocks.xls,2026-09-17T09:12:29.580886,daily,B,confirmed
2026-03-21,comex_inventory,909.0,ton,手动维护-COMEX,https://www.cmegroup.com/delivery_reports/Gold_Stocks.xls,2026-09-17T09:12:29.580886,daily,B,confirmed
2026-03-22,comex_inventory,914.0,ton,手动维护-COMEX,https://www.cmegroup.com/delivery_reports/Gold_Stocks.xls,2026-09-17T09:12:29.580886,daily,B,confirmed
2026-03-23,comex_inventory,906.0,ton,手动维护-COMEX,https://www.cmegroup.com/delivery_reports/Gold_Stocks.xls,2026-09-17T09:12:29.580886,daily,B,confirmed
2026-03-24,comex_inventory,908.0,ton,手动维护-COMEX,https://www.cmegroup.com/delivery_reports/Gold_Stocks.xls,2026-09-17T09:12:29.580886,daily,B,confirmed
2026-03-25,comex_inventory,911.0,ton,手动维护-COMEX,https://www.cmegroup.com/delivery_reports/Gold_Stocks.xls,2026-09-17T09:12:29.580886,daily,B,confirmed
2026-03-26,comex_inventory,904.0,ton,手动维护-COMEX,https://www.cmegroup.com/delivery_reports/Gold_Stocks.xls,2026-09-17T09:12:29.580886,daily,B,confirmed
2026-03-27,comex_inventory,908.0,ton,手动维护-COMEX,https://www.cmegroup.com/delivery_reports/Gold_Stocks.xls,2026-09-17T09:12:29.580886,daily,B,confirmed
2026-03-28,comex_inventory,912.0,ton,手动维护-COMEX,https://www.cmegroup.com/delivery_reports/Gold_Stocks.xls,2026-09-17T09:12:29.581895,daily,B,confirmed
2026-03-29,comex_inventory,912.0,ton,手动维护-COMEX,https://www.cmegroup.com/delivery_reports/Gold_Stocks.xls,2026-09-17T09:12:29.581895,daily,B,confirmed
2026-03-30,comex_inventory,909.0,ton,手动维护-COMEX,https://www.cmegroup.com/delivery_reports/Gold_Stocks.xls,2026-09-17T09:12:29.581895,daily,B,confirmed
2026-03-31,comex_inventory,906.0,ton,手动维护-COMEX,https://www.cmegroup.com/delivery_reports/Gold_Stocks.xls,2026-09-17T09:12:29.581895,daily,B,confirmed
2026-04-01,comex_inventory,905.0,ton,手动维护-COMEX,https://www.cmegroup.com/delivery_reports/Gold_Stocks.xls,2026-09-17T09:12:29.581895,daily,B,confirmed
2026-04-02,comex_inventory,909.0,ton,手动维护-COMEX,https://www.cmegroup.com/delivery_reports/Gold_Stocks.xls,2026-09-17T09:12:29.581895,daily,B,confirmed
2026-04-03,comex_inventory,909.0,ton,手动维护-COMEX,https://www.cmegroup.com/delivery_reports/Gold_Stocks.xls,2026-09-17T09:12:29.581895,daily,B,confirmed
2026-04-04,comex_inventory,904.0,ton,手动维护-COMEX,https://www.cmegroup.com/delivery_reports/Gold_Stocks.xls,2026-09-17T09:12:29.581895,daily,B,confirmed
2026-04-05,comex_inventory,907.0,ton,手动维护-COMEX,https://www.cmegroup.com/delivery_reports/Gold_Stocks.xls,2026-09-17T09:12:29.581895,daily,B,confirmed
2026-04-06,comex_inventory,906.0,ton,手动维护-COMEX,https://www.cmegroup.com/delivery_reports/Gold_Stocks.xls,2026-09-17T09:12:29.581895,daily,B,confirmed
2026-04-07,comex_inventory,903.0,ton,手动维护-COMEX,https://www.cmegroup.com/delivery_reports/Gold_Stocks.xls,2026-09-17T09:12:29.581895,daily,B,confirmed
2026-04-08,comex_inventory,909.0,ton,手动维护-COMEX,https://www.cmegroup.com/delivery_reports/Gold_Stocks.xls,2026-09-17T09:12:29.581895,daily,B,confirmed
2026-04-09,comex_inventory,913.0,ton,手动维护-COMEX,https://www.cmegroup.com/delivery_reports/Gold_Stocks.xls,2026-09-17T09:12:29.582900,daily,B,confirmed
2026-04-10,comex_inventory,915.0,ton,手动维护-COMEX,https://www.cmegroup.com/delivery_reports/Gold_Stocks.xls,2026-09-17T09:12:29.582900,daily,B,confirmed
2026-04-11,comex_inventory,907.0,ton,手动维护-COMEX,https://www.cmegroup.com/delivery_reports/Gold_Stocks.xls,2026-09-17T09:12:29.582900,daily,B,confirmed
2026-04-12,comex_inventory,903.0,ton,手动维护-COMEX,https://www.cmegroup.com/delivery_reports/Gold_Stocks.xls,2026-09-17T09:12:29.582900,daily,B,confirmed
2026-04-13,comex_inventory,917.0,ton,手动维护-COMEX,https://www.cmegroup.com/delivery_reports/Gold_Stocks.xls,2026-09-17T09:12:29.582900,daily,B,confirmed
2026-04-14,comex_inventory,913.0,ton,手动维护-COMEX,https://www.cmegroup.com/delivery_reports/Gold_Stocks.xls,2026-09-17T09:12:29.582900,daily,B,confirmed
2026-04-15,comex_inventory,906.0,ton,手动维护-COMEX,https://www.cmegroup.com/delivery_reports/Gold_Stocks.xls,2026-09-17T09:12:29.582900,daily,B,confirmed
2026-04-16,comex_inventory,902.0,ton,手动维护-COMEX,https://www.cmegroup.com/delivery_reports/Gold_Stocks.xls,2026-09-17T09:12:29.582900,daily,B,confirmed
2026-04-17,comex_inventory,913.0,ton,手动维护-COMEX,https://www.cmegroup.com/delivery_reports/Gold_Stocks.xls,2026-09-17T09:12:29.582900,daily,B,confirmed
2026-04-18,comex_inventory,911.0,ton,手动维护-COMEX,https://www.cmegroup.com/delivery_reports/Gold_Stocks.xls,2026-09-17T09:12:29.582900,daily,B,confirmed
2026-04-19,comex_inventory,907.0,ton,手动维护-COMEX,https://www.cmegroup.com/delivery_reports/Gold_Stocks.xls,2026-09-17T09:12:29.582900,daily,B,confirmed
2026-04-20,comex_inventory,914.0,ton,手动维护-COMEX,https://www.cmegroup.com/delivery_reports/Gold_Stocks.xls,2026-09-17T09:12:29.583905,daily,B,confirmed
2026-04-21,comex_inventory,913.0,ton,手动维护-COMEX,https://www.cmegroup.com/delivery_reports/Gold_Stocks.xls,2026-09-17T09:12:29.583905,daily,B,confirmed
2026-04-22,comex_inventory,910.0,ton,手动维护-COMEX,https://www.cmegroup.com/delivery_reports/Gold_Stocks.xls,2026-09-17T09:12:29.583905,daily,B,confirmed
2026-04-23,comex_inventory,902.0,ton,手动维护-COMEX,https://www.cmegroup.com/delivery_reports/Gold_Stocks.xls,2026-09-17T09:12:29.583905,daily,B,confirmed
2026-04-24,comex_inventory,912.0,ton,手动维护-COMEX,https://www.cmegroup.com/delivery_reports/Gold_Stocks.xls,2026-09-17T09:12:29.583905,daily,B,confirmed
2026-04-25,comex_inventory,862.0,ton,手动维护-COMEX,https://www.cmegroup.com/delivery_reports/Gold_Stocks.xls,2026-09-17T09:12:29.583905,daily,B,confirmed
2026-04-26,comex_inventory,865.5,ton,手动维护-COMEX,https://www.cmegroup.com/delivery_reports/Gold_Stocks.xls,2026-09-17T09:12:29.583905,daily,B,confirmed
2026-04-27,comex_inventory,860.0,ton,手动维护-COMEX,https://www.cmegroup.com/delivery_reports/Gold_Stocks.xls,2026-09-17T09:12:29.583905,daily,B,confirmed
2026-04-28,comex_inventory,865.5,ton,手动维护-COMEX,https://www.cmegroup.com/delivery_reports/Gold_Stocks.xls,2026-09-17T09:12:29.583905,daily,B,confirmed
2026-04-29,comex_inventory,861.0,ton,手动维护-COMEX,https://www.cmegroup.com/delivery_reports/Gold_Stocks.xls,2026-09-17T09:12:29.583905,daily,B,confirmed
2026-04-30,comex_inventory,860.5,ton,手动维护-COMEX,https://www.cmegroup.com/delivery_reports/Gold_Stocks.xls,2026-09-17T09:12:29.583905,daily,B,confirmed
2026-05-01,comex_inventory,864.0,ton,手动维护-COMEX,https://www.cmegroup.com/delivery_reports/Gold_Stocks.xls,2026-09-17T09:12:29.583905,daily,B,confirmed
2026-05-02,comex_inventory,862.5,ton,手动维护-COMEX,https://www.cmegroup.com/delivery_reports/Gold_Stocks.xls,2026-09-17T09:12:29.584896,daily,B,confirmed
2026-05-03,comex_inventory,861.0,ton,手动维护-COMEX,https://www.cmegroup.com/delivery_reports/Gold_Stocks.xls,2026-09-17T09:12:29.584896,daily,B,confirmed
2026-05-04,comex_inventory,860.5,ton,手动维护-COMEX,https://www.cmegroup.com/delivery_reports/Gold_Stocks.xls,2026-09-17T09:12:29.584896,daily,B,confirmed
2026-05-05,comex_inventory,861.0,ton,手动维护-COMEX,https://www.cmegroup.com/delivery_reports/Gold_Stocks.xls,2026-09-17T09:12:29.584896,daily,B,confirmed
2026-05-06,comex_inventory,859.5,ton,手动维护-COMEX,https://www.cmegroup.com/delivery_reports/Gold_Stocks.xls,2026-09-17T09:12:29.584896,daily,B,confirmed
2026-05-07,comex_inventory,848.0,ton,手动维护-COMEX,https://www.cmegroup.com/delivery_reports/Gold_Stocks.xls,2026-09-17T09:12:29.584896,daily,B,confirmed
2026-05-08,comex_inventory,856.5,ton,手动维护-COMEX,https://www.cmegroup.com/delivery_reports/Gold_Stocks.xls,2026-09-17T09:12:29.584896,daily,B,confirmed
2026-05-09,comex_inventory,851.0,ton,手动维护-COMEX,https://www.cmegroup.com/delivery_reports/Gold_Stocks.xls,2026-09-17T09:12:29.584896,daily,B,confirmed
2026-05-10,comex_inventory,847.5,ton,手动维护-COMEX,https://www.cmegroup.com/delivery_reports/Gold_Stocks.xls,2026-09-17T09:12:29.584896,daily,B,confirmed
2026-05-11,comex_inventory,859.0,ton,手动维护-COMEX,https://www.cmegroup.com/delivery_reports/Gold_Stocks.xls,2026-09-17T09:12:29.584896,daily,B,confirmed
2026-05-12,comex_inventory,851.5,ton,手动维护-COMEX,https://www.cmegroup.com/delivery_reports/Gold_Stocks.xls,2026-09-17T09:12:29.584896,daily,B,confirmed
2026-05-13,comex_inventory,845.0,ton,手动维护-COMEX,https://www.cmegroup.com/delivery_reports/Gold_Stocks.xls,2026-09-17T09:12:29.584896,daily,B,confirmed
2026-05-14,comex_inventory,846.5,ton,手动维护-COMEX,https://www.cmegroup.com/delivery_reports/Gold_Stocks.xls,2026-09-17T09:12:29.585896,daily,B,confirmed
2026-05-15,comex_inventory,844.0,ton,手动维护-COMEX,https://www.cmegroup.com/delivery_reports/Gold_Stocks.xls,2026-09-17T09:12:29.585896,daily,B,confirmed
2026-05-16,comex_inventory,847.5,ton,手动维护-COMEX,https://www.cmegroup.com/delivery_reports/Gold_Stocks.xls,2026-09-17T09:12:29.585896,daily,B,confirmed
2026-05-17,comex_inventory,845.0,ton,手动维护-COMEX,https://www.cmegroup.com/delivery_reports/Gold_Stocks.xls,2026-09-17T09:12:29.585896,daily,B,confirmed
2026-05-18,comex_inventory,848.5,ton,手动维护-COMEX,https://www.cmegroup.com/delivery_reports/Gold_Stocks.xls,2026-09-17T09:12:29.585896,daily,B,confirmed
2026-05-19,comex_inventory,846.0,ton,手动维护-COMEX,https://www.cmegroup.com/delivery_reports/Gold_Stocks.xls,2026-09-17T09:12:29.585896,daily,B,confirmed
2026-05-20,comex_inventory,840.5,ton,手动维护-COMEX,https://www.cmegroup.com/delivery_reports/Gold_Stocks.xls,2026-09-17T09:12:29.585896,daily,B,confirmed
2026-05-21,comex_inventory,842.0,ton,手动维护-COMEX,https://www.cmegroup.com/delivery_reports/Gold_Stocks.xls,2026-09-17T09:12:29.585896,daily,B,confirmed
2026-05-22,comex_inventory,846.5,ton,手动维护-COMEX,https://www.cmegroup.com/delivery_reports/Gold_Stocks.xls,2026-09-17T09:12:29.585896,daily,B,confirmed
2026-05-23,comex_inventory,849.0,ton,手动维护-COMEX,https://www.cmegroup.com/delivery_reports/Gold_Stocks.xls,2026-09-17T09:12:29.585896,daily,B,confirmed
2026-05-24,comex_inventory,850.5,ton,手动维护-COMEX,https://www.cmegroup.com/delivery_reports/Gold_Stocks.xls,2026-09-17T09:12:29.585896,daily,B,confirmed
2026-05-25,comex_inventory,838.0,ton,手动维护-COMEX,https://www.cmegroup.com/delivery_reports/Gold_Stocks.xls,2026-09-17T09:12:29.585896,daily,B,confirmed
2026-05-26,comex_inventory,845.5,ton,手动维护-COMEX,https://www.cmegroup.com/delivery_reports/Gold_Stocks.xls,2026-09-17T09:12:29.586896,daily,B,confirmed
2026-05-27,comex_inventory,844.0,ton,手动维护-COMEX,https://www.cmegroup.com/delivery_reports/Gold_Stocks.xls,2026-09-17T09:12:29.586896,daily,B,confirmed
2026-05-28,comex_inventory,844.5,ton,手动维护-COMEX,https://www.cmegroup.com/delivery_reports/Gold_Stocks.xls,2026-09-17T09:12:29.586896,daily,B,confirmed
2026-05-29,comex_inventory,839.0,ton,手动维护-COMEX,https://www.cmegroup.com/delivery_reports/Gold_Stocks.xls,2026-09-17T09:12:29.586896,daily,B,confirmed
2026-05-30,comex_inventory,835.5,ton,手动维护-COMEX,https://www.cmegroup.com/delivery_reports/Gold_Stocks.xls,2026-09-17T09:12:29.586896,daily,B,confirmed
2026-05-31,comex_inventory,837.0,ton,手动维护-COMEX,https://www.cmegroup.com/delivery_reports/Gold_Stocks.xls,2026-09-17T09:12:29.586896,daily,B,confirmed
2026-06-01,comex_inventory,844.5,ton,手动维护-COMEX,https://www.cmegroup.com/delivery_reports/Gold_Stocks.xls,2026-09-17T09:12:29.586896,daily,B,confirmed
2026-06-02,comex_inventory,847.0,ton,手动维护-COMEX,https://www.cmegroup.com/delivery_reports/Gold_Stocks.xls,2026-09-17T09:12:29.586896,daily,B,confirmed
2026-06-03,comex_inventory,843.5,ton,手动维护-COMEX,https://www.cmegroup.com/delivery_reports/Gold_Stocks.xls,2026-09-17T09:12:29.586896,daily,B,confirmed
2026-06-04,comex_inventory,838.0,ton,手动维护-COMEX,https://www.cmegroup.com/delivery_reports/Gold_Stocks.xls,2026-09-17T09:12:29.586896,daily,B,confirmed
2026-06-05,comex_inventory,843.0,ton,手动维护-COMEX,https://www.cmegroup.com/delivery_reports/Gold_Stocks.xls,2026-09-17T09:12:29.586896,daily,B,confirmed
2026-06-06,comex_inventory,844.0,ton,手动维护-COMEX,https://www.cmegroup.com/delivery_reports/Gold_Stocks.xls,2026-09-17T09:12:29.586896,daily,B,confirmed
2026-06-07,comex_inventory,839.0,ton,手动维护-COMEX,https://www.cmegroup.com/delivery_reports/Gold_Stocks.xls,2026-09-17T09:12:29.587897,daily,B,confirmed
2026-06-08,comex_inventory,846.0,ton,手动维护-COMEX,https://www.cmegroup.com/delivery_reports/Gold_Stocks.xls,2026-09-17T09:12:29.587897,daily,B,confirmed
2026-06-09,comex_inventory,834.0,ton,手动维护-COMEX,https://www.cmegroup.com/delivery_reports/Gold_Stocks.xls,2026-09-17T09:12:29.587897,daily,B,confirmed
2026-06-10,comex_inventory,845.0,ton,手动维护-COMEX,https://www.cmegroup.com/delivery_reports/Gold_Stocks.xls,2026-09-17T09:12:29.587897,daily,B,confirmed
2026-06-11,comex_inventory,832.0,ton,手动维护-COMEX,https://www.cmegroup.com/delivery_reports/Gold_Stocks.xls,2026-09-17T09:12:29.587897,daily,B,confirmed
2026-06-12,comex_inventory,835.0,ton,手动维护-COMEX,https://www.cmegroup.com/delivery_reports/Gold_Stocks.xls,2026-09-17T09:12:29.587897,daily,B,confirmed
2026-06-13,comex_inventory,833.0,ton,手动维护-COMEX,https://www.cmegroup.com/delivery_reports/Gold_Stocks.xls,2026-09-17T09:12:29.587897,daily,B,confirmed
2026-06-14,comex_inventory,839.0,ton,手动维护-COMEX,https://www.cmegroup.com/delivery_reports/Gold_Stocks.xls,2026-09-17T09:12:29.587897,daily,B,confirmed
2026-06-15,comex_inventory,835.0,ton,手动维护-COMEX,https://www.cmegroup.com/delivery_reports/Gold_Stocks.xls,2026-09-17T09:12:29.587897,daily,B,confirmed
2026-06-16,comex_inventory,833.0,ton,手动维护-COMEX,https://www.cmegroup.com/delivery_reports/Gold_Stocks.xls,2026-09-17T09:12:29.587897,daily,B,confirmed
2026-06-17,comex_inventory,845.0,ton,手动维护-COMEX,https://www.cmegroup.com/delivery_reports/Gold_Stocks.xls,2026-09-17T09:12:29.587897,daily,B,confirmed
2026-06-18,comex_inventory,837.0,ton,手动维护-COMEX,https://www.cmegroup.com/delivery_reports/Gold_Stocks.xls,2026-09-17T09:12:29.587897,daily,B,confirmed
2026-06-19,comex_inventory,837.0,ton,手动维护-COMEX,https://www.cmegroup.com/delivery_reports/Gold_Stocks.xls,2026-09-17T09:12:29.588895,daily,B,confirmed
2026-06-20,comex_inventory,841.0,ton,手动维护-COMEX,https://www.cmegroup.com/delivery_reports/Gold_Stocks.xls,2026-09-17T09:12:29.588895,daily,B,confirmed
2026-06-21,comex_inventory,835.0,ton,手动维护-COMEX,https://www.cmegroup.com/delivery_reports/Gold_Stocks.xls,2026-09-17T09:12:29.588895,daily,B,confirmed
2026-06-22,comex_inventory,837.0,ton,手动维护-COMEX,https://www.cmegroup.com/delivery_reports/Gold_Stocks.xls,2026-09-17T09:12:29.588895,daily,B,confirmed
2026-06-23,comex_inventory,844.0,ton,手动维护-COMEX,https://www.cmegroup.com/delivery_reports/Gold_Stocks.xls,2026-09-17T09:12:29.588895,daily,B,confirmed
2026-06-24,comex_inventory,846.0,ton,手动维护-COMEX,https://www.cmegroup.com/delivery_reports/Gold_Stocks.xls,2026-09-17T09:12:29.588895,daily,B,confirmed
2026-06-25,comex_inventory,833.0,ton,手动维护-COMEX,https://www.cmegroup.com/delivery_reports/Gold_Stocks.xls,2026-09-17T09:12:29.588895,daily,B,confirmed
2026-06-26,comex_inventory,841.0,ton,手动维护-COMEX,https://www.cmegroup.com/delivery_reports/Gold_Stocks.xls,2026-09-17T09:12:29.588895,daily,B,confirmed
2026-06-27,comex_inventory,843.0,ton,手动维护-COMEX,https://www.cmegroup.com/delivery_reports/Gold_Stocks.xls,2026-09-17T09:12:29.588895,daily,B,confirmed
2026-06-28,comex_inventory,833.0,ton,手动维护-COMEX,https://www.cmegroup.com/delivery_reports/Gold_Stocks.xls,2026-09-17T09:12:29.588895,daily,B,confirmed
2026-06-29,comex_inventory,841.0,ton,手动维护-COMEX,https://www.cmegroup.com/delivery_reports/Gold_Stocks.xls,2026-09-17T09:12:29.588895,daily,B,confirmed
2026-06-30,comex_inventory,845.0,ton,手动维护-COMEX,https://www.cmegroup.com/delivery_reports/Gold_Stocks.xls,2026-09-17T09:12:29.588895,daily,B,confirmed
2026-07-01,comex_inventory,835.0,ton,手动维护-COMEX,https://www.cmegroup.com/delivery_reports/Gold_Stocks.xls,2026-09-17T09:12:29.589897,daily,B,confirmed
2026-07-02,comex_inventory,845.0,ton,手动维护-COMEX,https://www.cmegroup.com/delivery_reports/Gold_Stocks.xls,2026-09-17T09:12:29.589897,daily,B,confirmed
2026-07-03,comex_inventory,846.0,ton,手动维护-COMEX,https://www.cmegroup.com/delivery_reports/Gold_Stocks.xls,2026-09-17T09:12:29.589897,daily,B,confirmed
2026-07-04,comex_inventory,847.0,ton,手动维护-COMEX,https://www.cmegroup.com/delivery_reports/Gold_Stocks.xls,2026-09-17T09:12:29.589897,daily,B,confirmed
2026-07-05,comex_inventory,846.0,ton,手动维护-COMEX,https://www.cmegroup.com/delivery_reports/Gold_Stocks.xls,2026-09-17T09:12:29.589897,daily,B,confirmed
2026-07-06,comex_inventory,839.0,ton,手动维护-COMEX,https://www.cmegroup.com/delivery_reports/Gold_Stocks.xls,2026-09-17T09:12:29.589897,daily,B,confirmed
2026-07-07,comex_inventory,845.0,ton,手动维护-COMEX,https://www.cmegroup.com/delivery_reports/Gold_Stocks.xls,2026-09-17T09:12:29.589897,daily,B,confirmed
2026-07-08,comex_inventory,838.0,ton,手动维护-COMEX,https://www.cmegroup.com/delivery_reports/Gold_Stocks.xls,2026-09-17T09:12:29.589897,daily,B,confirmed
2026-07-09,comex_inventory,843.0,ton,手动维护-COMEX,https://www.cmegroup.com/delivery_reports/Gold_Stocks.xls,2026-09-17T09:12:29.589897,daily,B,confirmed
2026-07-10,comex_inventory,840.0,ton,手动维护-COMEX,https://www.cmegroup.com/delivery_reports/Gold_Stocks.xls,2026-09-17T09:12:29.589897,daily,B,confirmed
2026-07-11,comex_inventory,845.0,ton,手动维护-COMEX,https://www.cmegroup.com/delivery_reports/Gold_Stocks.xls,2026-09-17T09:12:29.589897,daily,B,confirmed
2026-07-12,comex_inventory,839.0,ton,手动维护-COMEX,https://www.cmegroup.com/delivery_reports/Gold_Stocks.xls,2026-09-17T09:12:29.589897,daily,B,confirmed
2026-07-13,comex_inventory,836.0,ton,手动维护-COMEX,https://www.cmegroup.com/delivery_reports/Gold_Stocks.xls,2026-09-17T09:12:29.589897,daily,B,confirmed
2026-07-14,comex_inventory,841.35,ton,手动维护-COMEX,https://www.cmegroup.com/delivery_reports/Gold_Stocks.xls,2026-09-17T09:12:29.590895,daily,B,confirmed
2026-07-15,comex_inventory,841.66,ton,手动维护-COMEX,https://www.cmegroup.com/delivery_reports/Gold_Stocks.xls,2026-09-17T09:12:29.590895,daily,B,confirmed
2026-07-16,comex_inventory,841.82,ton,手动维护-COMEX,https://www.cmegroup.com/delivery_reports/Gold_Stocks.xls,2026-09-17T09:12:29.590895,daily,B,confirmed
2026-07-17,comex_inventory,841.99,ton,手动维护-COMEX,https://www.cmegroup.com/delivery_reports/Gold_Stocks.xls,2026-09-17T09:12:29.590895,daily,B,confirmed
2026-07-20,comex_inventory,841.99,ton,手动维护-COMEX,https://www.cmegroup.com/delivery_reports/Gold_Stocks.xls,2026-09-17T09:12:29.590895,daily,B,confirmed
2026-07-21,comex_inventory,841.95,ton,手动维护-COMEX,https://www.cmegroup.com/delivery_reports/Gold_Stocks.xls,2026-09-17T09:12:29.590895,daily,B,confirmed
2026-07-22,comex_inventory,840.04,ton,手动维护-COMEX,https://www.cmegroup.com/delivery_reports/Gold_Stocks.xls,2026-09-17T09:12:29.590895,daily,B,confirmed
2026-07-23,comex_inventory,840.34,ton,手动维护-COMEX,https://www.cmegroup.com/delivery_reports/Gold_Stocks.xls,2026-09-17T09:12:29.590895,daily,B,confirmed
2026-07-24,comex_inventory,840.61,ton,手动维护-COMEX,https://www.cmegroup.com/delivery_reports/Gold_Stocks.xls,2026-09-17T09:12:29.590895,daily,B,confirmed
2026-07-27,comex_inventory,840.61,ton,手动维护-COMEX,https://www.cmegroup.com/delivery_reports/Gold_Stocks.xls,2026-09-17T09:12:29.590895,daily,B,confirmed
2026-07-28,comex_inventory,840.59,ton,手动维护-COMEX,https://www.cmegroup.com/delivery_reports/Gold_Stocks.xls,2026-09-17T09:12:29.590895,daily,B,confirmed
2026-07-29,comex_inventory,840.96,ton,手动维护-COMEX,https://www.cmegroup.com/delivery_reports/Gold_Stocks.xls,2026-09-17T09:12:29.590895,daily,B,confirmed
2026-07-30,comex_inventory,840.96,ton,手动维护-COMEX,https://www.cmegroup.com/delivery_reports/Gold_Stocks.xls,2026-09-17T09:12:29.591897,daily,B,confirmed
2026-07-31,comex_inventory,840.67,ton,手动维护-COMEX,https://www.cmegroup.com/delivery_reports/Gold_Stocks.xls,2026-09-17T09:12:29.591897,daily,B,confirmed
2026-08-03,comex_inventory,840.67,ton,手动维护-COMEX,https://www.cmegroup.com/delivery_reports/Gold_Stocks.xls,2026-09-17T09:12:29.591897,daily,B,confirmed
2026-08-04,comex_inventory,840.67,ton,手动维护-COMEX,https://www.cmegroup.com/delivery_reports/Gold_Stocks.xls,2026-09-17T09:12:29.591897,daily,B,confirmed
2026-08-05,comex_inventory,840.67,ton,手动维护-COMEX,https://www.cmegroup.com/delivery_reports/Gold_Stocks.xls,2026-09-17T09:12:29.591897,daily,B,confirmed
2025-05-26,dxy,98.93,index,Yahoo Finance,https://finance.yahoo.com/quote/DX-Y.NYB,2026-06-30T10:00:50.952226,daily,B,confirmed
2025-05-27,dxy,99.52,index,Yahoo Finance,https://finance.yahoo.com/quote/DX-Y.NYB,2026-07-01T21:05:08.343285,daily,B,confirmed
2025-05-28,dxy,99.88,index,Yahoo Finance,https://finance.yahoo.com/quote/DX-Y.NYB,2026-07-02T02:44:43.693584,daily,B,confirmed
2025-05-29,dxy,99.28,index,Yahoo Finance,https://finance.yahoo.com/quote/DX-Y.NYB,2026-07-03T08:41:00.928154,daily,B,confirmed
2025-05-30,dxy,99.33,index,Yahoo Finance,https://finance.yahoo.com/quote/DX-Y.NYB,2026-07-04T00:04:13.166643,daily,B,confirmed
2025-06-02,dxy,98.7,index,Yahoo Finance,https://finance.yahoo.com/quote/DX-Y.NYB,2026-07-07T00:05:04.553316,daily,B,confirmed
2025-06-03,dxy,99.25,index,Yahoo Finance,https://finance.yahoo.com/quote/DX-Y.NYB,2026-07-08T00:02:20.429387,daily,B,confirmed
2025-06-04,dxy,98.79,index,Yahoo Finance,https://finance.yahoo.com/quote/DX-Y.NYB,2026-07-09T00:04:36.809504,daily,B,confirmed
2025-06-05,dxy,98.74,index,Yahoo Finance,https://finance.yahoo.com/quote/DX-Y.NYB,2026-07-10T00:03:37.852179,daily,B,confirmed
2025-06-06,dxy,99.19,index,Yahoo Finance,https://finance.yahoo.com/quote/DX-Y.NYB,2026-07-11T00:04:57.195111,daily,B,confirmed
2025-06-09,dxy,98.94,index,Yahoo Finance,https://finance.yahoo.com/quote/DX-Y.NYB,2026-07-14T00:02:56.872655,daily,B,confirmed
2025-06-10,dxy,99.05,index,Yahoo Finance,https://finance.yahoo.com/quote/DX-Y.NYB,2026-07-15T00:05:04.612421,daily,B,confirmed
2025-06-11,dxy,98.63,index,Yahoo Finance,https://finance.yahoo.com/quote/DX-Y.NYB,2026-07-16T08:19:09.143603,daily,B,confirmed
2025-06-12,dxy,97.92,index,Yahoo Finance,https://finance.yahoo.com/quote/DX-Y.NYB,2026-07-17T08:35:22.282598,daily,B,confirmed
2025-06-13,dxy,98.18,index,Yahoo Finance,https://finance.yahoo.com/quote/DX-Y.NYB,2026-07-18T00:03:11.973091,daily,B,confirmed
2025-06-16,dxy,98.0,index,Yahoo Finance,https://finance.yahoo.com/quote/DX-Y.NYB,2026-07-21T00:04:24.975875,daily,B,confirmed
2025-06-17,dxy,98.82,index,Yahoo Finance,https://finance.yahoo.com/quote/DX-Y.NYB,2026-07-22T00:04:55.028056,daily,B,confirmed
2025-06-18,dxy,98.91,index,Yahoo Finance,https://finance.yahoo.com/quote/DX-Y.NYB,2026-07-23T00:07:57.590707,daily,B,confirmed
2025-06-20,dxy,98.71,index,Yahoo Finance,https://finance.yahoo.com/quote/DX-Y.NYB,2026-07-25T00:03:04.412254,daily,B,confirmed
2025-06-23,dxy,98.42,index,Yahoo Finance,https://finance.yahoo.com/quote/DX-Y.NYB,2026-07-28T00:03:05.033213,daily,B,confirmed
2025-06-24,dxy,97.86,index,Yahoo Finance,https://finance.yahoo.com/quote/DX-Y.NYB,2026-07-29T00:04:17.690368,daily,B,confirmed
2025-06-25,dxy,97.68,index,Yahoo Finance,https://finance.yahoo.com/quote/DX-Y.NYB,2026-07-30T00:05:49.362148,daily,B,confirmed
2025-06-26,dxy,97.15,index,Yahoo Finance,https://finance.yahoo.com/quote/DX-Y.NYB,2026-07-31T08:47:45.197674,daily,B,confirmed
2025-06-27,dxy,97.4,index,Yahoo Finance,https://finance.yahoo.com/quote/DX-Y.NYB,2026-08-01T00:07:13.209038,daily,B,confirmed
2025-06-30,dxy,96.88,index,Yahoo Finance,https://finance.yahoo.com/quote/DX-Y.NYB,2026-08-04T00:03:10.994635,daily,B,confirmed
2025-07-01,dxy,96.82,index,Yahoo Finance,https://finance.yahoo.com/quote/DX-Y.NYB,2026-08-05T00:04:59.385182,daily,B,confirmed
2025-07-02,dxy,96.78,index,Yahoo Finance,https://finance.yahoo.com/quote/DX-Y.NYB,2026-08-06T08:59:05.869749,daily,B,confirmed
2025-07-03,dxy,97.18,index,Yahoo Finance,https://finance.yahoo.com/quote/DX-Y.NYB,2026-08-07T00:05:40.058911,daily,B,confirmed
2025-07-07,dxy,97.48,index,Yahoo Finance,https://finance.yahoo.com/quote/DX-Y.NYB,2026-08-11T00:07:13.310225,daily,B,confirmed
2025-07-08,dxy,97.51,index,Yahoo Finance,https://finance.yahoo.com/quote/DX-Y.NYB,2026-08-12T00:01:34.716471,daily,B,confirmed
2025-07-09,dxy,97.47,index,Yahoo Finance,https://finance.yahoo.com/quote/DX-Y.NYB,2026-08-13T09:14:29.926797,daily,B,confirmed
2025-07-10,dxy,97.65,index,Yahoo Finance,https://finance.yahoo.com/quote/DX-Y.NYB,2026-08-14T00:03:30.886386,daily,B,confirmed
2025-07-11,dxy,97.85,index,Yahoo Finance,https://finance.yahoo.com/quote/DX-Y.NYB,2026-08-15T00:03:52.342025,daily,B,confirmed
2025-07-14,dxy,98.08,index,Yahoo Finance,https://finance.yahoo.com/quote/DX-Y.NYB,2026-08-18T00:05:14.842789,daily,B,confirmed
2025-07-15,dxy,98.62,index,Yahoo Finance,https://finance.yahoo.com/quote/DX-Y.NYB,2026-08-19T00:06:07.723205,daily,B,confirmed
2025-07-16,dxy,98.39,index,Yahoo Finance,https://finance.yahoo.com/quote/DX-Y.NYB,2026-08-20T08:38:00.625168,daily,B,confirmed
2025-07-17,dxy,98.73,index,Yahoo Finance,https://finance.yahoo.com/quote/DX-Y.NYB,2026-08-21T00:03:48.980327,daily,B,confirmed
2025-07-18,dxy,98.48,index,Yahoo Finance,https://finance.yahoo.com/quote/DX-Y.NYB,2026-08-22T00:05:56.291748,daily,B,confirmed
2025-07-21,dxy,97.85,index,Yahoo Finance,https://finance.yahoo.com/quote/DX-Y.NYB,2026-08-25T08:47:49.714873,daily,B,confirmed
2025-07-22,dxy,97.39,index,Yahoo Finance,https://finance.yahoo.com/quote/DX-Y.NYB,2026-08-25T08:47:49.714873,daily,B,confirmed
2025-07-23,dxy,97.21,index,Yahoo Finance,https://finance.yahoo.com/quote/DX-Y.NYB,2026-08-27T09:48:29.105357,daily,B,confirmed
2025-07-24,dxy,97.38,index,Yahoo Finance,https://finance.yahoo.com/quote/DX-Y.NYB,2026-08-27T09:48:29.105357,daily,B,confirmed
2025-07-25,dxy,97.65,index,Yahoo Finance,https://finance.yahoo.com/quote/DX-Y.NYB,2026-08-27T09:48:29.105357,daily,B,confirmed
2025-07-28,dxy,98.66,index,Yahoo Finance,https://finance.yahoo.com/quote/DX-Y.NYB,2026-08-31T08:35:44.438102,daily,B,confirmed
2025-07-29,dxy,98.91,index,Yahoo Finance,https://finance.yahoo.com/quote/DX-Y.NYB,2026-09-02T09:01:52.508331,daily,B,confirmed
2025-07-30,dxy,99.94,index,Yahoo Finance,https://finance.yahoo.com/quote/DX-Y.NYB,2026-09-02T09:01:52.508331,daily,B,confirmed
2025-07-31,dxy,100.03,index,Yahoo Finance,https://finance.yahoo.com/quote/DX-Y.NYB,2026-09-02T09:01:52.508331,daily,B,confirmed
2025-08-01,dxy,98.69,index,Yahoo Finance,https://finance.yahoo.com/quote/DX-Y.NYB,2026-09-02T09:01:52.508331,daily,B,confirmed
2025-08-04,dxy,98.78,index,Yahoo Finance,https://finance.yahoo.com/quote/DX-Y.NYB,2026-09-08T11:05:03.400895,daily,B,confirmed
2025-08-05,dxy,98.78,index,Yahoo Finance,https://finance.yahoo.com/quote/DX-Y.NYB,2026-09-08T11:05:03.400895,daily,B,confirmed
2025-08-06,dxy,98.18,index,Yahoo Finance,https://finance.yahoo.com/quote/DX-Y.NYB,2026-09-08T11:05:03.400895,daily,B,confirmed
2025-08-07,dxy,98.4,index,Yahoo Finance,https://finance.yahoo.com/quote/DX-Y.NYB,2026-09-08T11:05:03.400895,daily,B,confirmed
2025-08-08,dxy,98.18,index,Yahoo Finance,https://finance.yahoo.com/quote/DX-Y.NYB,2026-09-08T11:05:03.400895,daily,B,confirmed
2025-08-11,dxy,98.52,index,Yahoo Finance,https://finance.yahoo.com/quote/DX-Y.NYB,2026-09-08T11:05:03.400895,daily,B,confirmed
2025-08-12,dxy,98.1,index,Yahoo Finance,https://finance.yahoo.com/quote/DX-Y.NYB,2026-09-08T11:05:03.400895,daily,B,confirmed
2025-08-13,dxy,97.84,index,Yahoo Finance,https://finance.yahoo.com/quote/DX-Y.NYB,2026-09-17T09:12:15.191529,daily,B,confirmed
2025-08-14,dxy,98.25,index,Yahoo Finance,https://finance.yahoo.com/quote/DX-Y.NYB,2026-09-17T09:12:15.191529,daily,B,confirmed
2025-08-15,dxy,97.85,index,Yahoo Finance,https://finance.yahoo.com/quote/DX-Y.NYB,2026-09-17T09:12:15.192529,daily,B,confirmed
2025-08-18,dxy,98.17,index,Yahoo Finance,https://finance.yahoo.com/quote/DX-Y.NYB,2026-09-17T09:12:15.192529,daily,B,confirmed
2025-08-19,dxy,98.27,index,Yahoo Finance,https://finance.yahoo.com/quote/DX-Y.NYB,2026-09-17T09:12:15.192529,daily,B,confirmed
2025-08-20,dxy,98.22,index,Yahoo Finance,https://finance.yahoo.com/quote/DX-Y.NYB,2026-09-17T09:12:15.192529,daily,B,confirmed
2025-08-21,dxy,98.62,index,Yahoo Finance,https://finance.yahoo.com/quote/DX-Y.NYB,2026-09-17T09:12:15.192529,daily,B,confirmed
2025-08-22,dxy,97.72,index,Yahoo Finance,https://finance.yahoo.com/quote/DX-Y.NYB,2026-09-17T09:12:15.192529,daily,B,confirmed
2025-08-25,dxy,98.43,index,Yahoo Finance,https://finance.yahoo.com/quote/DX-Y.NYB,2026-09-17T09:12:15.192529,daily,B,confirmed
2025-08-26,dxy,98.23,index,Yahoo Finance,https://finance.yahoo.com/quote/DX-Y.NYB,2026-09-17T09:12:15.192529,daily,B,confirmed
2025-08-27,dxy,98.23,index,Yahoo Finance,https://finance.yahoo.com/quote/DX-Y.NYB,2026-09-17T09:12:15.192529,daily,B,confirmed
2025-08-28,dxy,97.81,index,Yahoo Finance,https://finance.yahoo.com/quote/DX-Y.NYB,2026-09-17T09:12:15.192529,daily,B,confirmed
2025-08-29,dxy,97.77,index,Yahoo Finance,https://finance.yahoo.com/quote/DX-Y.NYB,2026-09-17T09:12:15.192529,daily,B,confirmed
2025-09-02,dxy,98.4,index,Yahoo Finance,https://finance.yahoo.com/quote/DX-Y.NYB,2026-09-17T09:12:15.192529,daily,B,confirmed
2025-09-03,dxy,98.14,index,Yahoo Finance,https://finance.yahoo.com/quote/DX-Y.NYB,2026-09-17T09:12:15.193528,daily,B,confirmed
2025-09-04,dxy,98.35,index,Yahoo Finance,https://finance.yahoo.com/quote/DX-Y.NYB,2026-09-17T09:12:15.193528,daily,B,confirmed
2025-09-05,dxy,97.77,index,Yahoo Finance,https://finance.yahoo.com/quote/DX-Y.NYB,2026-09-17T09:12:15.193528,daily,B,confirmed
2025-09-08,dxy,97.45,index,Yahoo Finance,https://finance.yahoo.com/quote/DX-Y.NYB,2026-09-17T09:12:15.193528,daily,B,confirmed
2025-09-09,dxy,97.79,index,Yahoo Finance,https://finance.yahoo.com/quote/DX-Y.NYB,2026-09-17T09:12:15.193528,daily,B,confirmed
2025-09-10,dxy,97.78,index,Yahoo Finance,https://finance.yahoo.com/quote/DX-Y.NYB,2026-09-17T09:12:15.193528,daily,B,confirmed
2025-09-11,dxy,97.54,index,Yahoo Finance,https://finance.yahoo.com/quote/DX-Y.NYB,2026-09-17T09:12:15.193528,daily,B,confirmed
2025-09-12,dxy,97.55,index,Yahoo Finance,https://finance.yahoo.com/quote/DX-Y.NYB,2026-09-17T09:12:15.193528,daily,B,confirmed
2025-09-15,dxy,97.3,index,Yahoo Finance,https://finance.yahoo.com/quote/DX-Y.NYB,2026-09-17T09:12:15.193528,daily,B,confirmed
2025-09-16,dxy,96.63,index,Yahoo Finance,https://finance.yahoo.com/quote/DX-Y.NYB,2026-09-17T09:12:15.193528,daily,B,confirmed
2025-09-17,dxy,96.87,index,Yahoo Finance,https://finance.yahoo.com/quote/DX-Y.NYB,2026-09-17T09:12:15.193528,daily,B,confirmed
2025-09-18,dxy,97.35,index,Yahoo Finance,https://finance.yahoo.com/quote/DX-Y.NYB,2026-09-17T09:12:15.193528,daily,B,confirmed
2025-09-19,dxy,97.64,index,Yahoo Finance,https://finance.yahoo.com/quote/DX-Y.NYB,2026-09-17T09:12:15.193528,daily,B,confirmed
2025-09-22,dxy,97.33,index,Yahoo Finance,https://finance.yahoo.com/quote/DX-Y.NYB,2026-09-17T09:12:15.194528,daily,B,confirmed
2025-09-23,dxy,97.26,index,Yahoo Finance,https://finance.yahoo.com/quote/DX-Y.NYB,2026-09-17T09:12:15.194528,daily,B,confirmed
2025-09-24,dxy,97.87,index,Yahoo Finance,https://finance.yahoo.com/quote/DX-Y.NYB,2026-09-17T09:12:15.194528,daily,B,confirmed
2025-09-25,dxy,98.55,index,Yahoo Finance,https://finance.yahoo.com/quote/DX-Y.NYB,2026-09-17T09:12:15.194528,daily,B,confirmed
2025-09-26,dxy,98.15,index,Yahoo Finance,https://finance.yahoo.com/quote/DX-Y.NYB,2026-09-17T09:12:15.194528,daily,B,confirmed
2025-09-29,dxy,97.91,index,Yahoo Finance,https://finance.yahoo.com/quote/DX-Y.NYB,2026-09-17T09:12:15.194528,daily,B,confirmed
2025-09-30,dxy,97.77,index,Yahoo Finance,https://finance.yahoo.com/quote/DX-Y.NYB,2026-09-17T09:12:15.194528,daily,B,confirmed
2025-10-01,dxy,97.71,index,Yahoo Finance,https://finance.yahoo.com/quote/DX-Y.NYB,2026-09-17T09:12:15.194528,daily,B,confirmed
2025-10-02,dxy,97.85,index,Yahoo Finance,https://finance.yahoo.com/quote/DX-Y.NYB,2026-09-17T09:12:15.194528,daily,B,confirmed
2025-10-03,dxy,97.72,index,Yahoo Finance,https://finance.yahoo.com/quote/DX-Y.NYB,2026-09-17T09:12:15.194528,daily,B,confirmed
2025-10-06,dxy,98.11,index,Yahoo Finance,https://finance.yahoo.com/quote/DX-Y.NYB,2026-09-17T09:12:15.194528,daily,B,confirmed
2025-10-07,dxy,98.58,index,Yahoo Finance,https://finance.yahoo.com/quote/DX-Y.NYB,2026-09-17T09:12:15.194528,daily,B,confirmed
2025-10-08,dxy,98.85,index,Yahoo Finance,https://finance.yahoo.com/quote/DX-Y.NYB,2026-09-17T09:12:15.195528,daily,B,confirmed
2025-10-09,dxy,99.54,index,Yahoo Finance,https://finance.yahoo.com/quote/DX-Y.NYB,2026-09-17T09:12:15.195528,daily,B,confirmed
2025-10-10,dxy,98.98,index,Yahoo Finance,https://finance.yahoo.com/quote/DX-Y.NYB,2026-09-17T09:12:15.195528,daily,B,confirmed
2025-10-13,dxy,99.27,index,Yahoo Finance,https://finance.yahoo.com/quote/DX-Y.NYB,2026-09-17T09:12:15.195528,daily,B,confirmed
2025-10-14,dxy,99.05,index,Yahoo Finance,https://finance.yahoo.com/quote/DX-Y.NYB,2026-09-17T09:12:15.195528,daily,B,confirmed
2025-10-15,dxy,98.79,index,Yahoo Finance,https://finance.yahoo.com/quote/DX-Y.NYB,2026-09-17T09:12:15.195528,daily,B,confirmed
2025-10-16,dxy,98.39,index,Yahoo Finance,https://finance.yahoo.com/quote/DX-Y.NYB,2026-09-17T09:12:15.195528,daily,B,confirmed
2025-10-17,dxy,98.43,index,Yahoo Finance,https://finance.yahoo.com/quote/DX-Y.NYB,2026-09-17T09:12:15.195528,daily,B,confirmed
2025-10-20,dxy,98.59,index,Yahoo Finance,https://finance.yahoo.com/quote/DX-Y.NYB,2026-09-17T09:12:15.195528,daily,B,confirmed
2025-10-21,dxy,98.93,index,Yahoo Finance,https://finance.yahoo.com/quote/DX-Y.NYB,2026-09-17T09:12:15.195528,daily,B,confirmed
2025-10-22,dxy,98.9,index,Yahoo Finance,https://finance.yahoo.com/quote/DX-Y.NYB,2026-09-17T09:12:15.195528,daily,B,confirmed
2025-10-23,dxy,98.94,index,Yahoo Finance,https://finance.yahoo.com/quote/DX-Y.NYB,2026-09-17T09:12:15.195528,daily,B,confirmed
2025-10-24,dxy,98.95,index,Yahoo Finance,https://finance.yahoo.com/quote/DX-Y.NYB,2026-09-17T09:12:15.195528,daily,B,confirmed
2025-10-27,dxy,98.78,index,Yahoo Finance,https://finance.yahoo.com/quote/DX-Y.NYB,2026-09-17T09:12:15.196529,daily,B,confirmed
2025-10-28,dxy,98.69,index,Yahoo Finance,https://finance.yahoo.com/quote/DX-Y.NYB,2026-09-17T09:12:15.196529,daily,B,confirmed
2025-10-29,dxy,99.22,index,Yahoo Finance,https://finance.yahoo.com/quote/DX-Y.NYB,2026-09-17T09:12:15.196529,daily,B,confirmed
2025-10-30,dxy,99.53,index,Yahoo Finance,https://finance.yahoo.com/quote/DX-Y.NYB,2026-09-17T09:12:15.196529,daily,B,confirmed
2025-10-31,dxy,99.8,index,Yahoo Finance,https://finance.yahoo.com/quote/DX-Y.NYB,2026-09-17T09:12:15.196529,daily,B,confirmed
2025-11-03,dxy,99.87,index,Yahoo Finance,https://finance.yahoo.com/quote/DX-Y.NYB,2026-09-17T09:12:15.196529,daily,B,confirmed
2025-11-04,dxy,100.22,index,Yahoo Finance,https://finance.yahoo.com/quote/DX-Y.NYB,2026-09-17T09:12:15.196529,daily,B,confirmed
2025-11-05,dxy,100.2,index,Yahoo Finance,https://finance.yahoo.com/quote/DX-Y.NYB,2026-09-17T09:12:15.196529,daily,B,confirmed
2025-11-06,dxy,99.73,index,Yahoo Finance,https://finance.yahoo.com/quote/DX-Y.NYB,2026-09-17T09:12:15.196529,daily,B,confirmed
2025-11-07,dxy,99.6,index,Yahoo Finance,https://finance.yahoo.com/quote/DX-Y.NYB,2026-09-17T09:12:15.196529,daily,B,confirmed
2025-11-10,dxy,99.62,index,Yahoo Finance,https://finance.yahoo.com/quote/DX-Y.NYB,2026-09-17T09:12:15.196529,daily,B,confirmed
2025-11-11,dxy,99.46,index,Yahoo Finance,https://finance.yahoo.com/quote/DX-Y.NYB,2026-09-17T09:12:15.196529,daily,B,confirmed
2025-11-12,dxy,99.48,index,Yahoo Finance,https://finance.yahoo.com/quote/DX-Y.NYB,2026-09-17T09:12:15.197528,daily,B,confirmed
2025-11-13,dxy,99.18,index,Yahoo Finance,https://finance.yahoo.com/quote/DX-Y.NYB,2026-09-17T09:12:15.197528,daily,B,confirmed
2025-11-14,dxy,99.27,index,Yahoo Finance,https://finance.yahoo.com/quote/DX-Y.NYB,2026-09-17T09:12:15.197528,daily,B,confirmed
2025-11-17,dxy,99.59,index,Yahoo Finance,https://finance.yahoo.com/quote/DX-Y.NYB,2026-09-17T09:12:15.197528,daily,B,confirmed
2025-11-18,dxy,99.55,index,Yahoo Finance,https://finance.yahoo.com/quote/DX-Y.NYB,2026-09-17T09:12:15.197528,daily,B,confirmed
2025-11-19,dxy,100.23,index,Yahoo Finance,https://finance.yahoo.com/quote/DX-Y.NYB,2026-09-17T09:12:15.197528,daily,B,confirmed
2025-11-20,dxy,100.16,index,Yahoo Finance,https://finance.yahoo.com/quote/DX-Y.NYB,2026-09-17T09:12:15.197528,daily,B,confirmed
2025-11-21,dxy,100.18,index,Yahoo Finance,https://finance.yahoo.com/quote/DX-Y.NYB,2026-09-17T09:12:15.197528,daily,B,confirmed
2025-11-24,dxy,100.14,index,Yahoo Finance,https://finance.yahoo.com/quote/DX-Y.NYB,2026-09-17T09:12:15.197528,daily,B,confirmed
2025-11-25,dxy,99.66,index,Yahoo Finance,https://finance.yahoo.com/quote/DX-Y.NYB,2026-09-17T09:12:15.197528,daily,B,confirmed
2025-11-26,dxy,99.6,index,Yahoo Finance,https://finance.yahoo.com/quote/DX-Y.NYB,2026-09-17T09:12:15.197528,daily,B,confirmed
2025-11-28,dxy,99.46,index,Yahoo Finance,https://finance.yahoo.com/quote/DX-Y.NYB,2026-09-17T09:12:15.197528,daily,B,confirmed
2025-12-01,dxy,99.41,index,Yahoo Finance,https://finance.yahoo.com/quote/DX-Y.NYB,2026-09-17T09:12:15.197528,daily,B,confirmed
2025-12-02,dxy,99.36,index,Yahoo Finance,https://finance.yahoo.com/quote/DX-Y.NYB,2026-09-17T09:12:15.198528,daily,B,confirmed
2025-12-03,dxy,98.85,index,Yahoo Finance,https://finance.yahoo.com/quote/DX-Y.NYB,2026-09-17T09:12:15.198528,daily,B,confirmed
2025-12-04,dxy,98.99,index,Yahoo Finance,https://finance.yahoo.com/quote/DX-Y.NYB,2026-09-17T09:12:15.198528,daily,B,confirmed
2025-12-05,dxy,98.99,index,Yahoo Finance,https://finance.yahoo.com/quote/DX-Y.NYB,2026-09-17T09:12:15.198528,daily,B,confirmed
2025-12-08,dxy,99.09,index,Yahoo Finance,https://finance.yahoo.com/quote/DX-Y.NYB,2026-09-17T09:12:15.198528,daily,B,confirmed
2025-12-09,dxy,99.22,index,Yahoo Finance,https://finance.yahoo.com/quote/DX-Y.NYB,2026-09-17T09:12:15.198528,daily,B,confirmed
2025-12-10,dxy,98.79,index,Yahoo Finance,https://finance.yahoo.com/quote/DX-Y.NYB,2026-09-17T09:12:15.198528,daily,B,confirmed
2025-12-11,dxy,98.35,index,Yahoo Finance,https://finance.yahoo.com/quote/DX-Y.NYB,2026-09-17T09:12:15.198528,daily,B,confirmed
2025-12-12,dxy,98.4,index,Yahoo Finance,https://finance.yahoo.com/quote/DX-Y.NYB,2026-09-17T09:12:15.198528,daily,B,confirmed
2025-12-15,dxy,98.15,index,Yahoo Finance,https://finance.yahoo.com/quote/DX-Y.NYB,2026-09-17T09:12:15.198528,daily,B,confirmed
2025-12-16,dxy,98.15,index,Yahoo Finance,https://finance.yahoo.com/quote/DX-Y.NYB,2026-09-17T09:12:15.198528,daily,B,confirmed
2025-12-17,dxy,98.37,index,Yahoo Finance,https://finance.yahoo.com/quote/DX-Y.NYB,2026-09-17T09:12:15.198528,daily,B,confirmed
2025-12-18,dxy,98.43,index,Yahoo Finance,https://finance.yahoo.com/quote/DX-Y.NYB,2026-09-17T09:12:15.199530,daily,B,confirmed
2025-12-19,dxy,98.6,index,Yahoo Finance,https://finance.yahoo.com/quote/DX-Y.NYB,2026-09-17T09:12:15.199530,daily,B,confirmed
2025-12-22,dxy,98.29,index,Yahoo Finance,https://finance.yahoo.com/quote/DX-Y.NYB,2026-09-17T09:12:15.199530,daily,B,confirmed
2025-12-23,dxy,97.94,index,Yahoo Finance,https://finance.yahoo.com/quote/DX-Y.NYB,2026-09-17T09:12:15.199530,daily,B,confirmed
2025-12-24,dxy,97.98,index,Yahoo Finance,https://finance.yahoo.com/quote/DX-Y.NYB,2026-09-17T09:12:15.199530,daily,B,confirmed
2025-12-26,dxy,98.02,index,Yahoo Finance,https://finance.yahoo.com/quote/DX-Y.NYB,2026-09-17T09:12:15.199530,daily,B,confirmed
2025-12-29,dxy,98.04,index,Yahoo Finance,https://finance.yahoo.com/quote/DX-Y.NYB,2026-09-17T09:12:15.200054,daily,B,confirmed
2025-12-30,dxy,98.24,index,Yahoo Finance,https://finance.yahoo.com/quote/DX-Y.NYB,2026-09-17T09:12:15.200054,daily,B,confirmed
2025-12-31,dxy,98.28,index,Yahoo Finance,https://finance.yahoo.com/quote/DX-Y.NYB,2026-09-17T09:12:15.200054,daily,B,confirmed
2026-01-02,dxy,98.42,index,Yahoo Finance,https://finance.yahoo.com/quote/DX-Y.NYB,2026-09-17T09:12:15.200054,daily,B,confirmed
2026-01-05,dxy,98.27,index,Yahoo Finance,https://finance.yahoo.com/quote/DX-Y.NYB,2026-09-17T09:12:15.200054,daily,B,confirmed
2026-01-06,dxy,98.58,index,Yahoo Finance,https://finance.yahoo.com/quote/DX-Y.NYB,2026-09-17T09:12:15.200054,daily,B,confirmed
2026-01-07,dxy,98.68,index,Yahoo Finance,https://finance.yahoo.com/quote/DX-Y.NYB,2026-09-17T09:12:15.200532,daily,B,confirmed
2026-01-08,dxy,98.93,index,Yahoo Finance,https://finance.yahoo.com/quote/DX-Y.NYB,2026-09-17T09:12:15.200532,daily,B,confirmed
2026-01-09,dxy,99.13,index,Yahoo Finance,https://finance.yahoo.com/quote/DX-Y.NYB,2026-09-17T09:12:15.200532,daily,B,confirmed
2026-01-12,dxy,98.86,index,Yahoo Finance,https://finance.yahoo.com/quote/DX-Y.NYB,2026-09-17T09:12:15.200532,daily,B,confirmed
2026-01-13,dxy,99.13,index,Yahoo Finance,https://finance.yahoo.com/quote/DX-Y.NYB,2026-09-17T09:12:15.200532,daily,B,confirmed
2026-01-14,dxy,99.13,index,Yahoo Finance,https://finance.yahoo.com/quote/DX-Y.NYB,2026-09-17T09:12:15.200532,daily,B,confirmed
2026-01-15,dxy,99.32,index,Yahoo Finance,https://finance.yahoo.com/quote/DX-Y.NYB,2026-09-17T09:12:15.200532,daily,B,confirmed
2026-01-16,dxy,99.39,index,Yahoo Finance,https://finance.yahoo.com/quote/DX-Y.NYB,2026-09-17T09:12:15.200532,daily,B,confirmed
2026-01-20,dxy,98.64,index,Yahoo Finance,https://finance.yahoo.com/quote/DX-Y.NYB,2026-09-17T09:12:15.200532,daily,B,confirmed
2026-01-21,dxy,98.76,index,Yahoo Finance,https://finance.yahoo.com/quote/DX-Y.NYB,2026-09-17T09:12:15.200532,daily,B,confirmed
2026-01-22,dxy,98.36,index,Yahoo Finance,https://finance.yahoo.com/quote/DX-Y.NYB,2026-09-17T09:12:15.200532,daily,B,confirmed
2026-01-23,dxy,97.6,index,Yahoo Finance,https://finance.yahoo.com/quote/DX-Y.NYB,2026-09-17T09:12:15.200532,daily,B,confirmed
2026-01-26,dxy,97.04,index,Yahoo Finance,https://finance.yahoo.com/quote/DX-Y.NYB,2026-09-17T09:12:15.201530,daily,B,confirmed
2026-01-27,dxy,96.22,index,Yahoo Finance,https://finance.yahoo.com/quote/DX-Y.NYB,2026-09-17T09:12:15.201530,daily,B,confirmed
2026-01-28,dxy,96.45,index,Yahoo Finance,https://finance.yahoo.com/quote/DX-Y.NYB,2026-09-17T09:12:15.201530,daily,B,confirmed
2026-01-29,dxy,96.28,index,Yahoo Finance,https://finance.yahoo.com/quote/DX-Y.NYB,2026-09-17T09:12:15.201530,daily,B,confirmed
2026-01-30,dxy,96.99,index,Yahoo Finance,https://finance.yahoo.com/quote/DX-Y.NYB,2026-09-17T09:12:15.201530,daily,B,confirmed
2026-02-02,dxy,97.61,index,Yahoo Finance,https://finance.yahoo.com/quote/DX-Y.NYB,2026-09-17T09:12:15.201530,daily,B,confirmed
2026-02-03,dxy,97.44,index,Yahoo Finance,https://finance.yahoo.com/quote/DX-Y.NYB,2026-09-17T09:12:15.201530,daily,B,confirmed
2026-02-04,dxy,97.62,index,Yahoo Finance,https://finance.yahoo.com/quote/DX-Y.NYB,2026-09-17T09:12:15.201530,daily,B,confirmed
2026-02-05,dxy,97.82,index,Yahoo Finance,https://finance.yahoo.com/quote/DX-Y.NYB,2026-09-17T09:12:15.201530,daily,B,confirmed
2026-02-06,dxy,97.63,index,Yahoo Finance,https://finance.yahoo.com/quote/DX-Y.NYB,2026-09-17T09:12:15.201530,daily,B,confirmed
2026-02-09,dxy,96.82,index,Yahoo Finance,https://finance.yahoo.com/quote/DX-Y.NYB,2026-09-17T09:12:15.201530,daily,B,confirmed
2026-02-10,dxy,96.8,index,Yahoo Finance,https://finance.yahoo.com/quote/DX-Y.NYB,2026-09-17T09:12:15.201530,daily,B,confirmed
2026-02-11,dxy,96.83,index,Yahoo Finance,https://finance.yahoo.com/quote/DX-Y.NYB,2026-09-17T09:12:15.201530,daily,B,confirmed
2026-02-12,dxy,96.93,index,Yahoo Finance,https://finance.yahoo.com/quote/DX-Y.NYB,2026-09-17T09:12:15.202529,daily,B,confirmed
2026-02-13,dxy,96.88,index,Yahoo Finance,https://finance.yahoo.com/quote/DX-Y.NYB,2026-09-17T09:12:15.202529,daily,B,confirmed
2026-02-17,dxy,97.16,index,Yahoo Finance,https://finance.yahoo.com/quote/DX-Y.NYB,2026-09-17T09:12:15.202529,daily,B,confirmed
2026-02-18,dxy,97.7,index,Yahoo Finance,https://finance.yahoo.com/quote/DX-Y.NYB,2026-09-17T09:12:15.202529,daily,B,confirmed
2026-02-19,dxy,97.93,index,Yahoo Finance,https://finance.yahoo.com/quote/DX-Y.NYB,2026-09-17T09:12:15.202529,daily,B,confirmed
2026-02-20,dxy,97.8,index,Yahoo Finance,https://finance.yahoo.com/quote/DX-Y.NYB,2026-09-17T09:12:15.202529,daily,B,confirmed
2026-02-23,dxy,97.7,index,Yahoo Finance,https://finance.yahoo.com/quote/DX-Y.NYB,2026-09-17T09:12:15.202529,daily,B,confirmed
2026-02-24,dxy,97.88,index,Yahoo Finance,https://finance.yahoo.com/quote/DX-Y.NYB,2026-09-17T09:12:15.202529,daily,B,confirmed
2026-02-25,dxy,97.7,index,Yahoo Finance,https://finance.yahoo.com/quote/DX-Y.NYB,2026-09-17T09:12:15.202529,daily,B,confirmed
2026-02-26,dxy,97.79,index,Yahoo Finance,https://finance.yahoo.com/quote/DX-Y.NYB,2026-09-17T09:12:15.202529,daily,B,confirmed
2026-02-27,dxy,97.61,index,Yahoo Finance,https://finance.yahoo.com/quote/DX-Y.NYB,2026-09-17T09:12:15.202529,daily,B,confirmed
2026-03-02,dxy,98.38,index,Yahoo Finance,https://finance.yahoo.com/quote/DX-Y.NYB,2026-09-17T09:12:15.202529,daily,B,confirmed
2026-03-03,dxy,99.05,index,Yahoo Finance,https://finance.yahoo.com/quote/DX-Y.NYB,2026-09-17T09:12:15.203528,daily,B,confirmed
2026-03-04,dxy,98.77,index,Yahoo Finance,https://finance.yahoo.com/quote/DX-Y.NYB,2026-09-17T09:12:15.203528,daily,B,confirmed
2026-03-05,dxy,99.32,index,Yahoo Finance,https://finance.yahoo.com/quote/DX-Y.NYB,2026-09-17T09:12:15.203528,daily,B,confirmed
2026-03-06,dxy,98.99,index,Yahoo Finance,https://finance.yahoo.com/quote/DX-Y.NYB,2026-09-17T09:12:15.203528,daily,B,confirmed
2026-03-09,dxy,99.18,index,Yahoo Finance,https://finance.yahoo.com/quote/DX-Y.NYB,2026-09-17T09:12:15.203528,daily,B,confirmed
2026-03-10,dxy,98.83,index,Yahoo Finance,https://finance.yahoo.com/quote/DX-Y.NYB,2026-09-17T09:12:15.203528,daily,B,confirmed
2026-03-11,dxy,99.23,index,Yahoo Finance,https://finance.yahoo.com/quote/DX-Y.NYB,2026-09-17T09:12:15.203528,daily,B,confirmed
2026-03-12,dxy,99.74,index,Yahoo Finance,https://finance.yahoo.com/quote/DX-Y.NYB,2026-09-17T09:12:15.203528,daily,B,confirmed
2026-03-13,dxy,100.36,index,Yahoo Finance,https://finance.yahoo.com/quote/DX-Y.NYB,2026-09-17T09:12:15.203528,daily,B,confirmed
2026-03-16,dxy,99.71,index,Yahoo Finance,https://finance.yahoo.com/quote/DX-Y.NYB,2026-09-17T09:12:15.203528,daily,B,confirmed
2026-03-17,dxy,99.58,index,Yahoo Finance,https://finance.yahoo.com/quote/DX-Y.NYB,2026-09-17T09:12:15.203528,daily,B,confirmed
2026-03-18,dxy,100.09,index,Yahoo Finance,https://finance.yahoo.com/quote/DX-Y.NYB,2026-09-17T09:12:15.203528,daily,B,confirmed
2026-03-19,dxy,99.23,index,Yahoo Finance,https://finance.yahoo.com/quote/DX-Y.NYB,2026-09-17T09:12:15.204532,daily,B,confirmed
2026-03-20,dxy,99.65,index,Yahoo Finance,https://finance.yahoo.com/quote/DX-Y.NYB,2026-09-17T09:12:15.204532,daily,B,confirmed
2026-03-23,dxy,98.95,index,Yahoo Finance,https://finance.yahoo.com/quote/DX-Y.NYB,2026-09-17T09:12:15.204532,daily,B,confirmed
2026-03-24,dxy,99.43,index,Yahoo Finance,https://finance.yahoo.com/quote/DX-Y.NYB,2026-09-17T09:12:15.204532,daily,B,confirmed
2026-03-25,dxy,99.6,index,Yahoo Finance,https://finance.yahoo.com/quote/DX-Y.NYB,2026-09-17T09:12:15.204532,daily,B,confirmed
2026-03-26,dxy,99.9,index,Yahoo Finance,https://finance.yahoo.com/quote/DX-Y.NYB,2026-09-17T09:12:15.204532,daily,B,confirmed
2026-03-27,dxy,100.15,index,Yahoo Finance,https://finance.yahoo.com/quote/DX-Y.NYB,2026-09-17T09:12:15.204532,daily,B,confirmed
2026-03-30,dxy,100.51,index,Yahoo Finance,https://finance.yahoo.com/quote/DX-Y.NYB,2026-09-17T09:12:15.204532,daily,B,confirmed
2026-03-31,dxy,99.96,index,Yahoo Finance,https://finance.yahoo.com/quote/DX-Y.NYB,2026-09-17T09:12:15.204532,daily,B,confirmed
2026-04-01,dxy,99.65,index,Yahoo Finance,https://finance.yahoo.com/quote/DX-Y.NYB,2026-09-17T09:12:15.204532,daily,B,confirmed
2026-04-02,dxy,100.03,index,Yahoo Finance,https://finance.yahoo.com/quote/DX-Y.NYB,2026-09-17T09:12:15.204532,daily,B,confirmed
2026-04-06,dxy,99.98,index,Yahoo Finance,https://finance.yahoo.com/quote/DX-Y.NYB,2026-09-17T09:12:15.204532,daily,B,confirmed
2026-04-07,dxy,99.64,index,Yahoo Finance,https://finance.yahoo.com/quote/DX-Y.NYB,2026-09-17T09:12:15.205529,daily,B,confirmed
2026-04-08,dxy,99.13,index,Yahoo Finance,https://finance.yahoo.com/quote/DX-Y.NYB,2026-09-17T09:12:15.205529,daily,B,confirmed
2026-04-09,dxy,98.82,index,Yahoo Finance,https://finance.yahoo.com/quote/DX-Y.NYB,2026-09-17T09:12:15.205529,daily,B,confirmed
2026-04-10,dxy,98.65,index,Yahoo Finance,https://finance.yahoo.com/quote/DX-Y.NYB,2026-09-17T09:12:15.205529,daily,B,confirmed
2026-04-13,dxy,98.37,index,Yahoo Finance,https://finance.yahoo.com/quote/DX-Y.NYB,2026-09-17T09:12:15.205529,daily,B,confirmed
2026-04-14,dxy,98.12,index,Yahoo Finance,https://finance.yahoo.com/quote/DX-Y.NYB,2026-09-17T09:12:15.205529,daily,B,confirmed
2026-04-15,dxy,98.06,index,Yahoo Finance,https://finance.yahoo.com/quote/DX-Y.NYB,2026-09-17T09:12:15.205529,daily,B,confirmed
2026-04-16,dxy,98.22,index,Yahoo Finance,https://finance.yahoo.com/quote/DX-Y.NYB,2026-09-17T09:12:15.205529,daily,B,confirmed
2026-04-17,dxy,98.1,index,Yahoo Finance,https://finance.yahoo.com/quote/DX-Y.NYB,2026-09-17T09:12:15.205529,daily,B,confirmed
2026-04-20,dxy,98.05,index,Yahoo Finance,https://finance.yahoo.com/quote/DX-Y.NYB,2026-09-17T09:12:15.205529,daily,B,confirmed
2026-04-21,dxy,98.41,index,Yahoo Finance,https://finance.yahoo.com/quote/DX-Y.NYB,2026-09-17T09:12:15.205529,daily,B,confirmed
2026-04-22,dxy,98.59,index,Yahoo Finance,https://finance.yahoo.com/quote/DX-Y.NYB,2026-09-17T09:12:15.205529,daily,B,confirmed
2026-04-23,dxy,98.8,index,Yahoo Finance,https://finance.yahoo.com/quote/DX-Y.NYB,2026-09-17T09:12:15.205529,daily,B,confirmed
2026-04-24,dxy,98.51,index,Yahoo Finance,https://finance.yahoo.com/quote/DX-Y.NYB,2026-09-17T09:12:15.206531,daily,B,confirmed
2026-04-27,dxy,98.48,index,Yahoo Finance,https://finance.yahoo.com/quote/DX-Y.NYB,2026-09-17T09:12:15.206531,daily,B,confirmed
2026-04-28,dxy,98.62,index,Yahoo Finance,https://finance.yahoo.com/quote/DX-Y.NYB,2026-09-17T09:12:15.206531,daily,B,confirmed
2026-04-29,dxy,98.92,index,Yahoo Finance,https://finance.yahoo.com/quote/DX-Y.NYB,2026-09-17T09:12:15.206531,daily,B,confirmed
2026-04-30,dxy,98.08,index,Yahoo Finance,https://finance.yahoo.com/quote/DX-Y.NYB,2026-09-17T09:12:15.206531,daily,B,confirmed
2026-05-01,dxy,98.21,index,Yahoo Finance,https://finance.yahoo.com/quote/DX-Y.NYB,2026-09-17T09:12:15.206531,daily,B,confirmed
2026-05-04,dxy,98.47,index,Yahoo Finance,https://finance.yahoo.com/quote/DX-Y.NYB,2026-09-17T09:12:15.206531,daily,B,confirmed
2026-05-05,dxy,98.48,index,Yahoo Finance,https://finance.yahoo.com/quote/DX-Y.NYB,2026-09-17T09:12:15.206531,daily,B,confirmed
2026-05-06,dxy,98.02,index,Yahoo Finance,https://finance.yahoo.com/quote/DX-Y.NYB,2026-09-17T09:12:15.206531,daily,B,confirmed
2026-05-07,dxy,98.25,index,Yahoo Finance,https://finance.yahoo.com/quote/DX-Y.NYB,2026-09-17T09:12:15.206531,daily,B,confirmed
2026-05-08,dxy,97.84,index,Yahoo Finance,https://finance.yahoo.com/quote/DX-Y.NYB,2026-09-17T09:12:15.206531,daily,B,confirmed
2026-05-11,dxy,97.94,index,Yahoo Finance,https://finance.yahoo.com/quote/DX-Y.NYB,2026-09-17T09:12:15.206531,daily,B,confirmed
2026-05-12,dxy,98.29,index,Yahoo Finance,https://finance.yahoo.com/quote/DX-Y.NYB,2026-09-17T09:12:15.207528,daily,B,confirmed
2026-05-13,dxy,98.48,index,Yahoo Finance,https://finance.yahoo.com/quote/DX-Y.NYB,2026-09-17T09:12:15.207528,daily,B,confirmed
2026-05-14,dxy,98.88,index,Yahoo Finance,https://finance.yahoo.com/quote/DX-Y.NYB,2026-09-17T09:12:15.207528,daily,B,confirmed
2026-05-15,dxy,99.27,index,Yahoo Finance,https://finance.yahoo.com/quote/DX-Y.NYB,2026-09-17T09:12:15.207528,daily,B,confirmed
2026-05-18,dxy,98.97,index,Yahoo Finance,https://finance.yahoo.com/quote/DX-Y.NYB,2026-09-17T09:12:15.207528,daily,B,confirmed
2026-05-19,dxy,99.3,index,Yahoo Finance,https://finance.yahoo.com/quote/DX-Y.NYB,2026-09-17T09:12:15.207528,daily,B,confirmed
2026-05-20,dxy,99.11,index,Yahoo Finance,https://finance.yahoo.com/quote/DX-Y.NYB,2026-09-17T09:12:15.207528,daily,B,confirmed
2026-05-21,dxy,99.19,index,Yahoo Finance,https://finance.yahoo.com/quote/DX-Y.NYB,2026-09-17T09:12:15.207528,daily,B,confirmed
2026-05-22,dxy,99.32,index,Yahoo Finance,https://finance.yahoo.com/quote/DX-Y.NYB,2026-09-17T09:12:15.207528,daily,B,confirmed
2026-05-26,dxy,99.17,index,Yahoo Finance,https://finance.yahoo.com/quote/DX-Y.NYB,2026-09-17T09:12:15.207528,daily,B,confirmed
2026-05-27,dxy,99.21,index,Yahoo Finance,https://finance.yahoo.com/quote/DX-Y.NYB,2026-09-17T09:12:15.207528,daily,B,confirmed
2026-05-28,dxy,99.02,index,Yahoo Finance,https://finance.yahoo.com/quote/DX-Y.NYB,2026-09-17T09:12:15.207528,daily,B,confirmed
2026-05-29,dxy,98.91,index,Yahoo Finance,https://finance.yahoo.com/quote/DX-Y.NYB,2026-09-17T09:12:15.207528,daily,B,confirmed
2026-06-01,dxy,99.2,index,Yahoo Finance,https://finance.yahoo.com/quote/DX-Y.NYB,2026-09-17T09:12:15.208528,daily,B,confirmed
2026-06-02,dxy,99.22,index,Yahoo Finance,https://finance.yahoo.com/quote/DX-Y.NYB,2026-09-17T09:12:15.208528,daily,B,confirmed
2026-06-03,dxy,99.53,index,Yahoo Finance,https://finance.yahoo.com/quote/DX-Y.NYB,2026-09-17T09:12:15.208528,daily,B,confirmed
2026-06-04,dxy,99.41,index,Yahoo Finance,https://finance.yahoo.com/quote/DX-Y.NYB,2026-09-17T09:12:15.208528,daily,B,confirmed
2026-06-05,dxy,100.07,index,Yahoo Finance,https://finance.yahoo.com/quote/DX-Y.NYB,2026-09-17T09:12:15.208528,daily,B,confirmed
2026-06-08,dxy,100.05,index,Yahoo Finance,https://finance.yahoo.com/quote/DX-Y.NYB,2026-09-17T09:12:15.208528,daily,B,confirmed
2026-06-09,dxy,99.91,index,Yahoo Finance,https://finance.yahoo.com/quote/DX-Y.NYB,2026-09-17T09:12:15.208528,daily,B,confirmed
2026-06-10,dxy,99.95,index,Yahoo Finance,https://finance.yahoo.com/quote/DX-Y.NYB,2026-09-17T09:12:15.208528,daily,B,confirmed
2026-06-11,dxy,99.86,index,Yahoo Finance,https://finance.yahoo.com/quote/DX-Y.NYB,2026-09-17T09:12:15.208528,daily,B,confirmed
2026-06-12,dxy,99.75,index,Yahoo Finance,https://finance.yahoo.com/quote/DX-Y.NYB,2026-09-17T09:12:15.208528,daily,B,confirmed
2026-06-15,dxy,99.63,index,Yahoo Finance,https://finance.yahoo.com/quote/DX-Y.NYB,2026-09-17T09:12:15.208528,daily,B,confirmed
2026-06-16,dxy,99.54,index,Yahoo Finance,https://finance.yahoo.com/quote/DX-Y.NYB,2026-09-17T09:12:15.208528,daily,B,confirmed
2026-06-17,dxy,100.09,index,Yahoo Finance,https://finance.yahoo.com/quote/DX-Y.NYB,2026-09-17T09:12:15.209529,daily,B,confirmed
2026-06-18,dxy,100.85,index,Yahoo Finance,https://finance.yahoo.com/quote/DX-Y.NYB,2026-09-17T09:12:15.209529,daily,B,confirmed
2026-06-22,dxy,101.02,index,Yahoo Finance,https://finance.yahoo.com/quote/DX-Y.NYB,2026-09-17T09:12:15.209529,daily,B,confirmed
2026-06-23,dxy,101.41,index,Yahoo Finance,https://finance.yahoo.com/quote/DX-Y.NYB,2026-09-17T09:12:15.209529,daily,B,confirmed
2026-06-24,dxy,101.61,index,Yahoo Finance,https://finance.yahoo.com/quote/DX-Y.NYB,2026-09-17T09:12:15.209529,daily,B,confirmed
2026-06-25,dxy,101.43,index,Yahoo Finance,https://finance.yahoo.com/quote/DX-Y.NYB,2026-09-17T09:12:15.209529,daily,B,confirmed
2026-06-26,dxy,101.36,index,Yahoo Finance,https://finance.yahoo.com/quote/DX-Y.NYB,2026-09-17T09:12:15.209529,daily,B,confirmed
2026-06-29,dxy,101.11,index,Yahoo Finance,https://finance.yahoo.com/quote/DX-Y.NYB,2026-09-17T09:12:15.209529,daily,B,confirmed
2026-06-30,dxy,101.19,index,Yahoo Finance,https://finance.yahoo.com/quote/DX-Y.NYB,2026-09-17T09:12:15.209529,daily,B,confirmed
2026-07-01,dxy,101.39,index,Yahoo Finance,https://finance.yahoo.com/quote/DX-Y.NYB,2026-09-17T09:12:15.209529,daily,B,confirmed
2026-07-02,dxy,100.86,index,Yahoo Finance,https://finance.yahoo.com/quote/DX-Y.NYB,2026-09-17T09:12:15.209529,daily,B,confirmed
2026-07-03,dxy,100.857,index,Yahoo Finance,https://finance.yahoo.com/quote/DX-Y.NYB,2026-07-05T00:03:38.164911,daily,B,confirmed
2026-07-05,dxy,100.886,index,Yahoo Finance,https://finance.yahoo.com/quote/DX-Y.NYB,2026-07-06T00:03:30.449487,daily,B,confirmed
2026-07-06,dxy,100.85,index,Yahoo Finance,https://finance.yahoo.com/quote/DX-Y.NYB,2026-09-17T09:12:15.209529,daily,B,confirmed
2026-07-07,dxy,101.14,index,Yahoo Finance,https://finance.yahoo.com/quote/DX-Y.NYB,2026-09-17T09:12:15.209529,daily,B,confirmed
2026-07-08,dxy,101.05,index,Yahoo Finance,https://finance.yahoo.com/quote/DX-Y.NYB,2026-09-17T09:12:15.210528,daily,B,confirmed
2026-07-09,dxy,100.94,index,Yahoo Finance,https://finance.yahoo.com/quote/DX-Y.NYB,2026-09-17T09:12:15.210528,daily,B,confirmed
2026-07-10,dxy,100.97,index,Yahoo Finance,https://finance.yahoo.com/quote/DX-Y.NYB,2026-09-17T09:12:15.210528,daily,B,confirmed
2026-07-12,dxy,101.137,index,Yahoo Finance,https://finance.yahoo.com/quote/DX-Y.NYB,2026-07-13T10:06:43.848180,daily,B,confirmed
2026-07-13,dxy,101.28,index,Yahoo Finance,https://finance.yahoo.com/quote/DX-Y.NYB,2026-09-17T09:12:15.210528,daily,B,confirmed
2026-07-14,dxy,100.94,index,Yahoo Finance,https://finance.yahoo.com/quote/DX-Y.NYB,2026-09-17T09:12:15.210528,daily,B,confirmed
2026-07-15,dxy,100.5,index,Yahoo Finance,https://finance.yahoo.com/quote/DX-Y.NYB,2026-09-17T09:12:15.210528,daily,B,confirmed
2026-07-16,dxy,100.73,index,Yahoo Finance,https://finance.yahoo.com/quote/DX-Y.NYB,2026-09-17T09:12:15.210528,daily,B,confirmed
2026-07-17,dxy,100.75,index,Yahoo Finance,https://finance.yahoo.com/quote/DX-Y.NYB,2026-09-17T09:12:15.210528,daily,B,confirmed
2026-07-19,dxy,100.849,index,Yahoo Finance,https://finance.yahoo.com/quote/DX-Y.NYB,2026-07-20T00:06:10.666759,daily,B,confirmed
2026-07-20,dxy,100.99,index,Yahoo Finance,https://finance.yahoo.com/quote/DX-Y.NYB,2026-09-17T09:12:15.210528,daily,B,confirmed
2026-07-21,dxy,101.18,index,Yahoo Finance,https://finance.yahoo.com/quote/DX-Y.NYB,2026-09-17T09:12:15.210528,daily,B,confirmed
2026-07-22,dxy,101.14,index,Yahoo Finance,https://finance.yahoo.com/quote/DX-Y.NYB,2026-09-17T09:12:15.210528,daily,B,confirmed
2026-07-23,dxy,101.43,index,Yahoo Finance,https://finance.yahoo.com/quote/DX-Y.NYB,2026-09-17T09:12:15.210528,daily,B,confirmed
2026-07-24,dxy,101.47,index,Yahoo Finance,https://finance.yahoo.com/quote/DX-Y.NYB,2026-09-17T09:12:15.211528,daily,B,confirmed
2026-07-26,dxy,101.284,index,Yahoo Finance,https://finance.yahoo.com/quote/DX-Y.NYB,2026-07-27T00:06:23.264837,daily,B,confirmed
2026-07-27,dxy,101.51,index,Yahoo Finance,https://finance.yahoo.com/quote/DX-Y.NYB,2026-09-17T09:12:15.211528,daily,B,confirmed
2026-07-28,dxy,101.38,index,Yahoo Finance,https://finance.yahoo.com/quote/DX-Y.NYB,2026-09-17T09:12:15.211528,daily,B,confirmed
2026-07-29,dxy,100.8,index,Yahoo Finance,https://finance.yahoo.com/quote/DX-Y.NYB,2026-09-17T09:12:15.211528,daily,B,confirmed
2026-07-30,dxy,100.01,index,Yahoo Finance,https://finance.yahoo.com/quote/DX-Y.NYB,2026-09-17T09:12:15.211528,daily,B,confirmed
2026-07-31,dxy,99.8,index,Yahoo Finance,https://finance.yahoo.com/quote/DX-Y.NYB,2026-09-17T09:12:15.211528,daily,B,confirmed
2026-08-02,dxy,99.713,index,Yahoo Finance,https://finance.yahoo.com/quote/DX-Y.NYB,2026-08-03T00:07:19.179911,daily,B,confirmed
2026-08-03,dxy,99.96,index,Yahoo Finance,https://finance.yahoo.com/quote/DX-Y.NYB,2026-09-17T09:12:15.211528,daily,B,confirmed
2026-08-04,dxy,99.89,index,Yahoo Finance,https://finance.yahoo.com/quote/DX-Y.NYB,2026-09-17T09:12:15.211528,daily,B,confirmed
2026-08-05,dxy,99.69,index,Yahoo Finance,https://finance.yahoo.com/quote/DX-Y.NYB,2026-09-17T09:12:15.211528,daily,B,confirmed
2026-08-06,dxy,99.97,index,Yahoo Finance,https://finance.yahoo.com/quote/DX-Y.NYB,2026-09-17T09:12:15.211528,daily,B,confirmed
2026-08-07,dxy,99.6,index,Yahoo Finance,https://finance.yahoo.com/quote/DX-Y.NYB,2026-09-17T09:12:15.211528,daily,B,confirmed
2026-08-09,dxy,99.65,index,Yahoo Finance,https://finance.yahoo.com/quote/DX-Y.NYB,2026-08-10T08:55:40.548382,daily,B,confirmed
2026-08-10,dxy,99.81,index,Yahoo Finance,https://finance.yahoo.com/quote/DX-Y.NYB,2026-09-17T09:12:15.211528,daily,B,confirmed
2026-08-11,dxy,99.82,index,Yahoo Finance,https://finance.yahoo.com/quote/DX-Y.NYB,2026-09-17T09:12:15.211528,daily,B,confirmed
2026-08-12,dxy,100.01,index,Yahoo Finance,https://finance.yahoo.com/quote/DX-Y.NYB,2026-09-17T09:12:15.212528,daily,B,confirmed
2026-08-13,dxy,99.96,index,Yahoo Finance,https://finance.yahoo.com/quote/DX-Y.NYB,2026-09-17T09:12:15.212528,daily,B,confirmed
2026-08-14,dxy,99.67,index,Yahoo Finance,https://finance.yahoo.com/quote/DX-Y.NYB,2026-09-17T09:12:15.212528,daily,B,confirmed
2026-08-16,dxy,99.6,index,Yahoo Finance,https://finance.yahoo.com/quote/DX-Y.NYB,2026-08-17T00:06:08.512484,daily,B,confirmed
2026-08-17,dxy,99.64,index,Yahoo Finance,https://finance.yahoo.com/quote/DX-Y.NYB,2026-09-17T09:12:15.212528,daily,B,confirmed
2026-08-18,dxy,99.65,index,Yahoo Finance,https://finance.yahoo.com/quote/DX-Y.NYB,2026-09-17T09:12:15.212528,daily,B,confirmed
2026-08-19,dxy,98.83,index,Yahoo Finance,https://finance.yahoo.com/quote/DX-Y.NYB,2026-09-17T09:12:15.212528,daily,B,confirmed
2026-08-20,dxy,98.9,index,Yahoo Finance,https://finance.yahoo.com/quote/DX-Y.NYB,2026-09-17T09:12:15.212528,daily,B,confirmed
2026-08-21,dxy,98.8,index,Yahoo Finance,https://finance.yahoo.com/quote/DX-Y.NYB,2026-09-17T09:12:15.212528,daily,B,confirmed
2026-08-23,dxy,98.791,index,Yahoo Finance,https://finance.yahoo.com/quote/DX-Y.NYB,2026-08-24T08:48:52.101922,daily,B,confirmed
2026-08-24,dxy,99.0,index,Yahoo Finance,https://finance.yahoo.com/quote/DX-Y.NYB,2026-09-17T09:12:15.212528,daily,B,confirmed
2026-08-25,dxy,98.92,index,Yahoo Finance,https://finance.yahoo.com/quote/DX-Y.NYB,2026-09-17T09:12:15.212528,daily,B,confirmed
2026-08-26,dxy,99.17,index,Yahoo Finance,https://finance.yahoo.com/quote/DX-Y.NYB,2026-09-17T09:12:15.212528,daily,B,confirmed
2026-08-27,dxy,99.16,index,Yahoo Finance,https://finance.yahoo.com/quote/DX-Y.NYB,2026-09-17T09:12:15.212528,daily,B,confirmed
2026-08-28,dxy,99.7,index,Yahoo Finance,https://finance.yahoo.com/quote/DX-Y.NYB,2026-09-17T09:12:15.213528,daily,B,confirmed
2026-08-30,dxy,99.642,index,Yahoo Finance,https://finance.yahoo.com/quote/DX-Y.NYB,2026-08-31T08:35:44.460224,daily,B,confirmed
2026-08-31,dxy,99.43,index,Yahoo Finance,https://finance.yahoo.com/quote/DX-Y.NYB,2026-09-17T09:12:15.213528,daily,B,confirmed
2026-09-01,dxy,99.67,index,Yahoo Finance,https://finance.yahoo.com/quote/DX-Y.NYB,2026-09-17T09:12:15.213528,daily,B,confirmed
2026-09-02,dxy,99.56,index,Yahoo Finance,https://finance.yahoo.com/quote/DX-Y.NYB,2026-09-17T09:12:15.213528,daily,B,confirmed
2026-09-03,dxy,99.0,index,Yahoo Finance,https://finance.yahoo.com/quote/DX-Y.NYB,2026-09-17T09:12:15.213528,daily,B,confirmed
2026-09-04,dxy,99.16,index,Yahoo Finance,https://finance.yahoo.com/quote/DX-Y.NYB,2026-09-17T09:12:15.213528,daily,B,confirmed
2026-09-06,dxy,99.168,index,Yahoo Finance,https://finance.yahoo.com/quote/DX-Y.NYB,2026-09-08T11:05:03.424896,daily,B,confirmed
2026-09-07,dxy,99.176,index,Yahoo Finance,https://finance.yahoo.com/quote/DX-Y.NYB,2026-09-08T11:05:03.424896,daily,B,confirmed
2026-09-08,dxy,98.84,index,Yahoo Finance,https://finance.yahoo.com/quote/DX-Y.NYB,2026-09-17T09:12:15.213528,daily,B,confirmed
2026-09-09,dxy,98.77,index,Yahoo Finance,https://finance.yahoo.com/quote/DX-Y.NYB,2026-09-17T09:12:15.213528,daily,B,confirmed
2026-09-10,dxy,99.09,index,Yahoo Finance,https://finance.yahoo.com/quote/DX-Y.NYB,2026-09-17T09:12:15.213528,daily,B,confirmed
2026-09-11,dxy,99.12,index,Yahoo Finance,https://finance.yahoo.com/quote/DX-Y.NYB,2026-09-17T09:12:15.213528,daily,B,confirmed
2026-09-14,dxy,99.46,index,Yahoo Finance,https://finance.yahoo.com/quote/DX-Y.NYB,2026-09-17T09:12:15.213528,daily,B,confirmed
2026-09-15,dxy,99.65,index,Yahoo Finance,https://finance.yahoo.com/quote/DX-Y.NYB,2026-09-17T09:12:15.213528,daily,B,confirmed
2026-09-16,dxy,100.34,index,Yahoo Finance,https://finance.yahoo.com/quote/DX-Y.NYB,2026-09-17T09:12:15.214528,daily,B,confirmed
2025-06-01,global_manufacturing_pmi,49.7,index,derived,,2026-06-30T08:37:50.635219,monthly,C,confirmed
2025-07-01,global_manufacturing_pmi,49.3,index,derived,,2026-06-30T08:37:50.635729,monthly,C,confirmed
2025-08-01,global_manufacturing_pmi,49.4,index,derived,,2026-06-30T08:37:50.635729,monthly,C,confirmed
2025-09-01,global_manufacturing_pmi,49.8,index,derived,,2026-06-30T08:37:50.635729,monthly,C,confirmed
2025-10-01,global_manufacturing_pmi,49.0,index,derived,,2026-06-30T08:37:50.635729,monthly,C,confirmed
2025-11-01,global_manufacturing_pmi,49.2,index,derived,,2026-06-30T08:37:50.635729,monthly,C,confirmed
2025-12-01,global_manufacturing_pmi,50.1,index,derived,,2026-06-30T08:37:50.635729,monthly,C,confirmed
2026-01-01,global_manufacturing_pmi,49.3,index,derived,,2026-06-30T08:37:50.635729,monthly,C,confirmed
2026-02-01,global_manufacturing_pmi,49.0,index,derived,,2026-06-30T08:37:50.635757,monthly,C,confirmed
2026-03-01,global_manufacturing_pmi,50.4,index,derived,,2026-06-30T08:37:50.635757,monthly,C,confirmed
2026-04-01,global_manufacturing_pmi,50.3,index,derived,,2026-06-30T08:37:50.635757,monthly,C,confirmed
2026-05-01,global_manufacturing_pmi,50.0,index,derived,,2026-06-30T08:37:50.635757,monthly,C,confirmed
2023-05-01,korea_exports_yoy,-13.7287,pct,FRED,https://fred.stlouisfed.org/series/XTEXVA01KRM667S,2026-06-30T08:37:46.513472,monthly,B,confirmed
2023-06-01,korea_exports_yoy,-8.0316,pct,FRED,https://fred.stlouisfed.org/series/XTEXVA01KRM667S,2026-06-30T08:37:46.513472,monthly,B,confirmed
2023-07-01,korea_exports_yoy,-14.3229,pct,FRED,https://fred.stlouisfed.org/series/XTEXVA01KRM667S,2026-06-30T08:37:46.513472,monthly,B,confirmed
2023-08-01,korea_exports_yoy,-9.7536,pct,FRED,https://fred.stlouisfed.org/series/XTEXVA01KRM667S,2026-06-30T08:37:46.513472,monthly,B,confirmed
2023-09-01,korea_exports_yoy,-3.8221,pct,FRED,https://fred.stlouisfed.org/series/XTEXVA01KRM667S,2026-06-30T08:37:46.513982,monthly,B,confirmed
2023-10-01,korea_exports_yoy,4.6599,pct,FRED,https://fred.stlouisfed.org/series/XTEXVA01KRM667S,2026-06-30T08:37:46.513982,monthly,B,confirmed
2023-11-01,korea_exports_yoy,6.9869,pct,FRED,https://fred.stlouisfed.org/series/XTEXVA01KRM667S,2026-06-30T08:37:46.513982,monthly,B,confirmed
2023-12-01,korea_exports_yoy,5.6036,pct,FRED,https://fred.stlouisfed.org/series/XTEXVA01KRM667S,2026-06-30T08:37:46.513982,monthly,B,confirmed
2024-01-01,korea_exports_yoy,16.8579,pct,FRED,https://fred.stlouisfed.org/series/XTEXVA01KRM667S,2026-06-30T08:37:46.513982,monthly,B,confirmed
2024-02-01,korea_exports_yoy,5.1364,pct,FRED,https://fred.stlouisfed.org/series/XTEXVA01KRM667S,2026-06-30T08:37:46.513982,monthly,B,confirmed
2024-03-01,korea_exports_yoy,2.6275,pct,FRED,https://fred.stlouisfed.org/series/XTEXVA01KRM667S,2026-06-30T08:37:46.513982,monthly,B,confirmed
2024-04-01,korea_exports_yoy,14.1598,pct,FRED,https://fred.stlouisfed.org/series/XTEXVA01KRM667S,2026-06-30T08:37:46.513982,monthly,B,confirmed
2024-05-01,korea_exports_yoy,10.8621,pct,FRED,https://fred.stlouisfed.org/series/XTEXVA01KRM667S,2026-06-30T08:37:46.513982,monthly,B,confirmed
2024-06-01,korea_exports_yoy,6.2383,pct,FRED,https://fred.stlouisfed.org/series/XTEXVA01KRM667S,2026-06-30T08:37:46.513982,monthly,B,confirmed
2024-07-01,korea_exports_yoy,13.4761,pct,FRED,https://fred.stlouisfed.org/series/XTEXVA01KRM667S,2026-06-30T08:37:46.513982,monthly,B,confirmed
2024-08-01,korea_exports_yoy,10.7318,pct,FRED,https://fred.stlouisfed.org/series/XTEXVA01KRM667S,2026-06-30T08:37:46.513982,monthly,B,confirmed
2024-09-01,korea_exports_yoy,7.2924,pct,FRED,https://fred.stlouisfed.org/series/XTEXVA01KRM667S,2026-06-30T08:37:46.514993,monthly,B,confirmed
2024-10-01,korea_exports_yoy,3.6778,pct,FRED,https://fred.stlouisfed.org/series/XTEXVA01KRM667S,2026-06-30T08:37:46.514993,monthly,B,confirmed
2024-11-01,korea_exports_yoy,3.0168,pct,FRED,https://fred.stlouisfed.org/series/XTEXVA01KRM667S,2026-06-30T08:37:46.514993,monthly,B,confirmed
2024-12-01,korea_exports_yoy,3.9963,pct,FRED,https://fred.stlouisfed.org/series/XTEXVA01KRM667S,2026-06-30T08:37:46.514993,monthly,B,confirmed
2025-01-01,korea_exports_yoy,-7.9279,pct,FRED,https://fred.stlouisfed.org/series/XTEXVA01KRM667S,2026-06-30T08:37:46.514993,monthly,B,confirmed
2025-02-01,korea_exports_yoy,-1.284,pct,FRED,https://fred.stlouisfed.org/series/XTEXVA01KRM667S,2026-06-30T08:37:46.514993,monthly,B,confirmed
2025-03-01,korea_exports_yoy,4.2524,pct,FRED,https://fred.stlouisfed.org/series/XTEXVA01KRM667S,2026-06-30T08:37:46.514993,monthly,B,confirmed
2025-04-01,korea_exports_yoy,2.4122,pct,FRED,https://fred.stlouisfed.org/series/XTEXVA01KRM667S,2026-06-30T08:37:46.514993,monthly,B,confirmed
2025-05-01,korea_exports_yoy,-0.7033,pct,FRED,https://fred.stlouisfed.org/series/XTEXVA01KRM667S,2026-06-30T08:37:46.514993,monthly,B,confirmed
2025-06-01,korea_exports_yoy,4.4383,pct,FRED,https://fred.stlouisfed.org/series/XTEXVA01KRM667S,2026-06-30T08:37:46.514993,monthly,B,confirmed
2025-07-01,korea_exports_yoy,4.8994,pct,FRED,https://fred.stlouisfed.org/series/XTEXVA01KRM667S,2026-06-30T08:37:46.514993,monthly,B,confirmed
2025-08-01,korea_exports_yoy,2.3809,pct,FRED,https://fred.stlouisfed.org/series/XTEXVA01KRM667S,2026-06-30T08:37:46.514993,monthly,B,confirmed
2025-09-01,korea_exports_yoy,10.5162,pct,FRED,https://fred.stlouisfed.org/series/XTEXVA01KRM667S,2026-06-30T08:37:46.514993,monthly,B,confirmed
2025-10-01,korea_exports_yoy,5.2605,pct,FRED,https://fred.stlouisfed.org/series/XTEXVA01KRM667S,2026-06-30T08:37:46.515991,monthly,B,confirmed
2025-11-01,korea_exports_yoy,6.5676,pct,FRED,https://fred.stlouisfed.org/series/XTEXVA01KRM667S,2026-06-30T08:37:46.515991,monthly,B,confirmed
2025-12-01,korea_exports_yoy,14.3945,pct,FRED,https://fred.stlouisfed.org/series/XTEXVA01KRM667S,2026-06-30T08:37:46.515991,monthly,B,confirmed
2026-01-01,korea_exports_yoy,32.3036,pct,FRED,https://fred.stlouisfed.org/series/XTEXVA01KRM667S,2026-06-30T08:37:46.515991,monthly,B,confirmed
2026-02-01,korea_exports_yoy,30.696,pct,FRED,https://fred.stlouisfed.org/series/XTEXVA01KRM667S,2026-06-30T08:37:46.515991,monthly,B,confirmed
2026-03-01,korea_exports_yoy,48.8649,pct,FRED,https://fred.stlouisfed.org/series/XTEXVA01KRM667S,2026-06-30T08:37:46.515991,monthly,B,confirmed
2026-04-01,korea_exports_yoy,48.8037,pct,FRED,https://fred.stlouisfed.org/series/XTEXVA01KRM667S,2026-06-30T08:37:46.515991,monthly,B,confirmed
2025-05-27,lme_gold_price,3299.1001,USD/oz,Yahoo Finance,https://finance.yahoo.com/quote/GC=F,2026-07-01T21:05:06.622591,daily,B,confirmed
2025-05-28,lme_gold_price,3293.6001,USD/oz,Yahoo Finance,https://finance.yahoo.com/quote/GC=F,2026-07-02T02:44:42.972495,daily,B,confirmed
2025-05-29,lme_gold_price,3317.1001,USD/oz,Yahoo Finance,https://finance.yahoo.com/quote/GC=F,2026-07-03T08:41:00.594130,daily,B,confirmed
2025-05-30,lme_gold_price,3288.8999,USD/oz,Yahoo Finance,https://finance.yahoo.com/quote/GC=F,2026-07-04T00:04:11.820438,daily,B,confirmed
2025-06-02,lme_gold_price,3370.6001,USD/oz,Yahoo Finance,https://finance.yahoo.com/quote/GC=F,2026-07-07T00:05:03.970310,daily,B,confirmed
2025-06-03,lme_gold_price,3350.2,USD/oz,Yahoo Finance,https://finance.yahoo.com/quote/GC=F,2026-07-08T00:02:19.680733,daily,B,confirmed
2025-06-04,lme_gold_price,3373.5,USD/oz,Yahoo Finance,https://finance.yahoo.com/quote/GC=F,2026-07-09T00:04:35.652912,daily,B,confirmed
2025-06-05,lme_gold_price,3350.7,USD/oz,Yahoo Finance,https://finance.yahoo.com/quote/GC=F,2026-07-10T00:03:37.087560,daily,B,confirmed
2025-06-06,lme_gold_price,3322.7,USD/oz,Yahoo Finance,https://finance.yahoo.com/quote/GC=F,2026-07-11T00:04:56.795805,daily,B,confirmed
2025-06-09,lme_gold_price,3332.1001,USD/oz,Yahoo Finance,https://finance.yahoo.com/quote/GC=F,2026-07-14T00:02:56.065397,daily,B,confirmed
2025-06-10,lme_gold_price,3320.8999,USD/oz,Yahoo Finance,https://finance.yahoo.com/quote/GC=F,2026-07-15T00:05:04.201347,daily,B,confirmed
2025-06-11,lme_gold_price,3321.3,USD/oz,Yahoo Finance,https://finance.yahoo.com/quote/GC=F,2026-07-16T08:19:08.967993,daily,B,confirmed
2025-06-12,lme_gold_price,3380.8999,USD/oz,Yahoo Finance,https://finance.yahoo.com/quote/GC=F,2026-07-17T08:35:22.108189,daily,B,confirmed
2025-06-13,lme_gold_price,3431.2,USD/oz,Yahoo Finance,https://finance.yahoo.com/quote/GC=F,2026-07-18T00:03:10.813083,daily,B,confirmed
2025-06-16,lme_gold_price,3396.3999,USD/oz,Yahoo Finance,https://finance.yahoo.com/quote/GC=F,2026-07-21T00:04:24.615610,daily,B,confirmed
2025-06-17,lme_gold_price,3386.6001,USD/oz,Yahoo Finance,https://finance.yahoo.com/quote/GC=F,2026-07-22T00:04:54.597662,daily,B,confirmed
2025-06-18,lme_gold_price,3389.8,USD/oz,Yahoo Finance,https://finance.yahoo.com/quote/GC=F,2026-07-23T00:07:57.148536,daily,B,confirmed
2025-06-20,lme_gold_price,3368.1001,USD/oz,Yahoo Finance,https://finance.yahoo.com/quote/GC=F,2026-07-25T00:03:04.335668,daily,B,confirmed
2025-06-23,lme_gold_price,3377.7,USD/oz,Yahoo Finance,https://finance.yahoo.com/quote/GC=F,2026-07-28T00:03:04.493799,daily,B,confirmed
2025-06-24,lme_gold_price,3317.3999,USD/oz,Yahoo Finance,https://finance.yahoo.com/quote/GC=F,2026-07-29T00:04:17.227831,daily,B,confirmed
2025-06-25,lme_gold_price,3327.1001,USD/oz,Yahoo Finance,https://finance.yahoo.com/quote/GC=F,2026-07-30T00:05:48.762630,daily,B,confirmed
2025-06-26,lme_gold_price,3333.5,USD/oz,Yahoo Finance,https://finance.yahoo.com/quote/GC=F,2026-07-31T08:47:44.681528,daily,B,confirmed
2025-06-27,lme_gold_price,3273.7,USD/oz,Yahoo Finance,https://finance.yahoo.com/quote/GC=F,2026-08-01T00:07:12.479747,daily,B,confirmed
2025-06-30,lme_gold_price,3294.3999,USD/oz,Yahoo Finance,https://finance.yahoo.com/quote/GC=F,2026-08-04T00:03:10.461313,daily,B,confirmed
2025-07-01,lme_gold_price,3336.7,USD/oz,Yahoo Finance,https://finance.yahoo.com/quote/GC=F,2026-08-05T00:04:58.621462,daily,B,confirmed
2025-07-02,lme_gold_price,3348.0,USD/oz,Yahoo Finance,https://finance.yahoo.com/quote/GC=F,2026-08-06T08:59:05.527365,daily,B,confirmed
2025-07-03,lme_gold_price,3331.6001,USD/oz,Yahoo Finance,https://finance.yahoo.com/quote/GC=F,2026-08-07T00:05:39.338348,daily,B,confirmed
2025-07-04,lme_gold_price,3332.5,USD/oz,Yahoo Finance,https://finance.yahoo.com/quote/GC=F,2026-08-08T00:05:16.409950,daily,B,confirmed
2025-07-07,lme_gold_price,3332.2,USD/oz,Yahoo Finance,https://finance.yahoo.com/quote/GC=F,2026-08-11T00:07:12.856859,daily,B,confirmed
2025-07-08,lme_gold_price,3307.0,USD/oz,Yahoo Finance,https://finance.yahoo.com/quote/GC=F,2026-08-12T00:01:34.036704,daily,B,confirmed
2025-07-09,lme_gold_price,3311.6001,USD/oz,Yahoo Finance,https://finance.yahoo.com/quote/GC=F,2026-08-13T09:14:29.494919,daily,B,confirmed
2025-07-10,lme_gold_price,3317.3999,USD/oz,Yahoo Finance,https://finance.yahoo.com/quote/GC=F,2026-08-14T00:03:30.361346,daily,B,confirmed
2025-07-11,lme_gold_price,3356.0,USD/oz,Yahoo Finance,https://finance.yahoo.com/quote/GC=F,2026-08-15T00:03:51.546721,daily,B,confirmed
2025-07-14,lme_gold_price,3351.5,USD/oz,Yahoo Finance,https://finance.yahoo.com/quote/GC=F,2026-08-18T00:05:14.112712,daily,B,confirmed
2025-07-15,lme_gold_price,3329.8,USD/oz,Yahoo Finance,https://finance.yahoo.com/quote/GC=F,2026-08-19T00:06:07.649880,daily,B,confirmed
2025-07-16,lme_gold_price,3352.5,USD/oz,Yahoo Finance,https://finance.yahoo.com/quote/GC=F,2026-08-20T08:38:00.467724,daily,B,confirmed
2025-07-17,lme_gold_price,3340.1001,USD/oz,Yahoo Finance,https://finance.yahoo.com/quote/GC=F,2026-08-21T00:03:48.423291,daily,B,confirmed
2025-07-18,lme_gold_price,3353.0,USD/oz,Yahoo Finance,https://finance.yahoo.com/quote/GC=F,2026-08-22T00:05:55.899108,daily,B,confirmed
2025-07-21,lme_gold_price,3401.8999,USD/oz,Yahoo Finance,https://finance.yahoo.com/quote/GC=F,2026-08-25T08:47:49.546584,daily,B,confirmed
2025-07-22,lme_gold_price,3439.2,USD/oz,Yahoo Finance,https://finance.yahoo.com/quote/GC=F,2026-08-25T08:47:49.546584,daily,B,confirmed
2025-07-23,lme_gold_price,3394.1001,USD/oz,Yahoo Finance,https://finance.yahoo.com/quote/GC=F,2026-08-27T09:05:56.327547,daily,B,confirmed
2025-07-24,lme_gold_price,3371.0,USD/oz,Yahoo Finance,https://finance.yahoo.com/quote/GC=F,2026-08-27T09:05:56.327547,daily,B,confirmed
2025-07-25,lme_gold_price,3334.0,USD/oz,Yahoo Finance,https://finance.yahoo.com/quote/GC=F,2026-08-27T09:05:56.327547,daily,B,confirmed
2025-07-28,lme_gold_price,3309.1001,USD/oz,Yahoo Finance,https://finance.yahoo.com/quote/GC=F,2026-08-31T08:35:44.048396,daily,B,confirmed
2025-07-29,lme_gold_price,3323.3999,USD/oz,Yahoo Finance,https://finance.yahoo.com/quote/GC=F,2026-09-02T09:01:52.184304,daily,B,confirmed
2025-07-30,lme_gold_price,3295.8,USD/oz,Yahoo Finance,https://finance.yahoo.com/quote/GC=F,2026-09-02T09:01:52.184304,daily,B,confirmed
2025-07-31,lme_gold_price,3293.2,USD/oz,Yahoo Finance,https://finance.yahoo.com/quote/GC=F,2026-09-02T09:01:52.184304,daily,B,confirmed
2025-08-01,lme_gold_price,3347.7,USD/oz,Yahoo Finance,https://finance.yahoo.com/quote/GC=F,2026-09-02T09:01:52.184304,daily,B,confirmed
2025-08-04,lme_gold_price,3374.3999,USD/oz,Yahoo Finance,https://finance.yahoo.com/quote/GC=F,2026-09-08T11:05:03.062815,daily,B,confirmed
2025-08-05,lme_gold_price,3381.8999,USD/oz,Yahoo Finance,https://finance.yahoo.com/quote/GC=F,2026-09-08T11:05:03.062815,daily,B,confirmed
2025-08-06,lme_gold_price,3380.0,USD/oz,Yahoo Finance,https://finance.yahoo.com/quote/GC=F,2026-09-08T11:05:03.062815,daily,B,confirmed
2025-08-07,lme_gold_price,3400.3,USD/oz,Yahoo Finance,https://finance.yahoo.com/quote/GC=F,2026-09-08T11:05:03.062815,daily,B,confirmed
2025-08-08,lme_gold_price,3439.1001,USD/oz,Yahoo Finance,https://finance.yahoo.com/quote/GC=F,2026-09-08T11:05:03.062815,daily,B,confirmed
2025-08-11,lme_gold_price,3353.1001,USD/oz,Yahoo Finance,https://finance.yahoo.com/quote/GC=F,2026-09-08T11:05:03.062815,daily,B,confirmed
2025-08-12,lme_gold_price,3348.8999,USD/oz,Yahoo Finance,https://finance.yahoo.com/quote/GC=F,2026-09-08T11:05:03.062815,daily,B,confirmed
2025-08-13,lme_gold_price,3408.3,USD/oz,Yahoo Finance,https://finance.yahoo.com/quote/GC=F,2026-09-17T09:12:13.412232,daily,B,confirmed
2025-08-14,lme_gold_price,3383.2,USD/oz,Yahoo Finance,https://finance.yahoo.com/quote/GC=F,2026-09-17T09:12:13.412232,daily,B,confirmed
2025-08-15,lme_gold_price,3382.6001,USD/oz,Yahoo Finance,https://finance.yahoo.com/quote/GC=F,2026-09-17T09:12:13.412232,daily,B,confirmed
2025-08-18,lme_gold_price,3378.0,USD/oz,Yahoo Finance,https://finance.yahoo.com/quote/GC=F,2026-09-17T09:12:13.412232,daily,B,confirmed
2025-08-19,lme_gold_price,3358.7,USD/oz,Yahoo Finance,https://finance.yahoo.com/quote/GC=F,2026-09-17T09:12:13.412232,daily,B,confirmed
2025-08-20,lme_gold_price,3388.5,USD/oz,Yahoo Finance,https://finance.yahoo.com/quote/GC=F,2026-09-17T09:12:13.412232,daily,B,confirmed
2025-08-21,lme_gold_price,3381.6001,USD/oz,Yahoo Finance,https://finance.yahoo.com/quote/GC=F,2026-09-17T09:12:13.412232,daily,B,confirmed
2025-08-22,lme_gold_price,3418.5,USD/oz,Yahoo Finance,https://finance.yahoo.com/quote/GC=F,2026-09-17T09:12:13.412232,daily,B,confirmed
2025-08-25,lme_gold_price,3417.5,USD/oz,Yahoo Finance,https://finance.yahoo.com/quote/GC=F,2026-09-17T09:12:13.413230,daily,B,confirmed
2025-08-26,lme_gold_price,3433.0,USD/oz,Yahoo Finance,https://finance.yahoo.com/quote/GC=F,2026-09-17T09:12:13.413230,daily,B,confirmed
2025-08-27,lme_gold_price,3448.6001,USD/oz,Yahoo Finance,https://finance.yahoo.com/quote/GC=F,2026-09-17T09:12:13.413230,daily,B,confirmed
2025-08-28,lme_gold_price,3474.3,USD/oz,Yahoo Finance,https://finance.yahoo.com/quote/GC=F,2026-09-17T09:12:13.413230,daily,B,confirmed
2025-08-29,lme_gold_price,3516.1001,USD/oz,Yahoo Finance,https://finance.yahoo.com/quote/GC=F,2026-09-17T09:12:13.413230,daily,B,confirmed
2025-09-02,lme_gold_price,3592.2,USD/oz,Yahoo Finance,https://finance.yahoo.com/quote/GC=F,2026-09-17T09:12:13.413230,daily,B,confirmed
2025-09-03,lme_gold_price,3635.5,USD/oz,Yahoo Finance,https://finance.yahoo.com/quote/GC=F,2026-09-17T09:12:13.413230,daily,B,confirmed
2025-09-04,lme_gold_price,3606.7,USD/oz,Yahoo Finance,https://finance.yahoo.com/quote/GC=F,2026-09-17T09:12:13.413230,daily,B,confirmed
2025-09-05,lme_gold_price,3653.3,USD/oz,Yahoo Finance,https://finance.yahoo.com/quote/GC=F,2026-09-17T09:12:13.413230,daily,B,confirmed
2025-09-08,lme_gold_price,3677.3999,USD/oz,Yahoo Finance,https://finance.yahoo.com/quote/GC=F,2026-09-17T09:12:13.413230,daily,B,confirmed
2025-09-09,lme_gold_price,3682.2,USD/oz,Yahoo Finance,https://finance.yahoo.com/quote/GC=F,2026-09-17T09:12:13.413230,daily,B,confirmed
2025-09-10,lme_gold_price,3682.0,USD/oz,Yahoo Finance,https://finance.yahoo.com/quote/GC=F,2026-09-17T09:12:13.413230,daily,B,confirmed
2025-09-11,lme_gold_price,3673.6001,USD/oz,Yahoo Finance,https://finance.yahoo.com/quote/GC=F,2026-09-17T09:12:13.414230,daily,B,confirmed
2025-09-12,lme_gold_price,3686.3999,USD/oz,Yahoo Finance,https://finance.yahoo.com/quote/GC=F,2026-09-17T09:12:13.414230,daily,B,confirmed
2025-09-15,lme_gold_price,3719.0,USD/oz,Yahoo Finance,https://finance.yahoo.com/quote/GC=F,2026-09-17T09:12:13.414230,daily,B,confirmed
2025-09-16,lme_gold_price,3725.1001,USD/oz,Yahoo Finance,https://finance.yahoo.com/quote/GC=F,2026-09-17T09:12:13.414230,daily,B,confirmed
2025-09-17,lme_gold_price,3717.8,USD/oz,Yahoo Finance,https://finance.yahoo.com/quote/GC=F,2026-09-17T09:12:13.414230,daily,B,confirmed
2025-09-18,lme_gold_price,3678.3,USD/oz,Yahoo Finance,https://finance.yahoo.com/quote/GC=F,2026-09-17T09:12:13.414230,daily,B,confirmed
2025-09-19,lme_gold_price,3705.8,USD/oz,Yahoo Finance,https://finance.yahoo.com/quote/GC=F,2026-09-17T09:12:13.414230,daily,B,confirmed
2025-09-22,lme_gold_price,3775.1001,USD/oz,Yahoo Finance,https://finance.yahoo.com/quote/GC=F,2026-09-17T09:12:13.414230,daily,B,confirmed
2025-09-23,lme_gold_price,3815.7,USD/oz,Yahoo Finance,https://finance.yahoo.com/quote/GC=F,2026-09-17T09:12:13.414230,daily,B,confirmed
2025-09-24,lme_gold_price,3768.1001,USD/oz,Yahoo Finance,https://finance.yahoo.com/quote/GC=F,2026-09-17T09:12:13.414230,daily,B,confirmed
2025-09-25,lme_gold_price,3771.1001,USD/oz,Yahoo Finance,https://finance.yahoo.com/quote/GC=F,2026-09-17T09:12:13.414230,daily,B,confirmed
2025-09-26,lme_gold_price,3809.0,USD/oz,Yahoo Finance,https://finance.yahoo.com/quote/GC=F,2026-09-17T09:12:13.414230,daily,B,confirmed
2025-09-29,lme_gold_price,3855.2,USD/oz,Yahoo Finance,https://finance.yahoo.com/quote/GC=F,2026-09-17T09:12:13.415230,daily,B,confirmed
2025-09-30,lme_gold_price,3873.2,USD/oz,Yahoo Finance,https://finance.yahoo.com/quote/GC=F,2026-09-17T09:12:13.415230,daily,B,confirmed
2025-10-01,lme_gold_price,3897.5,USD/oz,Yahoo Finance,https://finance.yahoo.com/quote/GC=F,2026-09-17T09:12:13.415230,daily,B,confirmed
2025-10-02,lme_gold_price,3868.1001,USD/oz,Yahoo Finance,https://finance.yahoo.com/quote/GC=F,2026-09-17T09:12:13.415230,daily,B,confirmed
2025-10-03,lme_gold_price,3908.8999,USD/oz,Yahoo Finance,https://finance.yahoo.com/quote/GC=F,2026-09-17T09:12:13.415230,daily,B,confirmed
2025-10-06,lme_gold_price,3976.3,USD/oz,Yahoo Finance,https://finance.yahoo.com/quote/GC=F,2026-09-17T09:12:13.415230,daily,B,confirmed
2025-10-07,lme_gold_price,4004.3999,USD/oz,Yahoo Finance,https://finance.yahoo.com/quote/GC=F,2026-09-17T09:12:13.415230,daily,B,confirmed
2025-10-08,lme_gold_price,4070.5,USD/oz,Yahoo Finance,https://finance.yahoo.com/quote/GC=F,2026-09-17T09:12:13.415230,daily,B,confirmed
2025-10-09,lme_gold_price,3972.6001,USD/oz,Yahoo Finance,https://finance.yahoo.com/quote/GC=F,2026-09-17T09:12:13.415230,daily,B,confirmed
2025-10-10,lme_gold_price,4000.3999,USD/oz,Yahoo Finance,https://finance.yahoo.com/quote/GC=F,2026-09-17T09:12:13.415230,daily,B,confirmed
2025-10-13,lme_gold_price,4133.0,USD/oz,Yahoo Finance,https://finance.yahoo.com/quote/GC=F,2026-09-17T09:12:13.415230,daily,B,confirmed
2025-10-14,lme_gold_price,4163.3999,USD/oz,Yahoo Finance,https://finance.yahoo.com/quote/GC=F,2026-09-17T09:12:13.416236,daily,B,confirmed
2025-10-15,lme_gold_price,4201.6001,USD/oz,Yahoo Finance,https://finance.yahoo.com/quote/GC=F,2026-09-17T09:12:13.416236,daily,B,confirmed
2025-10-16,lme_gold_price,4304.6001,USD/oz,Yahoo Finance,https://finance.yahoo.com/quote/GC=F,2026-09-17T09:12:13.416236,daily,B,confirmed
2025-10-17,lme_gold_price,4213.2998,USD/oz,Yahoo Finance,https://finance.yahoo.com/quote/GC=F,2026-09-17T09:12:13.416236,daily,B,confirmed
2025-10-20,lme_gold_price,4359.3999,USD/oz,Yahoo Finance,https://finance.yahoo.com/quote/GC=F,2026-09-17T09:12:13.416236,daily,B,confirmed
2025-10-21,lme_gold_price,4109.1001,USD/oz,Yahoo Finance,https://finance.yahoo.com/quote/GC=F,2026-09-17T09:12:13.416236,daily,B,confirmed
2025-10-22,lme_gold_price,4065.3999,USD/oz,Yahoo Finance,https://finance.yahoo.com/quote/GC=F,2026-09-17T09:12:13.416236,daily,B,confirmed
2025-10-23,lme_gold_price,4145.6001,USD/oz,Yahoo Finance,https://finance.yahoo.com/quote/GC=F,2026-09-17T09:12:13.416236,daily,B,confirmed
2025-10-24,lme_gold_price,4137.7998,USD/oz,Yahoo Finance,https://finance.yahoo.com/quote/GC=F,2026-09-17T09:12:13.416236,daily,B,confirmed
2025-10-27,lme_gold_price,4019.7,USD/oz,Yahoo Finance,https://finance.yahoo.com/quote/GC=F,2026-09-17T09:12:13.417051,daily,B,confirmed
2025-10-28,lme_gold_price,3983.1001,USD/oz,Yahoo Finance,https://finance.yahoo.com/quote/GC=F,2026-09-17T09:12:13.417051,daily,B,confirmed
2025-10-29,lme_gold_price,4000.7,USD/oz,Yahoo Finance,https://finance.yahoo.com/quote/GC=F,2026-09-17T09:12:13.417233,daily,B,confirmed
2025-10-30,lme_gold_price,4015.8999,USD/oz,Yahoo Finance,https://finance.yahoo.com/quote/GC=F,2026-09-17T09:12:13.417233,daily,B,confirmed
2025-10-31,lme_gold_price,3996.5,USD/oz,Yahoo Finance,https://finance.yahoo.com/quote/GC=F,2026-09-17T09:12:13.417233,daily,B,confirmed
2025-11-03,lme_gold_price,4014.0,USD/oz,Yahoo Finance,https://finance.yahoo.com/quote/GC=F,2026-09-17T09:12:13.417233,daily,B,confirmed
2025-11-04,lme_gold_price,3960.5,USD/oz,Yahoo Finance,https://finance.yahoo.com/quote/GC=F,2026-09-17T09:12:13.417233,daily,B,confirmed
2025-11-05,lme_gold_price,3992.8999,USD/oz,Yahoo Finance,https://finance.yahoo.com/quote/GC=F,2026-09-17T09:12:13.417233,daily,B,confirmed
2025-11-06,lme_gold_price,3991.0,USD/oz,Yahoo Finance,https://finance.yahoo.com/quote/GC=F,2026-09-17T09:12:13.417233,daily,B,confirmed
2025-11-07,lme_gold_price,4009.8,USD/oz,Yahoo Finance,https://finance.yahoo.com/quote/GC=F,2026-09-17T09:12:13.417233,daily,B,confirmed
2025-11-10,lme_gold_price,4122.0,USD/oz,Yahoo Finance,https://finance.yahoo.com/quote/GC=F,2026-09-17T09:12:13.417233,daily,B,confirmed
2025-11-11,lme_gold_price,4116.2998,USD/oz,Yahoo Finance,https://finance.yahoo.com/quote/GC=F,2026-09-17T09:12:13.417233,daily,B,confirmed
2025-11-12,lme_gold_price,4213.6001,USD/oz,Yahoo Finance,https://finance.yahoo.com/quote/GC=F,2026-09-17T09:12:13.417233,daily,B,confirmed
2025-11-13,lme_gold_price,4194.5,USD/oz,Yahoo Finance,https://finance.yahoo.com/quote/GC=F,2026-09-17T09:12:13.417233,daily,B,confirmed
2025-11-14,lme_gold_price,4094.2,USD/oz,Yahoo Finance,https://finance.yahoo.com/quote/GC=F,2026-09-17T09:12:13.418231,daily,B,confirmed
2025-11-17,lme_gold_price,4074.5,USD/oz,Yahoo Finance,https://finance.yahoo.com/quote/GC=F,2026-09-17T09:12:13.418231,daily,B,confirmed
2025-11-18,lme_gold_price,4066.5,USD/oz,Yahoo Finance,https://finance.yahoo.com/quote/GC=F,2026-09-17T09:12:13.418231,daily,B,confirmed
2025-11-19,lme_gold_price,4082.8,USD/oz,Yahoo Finance,https://finance.yahoo.com/quote/GC=F,2026-09-17T09:12:13.418231,daily,B,confirmed
2025-11-20,lme_gold_price,4060.0,USD/oz,Yahoo Finance,https://finance.yahoo.com/quote/GC=F,2026-09-17T09:12:13.418231,daily,B,confirmed
2025-11-21,lme_gold_price,4079.5,USD/oz,Yahoo Finance,https://finance.yahoo.com/quote/GC=F,2026-09-17T09:12:13.418231,daily,B,confirmed
2025-11-24,lme_gold_price,4094.2,USD/oz,Yahoo Finance,https://finance.yahoo.com/quote/GC=F,2026-09-17T09:12:13.418231,daily,B,confirmed
2025-11-25,lme_gold_price,4140.0,USD/oz,Yahoo Finance,https://finance.yahoo.com/quote/GC=F,2026-09-17T09:12:13.418231,daily,B,confirmed
2025-11-26,lme_gold_price,4165.2002,USD/oz,Yahoo Finance,https://finance.yahoo.com/quote/GC=F,2026-09-17T09:12:13.418231,daily,B,confirmed
2025-11-28,lme_gold_price,4254.8999,USD/oz,Yahoo Finance,https://finance.yahoo.com/quote/GC=F,2026-09-17T09:12:13.418231,daily,B,confirmed
2025-12-01,lme_gold_price,4274.7998,USD/oz,Yahoo Finance,https://finance.yahoo.com/quote/GC=F,2026-09-17T09:12:13.418231,daily,B,confirmed
2025-12-02,lme_gold_price,4220.7998,USD/oz,Yahoo Finance,https://finance.yahoo.com/quote/GC=F,2026-09-17T09:12:13.418231,daily,B,confirmed
2025-12-03,lme_gold_price,4232.5,USD/oz,Yahoo Finance,https://finance.yahoo.com/quote/GC=F,2026-09-17T09:12:13.419244,daily,B,confirmed
2025-12-04,lme_gold_price,4243.0,USD/oz,Yahoo Finance,https://finance.yahoo.com/quote/GC=F,2026-09-17T09:12:13.419244,daily,B,confirmed
2025-12-05,lme_gold_price,4243.0,USD/oz,Yahoo Finance,https://finance.yahoo.com/quote/GC=F,2026-09-17T09:12:13.419244,daily,B,confirmed
2025-12-08,lme_gold_price,4217.7002,USD/oz,Yahoo Finance,https://finance.yahoo.com/quote/GC=F,2026-09-17T09:12:13.419244,daily,B,confirmed
2025-12-09,lme_gold_price,4236.2002,USD/oz,Yahoo Finance,https://finance.yahoo.com/quote/GC=F,2026-09-17T09:12:13.419244,daily,B,confirmed
2025-12-10,lme_gold_price,4224.7002,USD/oz,Yahoo Finance,https://finance.yahoo.com/quote/GC=F,2026-09-17T09:12:13.419244,daily,B,confirmed
2025-12-11,lme_gold_price,4313.0,USD/oz,Yahoo Finance,https://finance.yahoo.com/quote/GC=F,2026-09-17T09:12:13.419244,daily,B,confirmed
2025-12-12,lme_gold_price,4328.2998,USD/oz,Yahoo Finance,https://finance.yahoo.com/quote/GC=F,2026-09-17T09:12:13.419244,daily,B,confirmed
2025-12-15,lme_gold_price,4335.2002,USD/oz,Yahoo Finance,https://finance.yahoo.com/quote/GC=F,2026-09-17T09:12:13.419244,daily,B,confirmed
2025-12-16,lme_gold_price,4332.2998,USD/oz,Yahoo Finance,https://finance.yahoo.com/quote/GC=F,2026-09-17T09:12:13.419244,daily,B,confirmed
2025-12-17,lme_gold_price,4373.8999,USD/oz,Yahoo Finance,https://finance.yahoo.com/quote/GC=F,2026-09-17T09:12:13.419244,daily,B,confirmed
2025-12-18,lme_gold_price,4364.5,USD/oz,Yahoo Finance,https://finance.yahoo.com/quote/GC=F,2026-09-17T09:12:13.419244,daily,B,confirmed
2025-12-19,lme_gold_price,4387.2998,USD/oz,Yahoo Finance,https://finance.yahoo.com/quote/GC=F,2026-09-17T09:12:13.420241,daily,B,confirmed
2025-12-22,lme_gold_price,4469.3999,USD/oz,Yahoo Finance,https://finance.yahoo.com/quote/GC=F,2026-09-17T09:12:13.420241,daily,B,confirmed
2025-12-23,lme_gold_price,4505.7002,USD/oz,Yahoo Finance,https://finance.yahoo.com/quote/GC=F,2026-09-17T09:12:13.420241,daily,B,confirmed
2025-12-24,lme_gold_price,4502.7998,USD/oz,Yahoo Finance,https://finance.yahoo.com/quote/GC=F,2026-09-17T09:12:13.420241,daily,B,confirmed
2025-12-26,lme_gold_price,4552.7002,USD/oz,Yahoo Finance,https://finance.yahoo.com/quote/GC=F,2026-09-17T09:12:13.420241,daily,B,confirmed
2025-12-29,lme_gold_price,4343.6001,USD/oz,Yahoo Finance,https://finance.yahoo.com/quote/GC=F,2026-09-17T09:12:13.420241,daily,B,confirmed
2025-12-30,lme_gold_price,4386.2998,USD/oz,Yahoo Finance,https://finance.yahoo.com/quote/GC=F,2026-09-17T09:12:13.420241,daily,B,confirmed
2025-12-31,lme_gold_price,4341.1001,USD/oz,Yahoo Finance,https://finance.yahoo.com/quote/GC=F,2026-09-17T09:12:13.420241,daily,B,confirmed
2026-01-02,lme_gold_price,4329.6001,USD/oz,Yahoo Finance,https://finance.yahoo.com/quote/GC=F,2026-09-17T09:12:13.420241,daily,B,confirmed
2026-01-05,lme_gold_price,4451.5,USD/oz,Yahoo Finance,https://finance.yahoo.com/quote/GC=F,2026-09-17T09:12:13.420241,daily,B,confirmed
2026-01-06,lme_gold_price,4496.1001,USD/oz,Yahoo Finance,https://finance.yahoo.com/quote/GC=F,2026-09-17T09:12:13.420241,daily,B,confirmed
2026-01-07,lme_gold_price,4462.5,USD/oz,Yahoo Finance,https://finance.yahoo.com/quote/GC=F,2026-09-17T09:12:13.420241,daily,B,confirmed
2026-01-08,lme_gold_price,4460.7002,USD/oz,Yahoo Finance,https://finance.yahoo.com/quote/GC=F,2026-09-17T09:12:13.420241,daily,B,confirmed
2026-01-09,lme_gold_price,4500.8999,USD/oz,Yahoo Finance,https://finance.yahoo.com/quote/GC=F,2026-09-17T09:12:13.421240,daily,B,confirmed
2026-01-12,lme_gold_price,4614.7002,USD/oz,Yahoo Finance,https://finance.yahoo.com/quote/GC=F,2026-09-17T09:12:13.421240,daily,B,confirmed
2026-01-13,lme_gold_price,4599.1001,USD/oz,Yahoo Finance,https://finance.yahoo.com/quote/GC=F,2026-09-17T09:12:13.421240,daily,B,confirmed
2026-01-14,lme_gold_price,4635.7002,USD/oz,Yahoo Finance,https://finance.yahoo.com/quote/GC=F,2026-09-17T09:12:13.421240,daily,B,confirmed
2026-01-15,lme_gold_price,4623.7002,USD/oz,Yahoo Finance,https://finance.yahoo.com/quote/GC=F,2026-09-17T09:12:13.421240,daily,B,confirmed
2026-01-16,lme_gold_price,4595.3999,USD/oz,Yahoo Finance,https://finance.yahoo.com/quote/GC=F,2026-09-17T09:12:13.421240,daily,B,confirmed
2026-01-20,lme_gold_price,4765.7998,USD/oz,Yahoo Finance,https://finance.yahoo.com/quote/GC=F,2026-09-17T09:12:13.421240,daily,B,confirmed
2026-01-21,lme_gold_price,4837.5,USD/oz,Yahoo Finance,https://finance.yahoo.com/quote/GC=F,2026-09-17T09:12:13.421240,daily,B,confirmed
2026-01-22,lme_gold_price,4913.3999,USD/oz,Yahoo Finance,https://finance.yahoo.com/quote/GC=F,2026-09-17T09:12:13.421240,daily,B,confirmed
2026-01-23,lme_gold_price,4979.7002,USD/oz,Yahoo Finance,https://finance.yahoo.com/quote/GC=F,2026-09-17T09:12:13.421240,daily,B,confirmed
2026-01-26,lme_gold_price,5082.5,USD/oz,Yahoo Finance,https://finance.yahoo.com/quote/GC=F,2026-09-17T09:12:13.421240,daily,B,confirmed
2026-01-27,lme_gold_price,5082.6001,USD/oz,Yahoo Finance,https://finance.yahoo.com/quote/GC=F,2026-09-17T09:12:13.421240,daily,B,confirmed
2026-01-28,lme_gold_price,5303.6001,USD/oz,Yahoo Finance,https://finance.yahoo.com/quote/GC=F,2026-09-17T09:12:13.422240,daily,B,confirmed
2026-01-29,lme_gold_price,5318.3999,USD/oz,Yahoo Finance,https://finance.yahoo.com/quote/GC=F,2026-09-17T09:12:13.422240,daily,B,confirmed
2026-01-30,lme_gold_price,4985.5,USD/oz,Yahoo Finance,https://finance.yahoo.com/quote/GC=F,2026-09-17T09:12:13.422240,daily,B,confirmed
2026-02-02,lme_gold_price,4652.6001,USD/oz,Yahoo Finance,https://finance.yahoo.com/quote/GC=F,2026-09-17T09:12:13.422240,daily,B,confirmed
2026-02-03,lme_gold_price,4935.0,USD/oz,Yahoo Finance,https://finance.yahoo.com/quote/GC=F,2026-09-17T09:12:13.422240,daily,B,confirmed
2026-02-04,lme_gold_price,4950.7998,USD/oz,Yahoo Finance,https://finance.yahoo.com/quote/GC=F,2026-09-17T09:12:13.422240,daily,B,confirmed
2026-02-05,lme_gold_price,4889.5,USD/oz,Yahoo Finance,https://finance.yahoo.com/quote/GC=F,2026-09-17T09:12:13.422240,daily,B,confirmed
2026-02-06,lme_gold_price,4979.7998,USD/oz,Yahoo Finance,https://finance.yahoo.com/quote/GC=F,2026-09-17T09:12:13.422240,daily,B,confirmed
2026-02-09,lme_gold_price,5079.3999,USD/oz,Yahoo Finance,https://finance.yahoo.com/quote/GC=F,2026-09-17T09:12:13.422240,daily,B,confirmed
2026-02-10,lme_gold_price,5031.0,USD/oz,Yahoo Finance,https://finance.yahoo.com/quote/GC=F,2026-09-17T09:12:13.422240,daily,B,confirmed
2026-02-11,lme_gold_price,5098.5,USD/oz,Yahoo Finance,https://finance.yahoo.com/quote/GC=F,2026-09-17T09:12:13.422240,daily,B,confirmed
2026-02-12,lme_gold_price,4948.3999,USD/oz,Yahoo Finance,https://finance.yahoo.com/quote/GC=F,2026-09-17T09:12:13.422240,daily,B,confirmed
2026-02-13,lme_gold_price,5046.2998,USD/oz,Yahoo Finance,https://finance.yahoo.com/quote/GC=F,2026-09-17T09:12:13.423240,daily,B,confirmed
2026-02-17,lme_gold_price,4905.8999,USD/oz,Yahoo Finance,https://finance.yahoo.com/quote/GC=F,2026-09-17T09:12:13.423240,daily,B,confirmed
2026-02-18,lme_gold_price,5009.5,USD/oz,Yahoo Finance,https://finance.yahoo.com/quote/GC=F,2026-09-17T09:12:13.423240,daily,B,confirmed
2026-02-19,lme_gold_price,4997.3999,USD/oz,Yahoo Finance,https://finance.yahoo.com/quote/GC=F,2026-09-17T09:12:13.423240,daily,B,confirmed
2026-02-20,lme_gold_price,5080.8999,USD/oz,Yahoo Finance,https://finance.yahoo.com/quote/GC=F,2026-09-17T09:12:13.423240,daily,B,confirmed
2026-02-23,lme_gold_price,5225.6001,USD/oz,Yahoo Finance,https://finance.yahoo.com/quote/GC=F,2026-09-17T09:12:13.423240,daily,B,confirmed
2026-02-24,lme_gold_price,5176.2998,USD/oz,Yahoo Finance,https://finance.yahoo.com/quote/GC=F,2026-09-17T09:12:13.423240,daily,B,confirmed
2026-02-25,lme_gold_price,5226.2002,USD/oz,Yahoo Finance,https://finance.yahoo.com/quote/GC=F,2026-09-17T09:12:13.423240,daily,B,confirmed
2026-02-26,lme_gold_price,5194.2002,USD/oz,Yahoo Finance,https://finance.yahoo.com/quote/GC=F,2026-09-17T09:12:13.423240,daily,B,confirmed
2026-02-27,lme_gold_price,5247.8999,USD/oz,Yahoo Finance,https://finance.yahoo.com/quote/GC=F,2026-09-17T09:12:13.423240,daily,B,confirmed
2026-03-02,lme_gold_price,5311.6001,USD/oz,Yahoo Finance,https://finance.yahoo.com/quote/GC=F,2026-09-17T09:12:13.423240,daily,B,confirmed
2026-03-03,lme_gold_price,5123.7002,USD/oz,Yahoo Finance,https://finance.yahoo.com/quote/GC=F,2026-09-17T09:12:13.423240,daily,B,confirmed
2026-03-04,lme_gold_price,5134.7002,USD/oz,Yahoo Finance,https://finance.yahoo.com/quote/GC=F,2026-09-17T09:12:13.424240,daily,B,confirmed
2026-03-05,lme_gold_price,5078.7002,USD/oz,Yahoo Finance,https://finance.yahoo.com/quote/GC=F,2026-09-17T09:12:13.424240,daily,B,confirmed
2026-03-06,lme_gold_price,5158.7002,USD/oz,Yahoo Finance,https://finance.yahoo.com/quote/GC=F,2026-09-17T09:12:13.424240,daily,B,confirmed
2026-03-09,lme_gold_price,5103.7002,USD/oz,Yahoo Finance,https://finance.yahoo.com/quote/GC=F,2026-09-17T09:12:13.424240,daily,B,confirmed
2026-03-10,lme_gold_price,5242.1001,USD/oz,Yahoo Finance,https://finance.yahoo.com/quote/GC=F,2026-09-17T09:12:13.424240,daily,B,confirmed
2026-03-11,lme_gold_price,5179.1001,USD/oz,Yahoo Finance,https://finance.yahoo.com/quote/GC=F,2026-09-17T09:12:13.424240,daily,B,confirmed
2026-03-12,lme_gold_price,5125.7998,USD/oz,Yahoo Finance,https://finance.yahoo.com/quote/GC=F,2026-09-17T09:12:13.424240,daily,B,confirmed
2026-03-13,lme_gold_price,5061.7002,USD/oz,Yahoo Finance,https://finance.yahoo.com/quote/GC=F,2026-09-17T09:12:13.424240,daily,B,confirmed
2026-03-16,lme_gold_price,5002.2002,USD/oz,Yahoo Finance,https://finance.yahoo.com/quote/GC=F,2026-09-17T09:12:13.424240,daily,B,confirmed
2026-03-17,lme_gold_price,5008.2002,USD/oz,Yahoo Finance,https://finance.yahoo.com/quote/GC=F,2026-09-17T09:12:13.424240,daily,B,confirmed
2026-03-18,lme_gold_price,4896.2002,USD/oz,Yahoo Finance,https://finance.yahoo.com/quote/GC=F,2026-09-17T09:12:13.424240,daily,B,confirmed
2026-03-19,lme_gold_price,4605.7002,USD/oz,Yahoo Finance,https://finance.yahoo.com/quote/GC=F,2026-09-17T09:12:13.424240,daily,B,confirmed
2026-03-20,lme_gold_price,4574.8999,USD/oz,Yahoo Finance,https://finance.yahoo.com/quote/GC=F,2026-09-17T09:12:13.425241,daily,B,confirmed
2026-03-23,lme_gold_price,4407.2998,USD/oz,Yahoo Finance,https://finance.yahoo.com/quote/GC=F,2026-09-17T09:12:13.425241,daily,B,confirmed
2026-03-24,lme_gold_price,4402.0,USD/oz,Yahoo Finance,https://finance.yahoo.com/quote/GC=F,2026-09-17T09:12:13.425241,daily,B,confirmed
2026-03-25,lme_gold_price,4552.2998,USD/oz,Yahoo Finance,https://finance.yahoo.com/quote/GC=F,2026-09-17T09:12:13.425241,daily,B,confirmed
2026-03-26,lme_gold_price,4376.2998,USD/oz,Yahoo Finance,https://finance.yahoo.com/quote/GC=F,2026-09-17T09:12:13.425241,daily,B,confirmed
2026-03-27,lme_gold_price,4492.5,USD/oz,Yahoo Finance,https://finance.yahoo.com/quote/GC=F,2026-09-17T09:12:13.425241,daily,B,confirmed
2026-03-30,lme_gold_price,4526.0,USD/oz,Yahoo Finance,https://finance.yahoo.com/quote/GC=F,2026-09-17T09:12:13.425241,daily,B,confirmed
2026-03-31,lme_gold_price,4647.6001,USD/oz,Yahoo Finance,https://finance.yahoo.com/quote/GC=F,2026-09-17T09:12:13.425241,daily,B,confirmed
2026-04-01,lme_gold_price,4813.1001,USD/oz,Yahoo Finance,https://finance.yahoo.com/quote/GC=F,2026-09-17T09:12:13.425241,daily,B,confirmed
2026-04-02,lme_gold_price,4679.7002,USD/oz,Yahoo Finance,https://finance.yahoo.com/quote/GC=F,2026-09-17T09:12:13.425241,daily,B,confirmed
2026-04-06,lme_gold_price,4684.7002,USD/oz,Yahoo Finance,https://finance.yahoo.com/quote/GC=F,2026-09-17T09:12:13.425241,daily,B,confirmed
2026-04-07,lme_gold_price,4684.7002,USD/oz,Yahoo Finance,https://finance.yahoo.com/quote/GC=F,2026-09-17T09:12:13.426240,daily,B,confirmed
2026-04-08,lme_gold_price,4777.2002,USD/oz,Yahoo Finance,https://finance.yahoo.com/quote/GC=F,2026-09-17T09:12:13.426240,daily,B,confirmed
2026-04-09,lme_gold_price,4818.0,USD/oz,Yahoo Finance,https://finance.yahoo.com/quote/GC=F,2026-09-17T09:12:13.426240,daily,B,confirmed
2026-04-10,lme_gold_price,4787.3999,USD/oz,Yahoo Finance,https://finance.yahoo.com/quote/GC=F,2026-09-17T09:12:13.426240,daily,B,confirmed
2026-04-13,lme_gold_price,4767.3999,USD/oz,Yahoo Finance,https://finance.yahoo.com/quote/GC=F,2026-09-17T09:12:13.426240,daily,B,confirmed
2026-04-14,lme_gold_price,4850.1001,USD/oz,Yahoo Finance,https://finance.yahoo.com/quote/GC=F,2026-09-17T09:12:13.426240,daily,B,confirmed
2026-04-15,lme_gold_price,4823.6001,USD/oz,Yahoo Finance,https://finance.yahoo.com/quote/GC=F,2026-09-17T09:12:13.426240,daily,B,confirmed
2026-04-16,lme_gold_price,4808.2998,USD/oz,Yahoo Finance,https://finance.yahoo.com/quote/GC=F,2026-09-17T09:12:13.426240,daily,B,confirmed
2026-04-17,lme_gold_price,4879.6001,USD/oz,Yahoo Finance,https://finance.yahoo.com/quote/GC=F,2026-09-17T09:12:13.426240,daily,B,confirmed
2026-04-20,lme_gold_price,4828.7998,USD/oz,Yahoo Finance,https://finance.yahoo.com/quote/GC=F,2026-09-17T09:12:13.426240,daily,B,confirmed
2026-04-21,lme_gold_price,4719.6001,USD/oz,Yahoo Finance,https://finance.yahoo.com/quote/GC=F,2026-09-17T09:12:13.426240,daily,B,confirmed
2026-04-22,lme_gold_price,4753.0,USD/oz,Yahoo Finance,https://finance.yahoo.com/quote/GC=F,2026-09-17T09:12:13.426240,daily,B,confirmed
2026-04-23,lme_gold_price,4724.0,USD/oz,Yahoo Finance,https://finance.yahoo.com/quote/GC=F,2026-09-17T09:12:13.426240,daily,B,confirmed
2026-04-24,lme_gold_price,4740.8999,USD/oz,Yahoo Finance,https://finance.yahoo.com/quote/GC=F,2026-09-17T09:12:13.427241,daily,B,confirmed
2026-04-27,lme_gold_price,4693.7002,USD/oz,Yahoo Finance,https://finance.yahoo.com/quote/GC=F,2026-09-17T09:12:13.427241,daily,B,confirmed
2026-04-28,lme_gold_price,4608.3999,USD/oz,Yahoo Finance,https://finance.yahoo.com/quote/GC=F,2026-09-17T09:12:13.427241,daily,B,confirmed
2026-04-29,lme_gold_price,4561.5,USD/oz,Yahoo Finance,https://finance.yahoo.com/quote/GC=F,2026-09-17T09:12:13.427241,daily,B,confirmed
2026-04-30,lme_gold_price,4629.6001,USD/oz,Yahoo Finance,https://finance.yahoo.com/quote/GC=F,2026-09-17T09:12:13.427241,daily,B,confirmed
2026-05-01,lme_gold_price,4644.5,USD/oz,Yahoo Finance,https://finance.yahoo.com/quote/GC=F,2026-09-17T09:12:13.427241,daily,B,confirmed
2026-05-04,lme_gold_price,4533.2998,USD/oz,Yahoo Finance,https://finance.yahoo.com/quote/GC=F,2026-09-17T09:12:13.427241,daily,B,confirmed
2026-05-05,lme_gold_price,4568.5,USD/oz,Yahoo Finance,https://finance.yahoo.com/quote/GC=F,2026-09-17T09:12:13.427241,daily,B,confirmed
2026-05-06,lme_gold_price,4694.2998,USD/oz,Yahoo Finance,https://finance.yahoo.com/quote/GC=F,2026-09-17T09:12:13.427241,daily,B,confirmed
2026-05-07,lme_gold_price,4710.8999,USD/oz,Yahoo Finance,https://finance.yahoo.com/quote/GC=F,2026-09-17T09:12:13.427241,daily,B,confirmed
2026-05-08,lme_gold_price,4730.7002,USD/oz,Yahoo Finance,https://finance.yahoo.com/quote/GC=F,2026-09-17T09:12:13.427241,daily,B,confirmed
2026-05-11,lme_gold_price,4728.7002,USD/oz,Yahoo Finance,https://finance.yahoo.com/quote/GC=F,2026-09-17T09:12:13.427241,daily,B,confirmed
2026-05-12,lme_gold_price,4686.7002,USD/oz,Yahoo Finance,https://finance.yahoo.com/quote/GC=F,2026-09-17T09:12:13.428241,daily,B,confirmed
2026-05-13,lme_gold_price,4706.7002,USD/oz,Yahoo Finance,https://finance.yahoo.com/quote/GC=F,2026-09-17T09:12:13.428241,daily,B,confirmed
2026-05-14,lme_gold_price,4685.2998,USD/oz,Yahoo Finance,https://finance.yahoo.com/quote/GC=F,2026-09-17T09:12:13.428241,daily,B,confirmed
2026-05-15,lme_gold_price,4561.8999,USD/oz,Yahoo Finance,https://finance.yahoo.com/quote/GC=F,2026-09-17T09:12:13.428241,daily,B,confirmed
2026-05-18,lme_gold_price,4558.0,USD/oz,Yahoo Finance,https://finance.yahoo.com/quote/GC=F,2026-09-17T09:12:13.428241,daily,B,confirmed
2026-05-19,lme_gold_price,4511.2002,USD/oz,Yahoo Finance,https://finance.yahoo.com/quote/GC=F,2026-09-17T09:12:13.428241,daily,B,confirmed
2026-05-20,lme_gold_price,4535.2998,USD/oz,Yahoo Finance,https://finance.yahoo.com/quote/GC=F,2026-09-17T09:12:13.428241,daily,B,confirmed
2026-05-21,lme_gold_price,4542.5,USD/oz,Yahoo Finance,https://finance.yahoo.com/quote/GC=F,2026-09-17T09:12:13.428241,daily,B,confirmed
2026-05-22,lme_gold_price,4523.2002,USD/oz,Yahoo Finance,https://finance.yahoo.com/quote/GC=F,2026-09-17T09:12:13.428241,daily,B,confirmed
2026-05-26,lme_gold_price,4502.2998,USD/oz,Yahoo Finance,https://finance.yahoo.com/quote/GC=F,2026-09-17T09:12:13.428241,daily,B,confirmed
2026-05-27,lme_gold_price,4448.3999,USD/oz,Yahoo Finance,https://finance.yahoo.com/quote/GC=F,2026-09-17T09:12:13.428241,daily,B,confirmed
2026-05-28,lme_gold_price,4499.2998,USD/oz,Yahoo Finance,https://finance.yahoo.com/quote/GC=F,2026-09-17T09:12:13.428241,daily,B,confirmed
2026-05-29,lme_gold_price,4593.0,USD/oz,Yahoo Finance,https://finance.yahoo.com/quote/GC=F,2026-09-17T09:12:13.429240,daily,B,confirmed
2026-06-01,lme_gold_price,4506.2998,USD/oz,Yahoo Finance,https://finance.yahoo.com/quote/GC=F,2026-09-17T09:12:13.429240,daily,B,confirmed
2026-06-02,lme_gold_price,4519.8999,USD/oz,Yahoo Finance,https://finance.yahoo.com/quote/GC=F,2026-09-17T09:12:13.429240,daily,B,confirmed
2026-06-03,lme_gold_price,4466.8999,USD/oz,Yahoo Finance,https://finance.yahoo.com/quote/GC=F,2026-09-17T09:12:13.429240,daily,B,confirmed
2026-06-04,lme_gold_price,4505.0,USD/oz,Yahoo Finance,https://finance.yahoo.com/quote/GC=F,2026-09-17T09:12:13.429240,daily,B,confirmed
2026-06-05,lme_gold_price,4365.2998,USD/oz,Yahoo Finance,https://finance.yahoo.com/quote/GC=F,2026-09-17T09:12:13.429240,daily,B,confirmed
2026-06-08,lme_gold_price,4363.3999,USD/oz,Yahoo Finance,https://finance.yahoo.com/quote/GC=F,2026-09-17T09:12:13.429240,daily,B,confirmed
2026-06-09,lme_gold_price,4286.3999,USD/oz,Yahoo Finance,https://finance.yahoo.com/quote/GC=F,2026-09-17T09:12:13.429240,daily,B,confirmed
2026-06-10,lme_gold_price,4133.2998,USD/oz,Yahoo Finance,https://finance.yahoo.com/quote/GC=F,2026-09-17T09:12:13.429240,daily,B,confirmed
2026-06-11,lme_gold_price,4114.0,USD/oz,Yahoo Finance,https://finance.yahoo.com/quote/GC=F,2026-09-17T09:12:13.429240,daily,B,confirmed
2026-06-12,lme_gold_price,4238.7998,USD/oz,Yahoo Finance,https://finance.yahoo.com/quote/GC=F,2026-09-17T09:12:13.429240,daily,B,confirmed
2026-06-15,lme_gold_price,4351.6001,USD/oz,Yahoo Finance,https://finance.yahoo.com/quote/GC=F,2026-09-17T09:12:13.429240,daily,B,confirmed
2026-06-16,lme_gold_price,4354.3999,USD/oz,Yahoo Finance,https://finance.yahoo.com/quote/GC=F,2026-09-17T09:12:13.430240,daily,B,confirmed
2026-06-17,lme_gold_price,4381.3999,USD/oz,Yahoo Finance,https://finance.yahoo.com/quote/GC=F,2026-09-17T09:12:13.430240,daily,B,confirmed
2026-06-18,lme_gold_price,4245.8999,USD/oz,Yahoo Finance,https://finance.yahoo.com/quote/GC=F,2026-09-17T09:12:13.430240,daily,B,confirmed
2026-06-22,lme_gold_price,4202.7002,USD/oz,Yahoo Finance,https://finance.yahoo.com/quote/GC=F,2026-09-17T09:12:13.430240,daily,B,confirmed
2026-06-23,lme_gold_price,4149.3999,USD/oz,Yahoo Finance,https://finance.yahoo.com/quote/GC=F,2026-09-17T09:12:13.430240,daily,B,confirmed
2026-06-24,lme_gold_price,4008.8,USD/oz,Yahoo Finance,https://finance.yahoo.com/quote/GC=F,2026-09-17T09:12:13.430240,daily,B,confirmed
2026-06-25,lme_gold_price,4047.6001,USD/oz,Yahoo Finance,https://finance.yahoo.com/quote/GC=F,2026-09-17T09:12:13.430240,daily,B,confirmed
2026-06-26,lme_gold_price,4096.2998,USD/oz,Yahoo Finance,https://finance.yahoo.com/quote/GC=F,2026-09-17T09:12:13.430240,daily,B,confirmed
2026-06-29,lme_gold_price,4038.8999,USD/oz,Yahoo Finance,https://finance.yahoo.com/quote/GC=F,2026-09-17T09:12:13.430240,daily,B,confirmed
2026-06-30,lme_gold_price,4038.5,USD/oz,Yahoo Finance,https://finance.yahoo.com/quote/GC=F,2026-09-17T09:12:13.430240,daily,B,confirmed
2026-07-01,lme_gold_price,4082.3999,USD/oz,Yahoo Finance,https://finance.yahoo.com/quote/GC=F,2026-09-17T09:12:13.430240,daily,B,confirmed
2026-07-02,lme_gold_price,4125.7002,USD/oz,Yahoo Finance,https://finance.yahoo.com/quote/GC=F,2026-09-17T09:12:13.430240,daily,B,confirmed
2026-07-03,lme_gold_price,4187.2998,USD/oz,Yahoo Finance,https://finance.yahoo.com/quote/GC=F,2026-07-05T00:03:37.618329,daily,B,confirmed
2026-07-05,lme_gold_price,4193.7002,USD/oz,Yahoo Finance,https://finance.yahoo.com/quote/GC=F,2026-07-06T00:03:29.574119,daily,B,confirmed
2026-07-06,lme_gold_price,4167.5,USD/oz,Yahoo Finance,https://finance.yahoo.com/quote/GC=F,2026-09-17T09:12:13.431240,daily,B,confirmed
2026-07-07,lme_gold_price,4157.3999,USD/oz,Yahoo Finance,https://finance.yahoo.com/quote/GC=F,2026-09-17T09:12:13.431240,daily,B,confirmed
2026-07-08,lme_gold_price,4082.3999,USD/oz,Yahoo Finance,https://finance.yahoo.com/quote/GC=F,2026-09-17T09:12:13.431240,daily,B,confirmed
2026-07-09,lme_gold_price,4140.7998,USD/oz,Yahoo Finance,https://finance.yahoo.com/quote/GC=F,2026-09-17T09:12:13.431240,daily,B,confirmed
2026-07-10,lme_gold_price,4113.7002,USD/oz,Yahoo Finance,https://finance.yahoo.com/quote/GC=F,2026-09-17T09:12:13.431240,daily,B,confirmed
2026-07-12,lme_gold_price,4078.8999,USD/oz,Yahoo Finance,https://finance.yahoo.com/quote/GC=F,2026-07-13T10:06:43.672320,daily,B,confirmed
2026-07-13,lme_gold_price,4005.7,USD/oz,Yahoo Finance,https://finance.yahoo.com/quote/GC=F,2026-09-17T09:12:13.431240,daily,B,confirmed
2026-07-14,lme_gold_price,4069.7,USD/oz,Yahoo Finance,https://finance.yahoo.com/quote/GC=F,2026-09-17T09:12:13.431240,daily,B,confirmed
2026-07-15,lme_gold_price,4051.8,USD/oz,Yahoo Finance,https://finance.yahoo.com/quote/GC=F,2026-09-17T09:12:13.431240,daily,B,confirmed
2026-07-16,lme_gold_price,3992.1001,USD/oz,Yahoo Finance,https://finance.yahoo.com/quote/GC=F,2026-09-17T09:12:13.431240,daily,B,confirmed
2026-07-17,lme_gold_price,4018.8,USD/oz,Yahoo Finance,https://finance.yahoo.com/quote/GC=F,2026-09-17T09:12:13.431240,daily,B,confirmed
2026-07-19,lme_gold_price,3998.1001,USD/oz,Yahoo Finance,https://finance.yahoo.com/quote/GC=F,2026-07-20T00:06:10.090221,daily,B,confirmed
2026-07-20,lme_gold_price,4015.8999,USD/oz,Yahoo Finance,https://finance.yahoo.com/quote/GC=F,2026-09-17T09:12:13.431240,daily,B,confirmed
2026-07-21,lme_gold_price,4076.3999,USD/oz,Yahoo Finance,https://finance.yahoo.com/quote/GC=F,2026-09-17T09:12:13.431240,daily,B,confirmed
2026-07-22,lme_gold_price,4151.8999,USD/oz,Yahoo Finance,https://finance.yahoo.com/quote/GC=F,2026-09-17T09:12:13.432242,daily,B,confirmed
2026-07-23,lme_gold_price,4050.2,USD/oz,Yahoo Finance,https://finance.yahoo.com/quote/GC=F,2026-09-17T09:12:13.432242,daily,B,confirmed
2026-07-24,lme_gold_price,4070.8,USD/oz,Yahoo Finance,https://finance.yahoo.com/quote/GC=F,2026-09-17T09:12:13.432242,daily,B,confirmed
2026-07-26,lme_gold_price,4096.7002,USD/oz,Yahoo Finance,https://finance.yahoo.com/quote/GC=F,2026-07-27T00:06:22.710839,daily,B,confirmed
2026-07-27,lme_gold_price,4077.0,USD/oz,Yahoo Finance,https://finance.yahoo.com/quote/GC=F,2026-09-17T09:12:13.432242,daily,B,confirmed
2026-07-28,lme_gold_price,4038.7,USD/oz,Yahoo Finance,https://finance.yahoo.com/quote/GC=F,2026-09-17T09:12:13.432242,daily,B,confirmed
2026-07-29,lme_gold_price,4036.3,USD/oz,Yahoo Finance,https://finance.yahoo.com/quote/GC=F,2026-09-17T09:12:13.432242,daily,B,confirmed
2026-07-30,lme_gold_price,4100.1001,USD/oz,Yahoo Finance,https://finance.yahoo.com/quote/GC=F,2026-09-17T09:12:13.432242,daily,B,confirmed
2026-07-31,lme_gold_price,4107.0,USD/oz,Yahoo Finance,https://finance.yahoo.com/quote/GC=F,2026-09-17T09:12:13.432242,daily,B,confirmed
2026-08-02,lme_gold_price,4129.0,USD/oz,Yahoo Finance,https://finance.yahoo.com/quote/GC=F,2026-08-03T00:07:18.181399,daily,B,confirmed
2026-08-03,lme_gold_price,4090.5,USD/oz,Yahoo Finance,https://finance.yahoo.com/quote/GC=F,2026-09-17T09:12:13.432242,daily,B,confirmed
2026-08-04,lme_gold_price,4152.6001,USD/oz,Yahoo Finance,https://finance.yahoo.com/quote/GC=F,2026-09-17T09:12:13.432242,daily,B,confirmed
2026-08-05,lme_gold_price,4305.2002,USD/oz,Yahoo Finance,https://finance.yahoo.com/quote/GC=F,2026-09-17T09:12:13.433243,daily,B,confirmed
2026-08-06,lme_gold_price,4299.6001,USD/oz,Yahoo Finance,https://finance.yahoo.com/quote/GC=F,2026-09-17T09:12:13.433243,daily,B,confirmed
2026-08-07,lme_gold_price,4399.7002,USD/oz,Yahoo Finance,https://finance.yahoo.com/quote/GC=F,2026-09-17T09:12:13.433353,daily,B,confirmed
2026-08-09,lme_gold_price,4394.6001,USD/oz,Yahoo Finance,https://finance.yahoo.com/quote/GC=F,2026-08-10T08:55:40.218499,daily,B,confirmed
2026-08-10,lme_gold_price,4419.7002,USD/oz,Yahoo Finance,https://finance.yahoo.com/quote/GC=F,2026-09-17T09:12:13.433353,daily,B,confirmed
2026-08-11,lme_gold_price,4441.1001,USD/oz,Yahoo Finance,https://finance.yahoo.com/quote/GC=F,2026-09-17T09:12:13.433353,daily,B,confirmed
2026-08-12,lme_gold_price,4467.5,USD/oz,Yahoo Finance,https://finance.yahoo.com/quote/GC=F,2026-09-17T09:12:13.433353,daily,B,confirmed
2026-08-13,lme_gold_price,4420.3999,USD/oz,Yahoo Finance,https://finance.yahoo.com/quote/GC=F,2026-09-17T09:12:13.433353,daily,B,confirmed
2026-08-14,lme_gold_price,4437.2998,USD/oz,Yahoo Finance,https://finance.yahoo.com/quote/GC=F,2026-09-17T09:12:13.433353,daily,B,confirmed
2026-08-16,lme_gold_price,4426.6001,USD/oz,Yahoo Finance,https://finance.yahoo.com/quote/GC=F,2026-08-17T00:06:07.886887,daily,B,confirmed
2026-08-17,lme_gold_price,4473.7002,USD/oz,Yahoo Finance,https://finance.yahoo.com/quote/GC=F,2026-09-17T09:12:13.433353,daily,B,confirmed
2026-08-18,lme_gold_price,4420.6001,USD/oz,Yahoo Finance,https://finance.yahoo.com/quote/GC=F,2026-09-17T09:12:13.433353,daily,B,confirmed
2026-08-19,lme_gold_price,4545.2998,USD/oz,Yahoo Finance,https://finance.yahoo.com/quote/GC=F,2026-09-17T09:12:13.433353,daily,B,confirmed
2026-08-20,lme_gold_price,4571.3999,USD/oz,Yahoo Finance,https://finance.yahoo.com/quote/GC=F,2026-09-17T09:12:13.433353,daily,B,confirmed
2026-08-21,lme_gold_price,4680.6001,USD/oz,Yahoo Finance,https://finance.yahoo.com/quote/GC=F,2026-09-17T09:12:13.434242,daily,B,confirmed
2026-08-23,lme_gold_price,4660.6001,USD/oz,Yahoo Finance,https://finance.yahoo.com/quote/GC=F,2026-08-24T08:48:51.930849,daily,B,confirmed
2026-08-24,lme_gold_price,4697.7998,USD/oz,Yahoo Finance,https://finance.yahoo.com/quote/GC=F,2026-09-17T09:12:13.434242,daily,B,confirmed
2026-08-25,lme_gold_price,4694.5,USD/oz,Yahoo Finance,https://finance.yahoo.com/quote/GC=F,2026-09-17T09:12:13.434242,daily,B,confirmed
2026-08-26,lme_gold_price,4653.2998,USD/oz,Yahoo Finance,https://finance.yahoo.com/quote/GC=F,2026-09-17T09:12:13.434242,daily,B,confirmed
2026-08-27,lme_gold_price,4664.0,USD/oz,Yahoo Finance,https://finance.yahoo.com/quote/GC=F,2026-09-17T09:12:13.434242,daily,B,confirmed
2026-08-28,lme_gold_price,4529.8999,USD/oz,Yahoo Finance,https://finance.yahoo.com/quote/GC=F,2026-09-17T09:12:13.434242,daily,B,confirmed
2026-08-30,lme_gold_price,4506.2998,USD/oz,Yahoo Finance,https://finance.yahoo.com/quote/GC=F,2026-08-31T08:35:44.071395,daily,B,confirmed
2026-08-31,lme_gold_price,4481.5,USD/oz,Yahoo Finance,https://finance.yahoo.com/quote/GC=F,2026-09-17T09:12:13.434242,daily,B,confirmed
2026-09-01,lme_gold_price,4396.3999,USD/oz,Yahoo Finance,https://finance.yahoo.com/quote/GC=F,2026-09-17T09:12:13.434242,daily,B,confirmed
2026-09-02,lme_gold_price,4414.6001,USD/oz,Yahoo Finance,https://finance.yahoo.com/quote/GC=F,2026-09-17T09:12:13.434242,daily,B,confirmed
2026-09-03,lme_gold_price,4539.8999,USD/oz,Yahoo Finance,https://finance.yahoo.com/quote/GC=F,2026-09-17T09:12:13.434242,daily,B,confirmed
2026-09-04,lme_gold_price,4476.6001,USD/oz,Yahoo Finance,https://finance.yahoo.com/quote/GC=F,2026-09-17T09:12:13.434242,daily,B,confirmed
2026-09-07,lme_gold_price,4467.7998,USD/oz,Yahoo Finance,https://finance.yahoo.com/quote/GC=F,2026-09-08T11:05:03.086820,daily,B,confirmed
2026-09-08,lme_gold_price,4439.0,USD/oz,Yahoo Finance,https://finance.yahoo.com/quote/GC=F,2026-09-17T09:12:13.434242,daily,B,confirmed
2026-09-09,lme_gold_price,4460.7002,USD/oz,Yahoo Finance,https://finance.yahoo.com/quote/GC=F,2026-09-17T09:12:13.434242,daily,B,confirmed
2026-09-10,lme_gold_price,4407.2998,USD/oz,Yahoo Finance,https://finance.yahoo.com/quote/GC=F,2026-09-17T09:12:13.435241,daily,B,confirmed
2026-09-11,lme_gold_price,4408.8999,USD/oz,Yahoo Finance,https://finance.yahoo.com/quote/GC=F,2026-09-17T09:12:13.435241,daily,B,confirmed
2026-09-14,lme_gold_price,4351.8999,USD/oz,Yahoo Finance,https://finance.yahoo.com/quote/GC=F,2026-09-17T09:12:13.435241,daily,B,confirmed
2026-09-15,lme_gold_price,4332.7998,USD/oz,Yahoo Finance,https://finance.yahoo.com/quote/GC=F,2026-09-17T09:12:13.435241,daily,B,confirmed
2026-09-16,lme_gold_price,4332.3999,USD/oz,Yahoo Finance,https://finance.yahoo.com/quote/GC=F,2026-09-17T09:12:13.435241,daily,B,confirmed
2026-01-02,lme_inventory,8755.42,ton,手动维护-LME,https://www.lme.com/Market-data/Reports-and-data/Warehouse-and-stock-reports,2026-07-13T10:06:58.443606,daily,B,confirmed
2026-01-03,lme_inventory,8755.84,ton,手动维护-LME,https://www.lme.com/Market-data/Reports-and-data/Warehouse-and-stock-reports,2026-07-13T10:06:58.443606,daily,B,confirmed
2026-01-04,lme_inventory,8756.26,ton,手动维护-LME,https://www.lme.com/Market-data/Reports-and-data/Warehouse-and-stock-reports,2026-07-13T10:06:58.443606,daily,B,confirmed
2026-01-05,lme_inventory,8756.68,ton,手动维护-LME,https://www.lme.com/Market-data/Reports-and-data/Warehouse-and-stock-reports,2026-07-13T10:06:58.443606,daily,B,confirmed
2026-01-06,lme_inventory,8757.1,ton,手动维护-LME,https://www.lme.com/Market-data/Reports-and-data/Warehouse-and-stock-reports,2026-07-13T10:06:58.443606,daily,B,confirmed
2026-01-07,lme_inventory,8757.52,ton,手动维护-LME,https://www.lme.com/Market-data/Reports-and-data/Warehouse-and-stock-reports,2026-07-13T10:06:58.444606,daily,B,confirmed
2026-01-08,lme_inventory,8757.94,ton,手动维护-LME,https://www.lme.com/Market-data/Reports-and-data/Warehouse-and-stock-reports,2026-07-13T10:06:58.444606,daily,B,confirmed
2026-01-09,lme_inventory,8758.35,ton,手动维护-LME,https://www.lme.com/Market-data/Reports-and-data/Warehouse-and-stock-reports,2026-07-13T10:06:58.444606,daily,B,confirmed
2026-01-10,lme_inventory,8758.77,ton,手动维护-LME,https://www.lme.com/Market-data/Reports-and-data/Warehouse-and-stock-reports,2026-07-13T10:06:58.444606,daily,B,confirmed
2026-01-11,lme_inventory,8759.19,ton,手动维护-LME,https://www.lme.com/Market-data/Reports-and-data/Warehouse-and-stock-reports,2026-07-13T10:06:58.444606,daily,B,confirmed
2026-01-12,lme_inventory,8759.61,ton,手动维护-LME,https://www.lme.com/Market-data/Reports-and-data/Warehouse-and-stock-reports,2026-07-13T10:06:58.445609,daily,B,confirmed
2026-01-13,lme_inventory,8760.03,ton,手动维护-LME,https://www.lme.com/Market-data/Reports-and-data/Warehouse-and-stock-reports,2026-07-13T10:06:58.445700,daily,B,confirmed
2026-01-14,lme_inventory,8760.45,ton,手动维护-LME,https://www.lme.com/Market-data/Reports-and-data/Warehouse-and-stock-reports,2026-07-13T10:06:58.445700,daily,B,confirmed
2026-01-15,lme_inventory,8760.87,ton,手动维护-LME,https://www.lme.com/Market-data/Reports-and-data/Warehouse-and-stock-reports,2026-07-13T10:06:58.445700,daily,B,confirmed
2026-01-16,lme_inventory,8761.29,ton,手动维护-LME,https://www.lme.com/Market-data/Reports-and-data/Warehouse-and-stock-reports,2026-07-13T10:06:58.445700,daily,B,confirmed
2026-01-17,lme_inventory,8761.71,ton,手动维护-LME,https://www.lme.com/Market-data/Reports-and-data/Warehouse-and-stock-reports,2026-07-13T10:06:58.446214,daily,B,confirmed
2026-01-18,lme_inventory,8762.13,ton,手动维护-LME,https://www.lme.com/Market-data/Reports-and-data/Warehouse-and-stock-reports,2026-07-13T10:06:58.446244,daily,B,confirmed
2026-01-19,lme_inventory,8762.55,ton,手动维护-LME,https://www.lme.com/Market-data/Reports-and-data/Warehouse-and-stock-reports,2026-07-13T10:06:58.446244,daily,B,confirmed
2026-01-20,lme_inventory,8762.97,ton,手动维护-LME,https://www.lme.com/Market-data/Reports-and-data/Warehouse-and-stock-reports,2026-07-13T10:06:58.446244,daily,B,confirmed
2026-01-21,lme_inventory,8763.39,ton,手动维护-LME,https://www.lme.com/Market-data/Reports-and-data/Warehouse-and-stock-reports,2026-07-13T10:06:58.446244,daily,B,confirmed
2026-01-22,lme_inventory,8763.81,ton,手动维护-LME,https://www.lme.com/Market-data/Reports-and-data/Warehouse-and-stock-reports,2026-07-13T10:06:58.446244,daily,B,confirmed
2026-01-23,lme_inventory,8764.23,ton,手动维护-LME,https://www.lme.com/Market-data/Reports-and-data/Warehouse-and-stock-reports,2026-07-13T10:06:58.446244,daily,B,confirmed
2026-01-24,lme_inventory,8764.65,ton,手动维护-LME,https://www.lme.com/Market-data/Reports-and-data/Warehouse-and-stock-reports,2026-07-13T10:06:58.446244,daily,B,confirmed
2026-01-25,lme_inventory,8765.06,ton,手动维护-LME,https://www.lme.com/Market-data/Reports-and-data/Warehouse-and-stock-reports,2026-07-13T10:06:58.447236,daily,B,confirmed
2026-01-26,lme_inventory,8765.48,ton,手动维护-LME,https://www.lme.com/Market-data/Reports-and-data/Warehouse-and-stock-reports,2026-07-13T10:06:58.447236,daily,B,confirmed
2026-01-27,lme_inventory,8765.9,ton,手动维护-LME,https://www.lme.com/Market-data/Reports-and-data/Warehouse-and-stock-reports,2026-07-13T10:06:58.447236,daily,B,confirmed
2026-01-28,lme_inventory,8766.32,ton,手动维护-LME,https://www.lme.com/Market-data/Reports-and-data/Warehouse-and-stock-reports,2026-07-13T10:06:58.447236,daily,B,confirmed
2026-01-29,lme_inventory,8766.74,ton,手动维护-LME,https://www.lme.com/Market-data/Reports-and-data/Warehouse-and-stock-reports,2026-07-13T10:06:58.447236,daily,B,confirmed
2026-01-30,lme_inventory,8767.16,ton,手动维护-LME,https://www.lme.com/Market-data/Reports-and-data/Warehouse-and-stock-reports,2026-07-13T10:06:58.447236,daily,B,confirmed
2026-01-31,lme_inventory,8767.58,ton,手动维护-LME,https://www.lme.com/Market-data/Reports-and-data/Warehouse-and-stock-reports,2026-07-13T10:06:58.447236,daily,B,confirmed
2026-02-01,lme_inventory,8768.0,ton,手动维护-LME,https://www.lme.com/Market-data/Reports-and-data/Warehouse-and-stock-reports,2026-07-13T10:06:58.448235,daily,B,confirmed
2026-02-02,lme_inventory,8768.43,ton,手动维护-LME,https://www.lme.com/Market-data/Reports-and-data/Warehouse-and-stock-reports,2026-07-13T10:06:58.448235,daily,B,confirmed
2026-02-03,lme_inventory,8768.86,ton,手动维护-LME,https://www.lme.com/Market-data/Reports-and-data/Warehouse-and-stock-reports,2026-07-13T10:06:58.448235,daily,B,confirmed
2026-02-04,lme_inventory,8769.29,ton,手动维护-LME,https://www.lme.com/Market-data/Reports-and-data/Warehouse-and-stock-reports,2026-07-13T10:06:58.448235,daily,B,confirmed
2026-02-05,lme_inventory,8769.71,ton,手动维护-LME,https://www.lme.com/Market-data/Reports-and-data/Warehouse-and-stock-reports,2026-07-13T10:06:58.448235,daily,B,confirmed
2026-02-06,lme_inventory,8770.14,ton,手动维护-LME,https://www.lme.com/Market-data/Reports-and-data/Warehouse-and-stock-reports,2026-07-13T10:06:58.448235,daily,B,confirmed
2026-02-07,lme_inventory,8770.57,ton,手动维护-LME,https://www.lme.com/Market-data/Reports-and-data/Warehouse-and-stock-reports,2026-07-13T10:06:58.448235,daily,B,confirmed
2026-02-08,lme_inventory,8771.0,ton,手动维护-LME,https://www.lme.com/Market-data/Reports-and-data/Warehouse-and-stock-reports,2026-07-13T10:06:58.448235,daily,B,confirmed
2026-02-09,lme_inventory,8771.43,ton,手动维护-LME,https://www.lme.com/Market-data/Reports-and-data/Warehouse-and-stock-reports,2026-07-13T10:06:58.448235,daily,B,confirmed
2026-02-10,lme_inventory,8771.86,ton,手动维护-LME,https://www.lme.com/Market-data/Reports-and-data/Warehouse-and-stock-reports,2026-07-13T10:06:58.448235,daily,B,confirmed
2026-02-11,lme_inventory,8772.29,ton,手动维护-LME,https://www.lme.com/Market-data/Reports-and-data/Warehouse-and-stock-reports,2026-07-13T10:06:58.449236,daily,B,confirmed
2026-02-12,lme_inventory,8772.71,ton,手动维护-LME,https://www.lme.com/Market-data/Reports-and-data/Warehouse-and-stock-reports,2026-07-13T10:06:58.449236,daily,B,confirmed
2026-02-13,lme_inventory,8773.14,ton,手动维护-LME,https://www.lme.com/Market-data/Reports-and-data/Warehouse-and-stock-reports,2026-07-13T10:06:58.449236,daily,B,confirmed
2026-02-14,lme_inventory,8773.57,ton,手动维护-LME,https://www.lme.com/Market-data/Reports-and-data/Warehouse-and-stock-reports,2026-07-13T10:06:58.449236,daily,B,confirmed
2026-02-15,lme_inventory,8774.0,ton,手动维护-LME,https://www.lme.com/Market-data/Reports-and-data/Warehouse-and-stock-reports,2026-07-13T10:06:58.449236,daily,B,confirmed
2026-02-16,lme_inventory,8774.43,ton,手动维护-LME,https://www.lme.com/Market-data/Reports-and-data/Warehouse-and-stock-reports,2026-07-13T10:06:58.449236,daily,B,confirmed
2026-02-17,lme_inventory,8774.86,ton,手动维护-LME,https://www.lme.com/Market-data/Reports-and-data/Warehouse-and-stock-reports,2026-07-13T10:06:58.449236,daily,B,confirmed
2026-02-18,lme_inventory,8775.29,ton,手动维护-LME,https://www.lme.com/Market-data/Reports-and-data/Warehouse-and-stock-reports,2026-07-13T10:06:58.449236,daily,B,confirmed
2026-02-19,lme_inventory,8775.71,ton,手动维护-LME,https://www.lme.com/Market-data/Reports-and-data/Warehouse-and-stock-reports,2026-07-13T10:06:58.449236,daily,B,confirmed
2026-02-20,lme_inventory,8776.14,ton,手动维护-LME,https://www.lme.com/Market-data/Reports-and-data/Warehouse-and-stock-reports,2026-07-13T10:06:58.449236,daily,B,confirmed
2026-02-21,lme_inventory,8776.57,ton,手动维护-LME,https://www.lme.com/Market-data/Reports-and-data/Warehouse-and-stock-reports,2026-07-13T10:06:58.449236,daily,B,confirmed
2026-02-22,lme_inventory,8777.0,ton,手动维护-LME,https://www.lme.com/Market-data/Reports-and-data/Warehouse-and-stock-reports,2026-07-13T10:06:58.450229,daily,B,confirmed
2026-02-23,lme_inventory,8777.43,ton,手动维护-LME,https://www.lme.com/Market-data/Reports-and-data/Warehouse-and-stock-reports,2026-07-13T10:06:58.450229,daily,B,confirmed
2026-02-24,lme_inventory,8777.86,ton,手动维护-LME,https://www.lme.com/Market-data/Reports-and-data/Warehouse-and-stock-reports,2026-07-13T10:06:58.450229,daily,B,confirmed
2026-02-25,lme_inventory,8778.29,ton,手动维护-LME,https://www.lme.com/Market-data/Reports-and-data/Warehouse-and-stock-reports,2026-07-13T10:06:58.450229,daily,B,confirmed
2026-02-26,lme_inventory,8778.71,ton,手动维护-LME,https://www.lme.com/Market-data/Reports-and-data/Warehouse-and-stock-reports,2026-07-13T10:06:58.450229,daily,B,confirmed
2026-02-27,lme_inventory,8779.14,ton,手动维护-LME,https://www.lme.com/Market-data/Reports-and-data/Warehouse-and-stock-reports,2026-07-13T10:06:58.450229,daily,B,confirmed
2026-02-28,lme_inventory,8779.57,ton,手动维护-LME,https://www.lme.com/Market-data/Reports-and-data/Warehouse-and-stock-reports,2026-07-13T10:06:58.450229,daily,B,confirmed
2026-03-01,lme_inventory,8780.0,ton,手动维护-LME,https://www.lme.com/Market-data/Reports-and-data/Warehouse-and-stock-reports,2026-07-13T10:06:58.450229,daily,B,confirmed
2026-03-02,lme_inventory,8780.48,ton,手动维护-LME,https://www.lme.com/Market-data/Reports-and-data/Warehouse-and-stock-reports,2026-07-13T10:06:58.450229,daily,B,confirmed
2026-03-03,lme_inventory,8780.97,ton,手动维护-LME,https://www.lme.com/Market-data/Reports-and-data/Warehouse-and-stock-reports,2026-07-13T10:06:58.451230,daily,B,confirmed
2026-03-04,lme_inventory,8781.45,ton,手动维护-LME,https://www.lme.com/Market-data/Reports-and-data/Warehouse-and-stock-reports,2026-07-13T10:06:58.451230,daily,B,confirmed
2026-03-05,lme_inventory,8781.94,ton,手动维护-LME,https://www.lme.com/Market-data/Reports-and-data/Warehouse-and-stock-reports,2026-07-13T10:06:58.451230,daily,B,confirmed
2026-03-06,lme_inventory,8782.42,ton,手动维护-LME,https://www.lme.com/Market-data/Reports-and-data/Warehouse-and-stock-reports,2026-07-13T10:06:58.451230,daily,B,confirmed
2026-03-07,lme_inventory,8782.9,ton,手动维护-LME,https://www.lme.com/Market-data/Reports-and-data/Warehouse-and-stock-reports,2026-07-13T10:06:58.451230,daily,B,confirmed
2026-03-08,lme_inventory,8783.39,ton,手动维护-LME,https://www.lme.com/Market-data/Reports-and-data/Warehouse-and-stock-reports,2026-07-13T10:06:58.451230,daily,B,confirmed
2026-03-09,lme_inventory,8783.87,ton,手动维护-LME,https://www.lme.com/Market-data/Reports-and-data/Warehouse-and-stock-reports,2026-07-13T10:06:58.451230,daily,B,confirmed
2026-03-10,lme_inventory,8784.35,ton,手动维护-LME,https://www.lme.com/Market-data/Reports-and-data/Warehouse-and-stock-reports,2026-07-13T10:06:58.451230,daily,B,confirmed
2026-03-11,lme_inventory,8784.84,ton,手动维护-LME,https://www.lme.com/Market-data/Reports-and-data/Warehouse-and-stock-reports,2026-07-13T10:06:58.451230,daily,B,confirmed
2026-03-12,lme_inventory,8785.32,ton,手动维护-LME,https://www.lme.com/Market-data/Reports-and-data/Warehouse-and-stock-reports,2026-07-13T10:06:58.452230,daily,B,confirmed
2026-03-13,lme_inventory,8785.81,ton,手动维护-LME,https://www.lme.com/Market-data/Reports-and-data/Warehouse-and-stock-reports,2026-07-13T10:06:58.452230,daily,B,confirmed
2026-03-14,lme_inventory,8786.29,ton,手动维护-LME,https://www.lme.com/Market-data/Reports-and-data/Warehouse-and-stock-reports,2026-07-13T10:06:58.452230,daily,B,confirmed
2026-03-15,lme_inventory,8786.77,ton,手动维护-LME,https://www.lme.com/Market-data/Reports-and-data/Warehouse-and-stock-reports,2026-07-13T10:06:58.452230,daily,B,confirmed
2026-03-16,lme_inventory,8650.0,ton,手动维护-LBMA,https://www.lbma.org.uk/prices-and-data/london-vault-data,2026-09-17T09:12:29.593895,daily,B,confirmed
2026-03-17,lme_inventory,8647.0,ton,手动维护-LBMA,https://www.lbma.org.uk/prices-and-data/london-vault-data,2026-09-17T09:12:29.593895,daily,B,confirmed
2026-03-18,lme_inventory,8652.0,ton,手动维护-LBMA,https://www.lbma.org.uk/prices-and-data/london-vault-data,2026-09-17T09:12:29.593895,daily,B,confirmed
2026-03-19,lme_inventory,8649.0,ton,手动维护-LBMA,https://www.lbma.org.uk/prices-and-data/london-vault-data,2026-09-17T09:12:29.593895,daily,B,confirmed
2026-03-20,lme_inventory,8655.0,ton,手动维护-LBMA,https://www.lbma.org.uk/prices-and-data/london-vault-data,2026-09-17T09:12:29.593895,daily,B,confirmed
2026-03-21,lme_inventory,8658.0,ton,手动维护-LBMA,https://www.lbma.org.uk/prices-and-data/london-vault-data,2026-09-17T09:12:29.593895,daily,B,confirmed
2026-03-22,lme_inventory,8660.0,ton,手动维护-LBMA,https://www.lbma.org.uk/prices-and-data/london-vault-data,2026-09-17T09:12:29.593895,daily,B,confirmed
2026-03-23,lme_inventory,8659.0,ton,手动维护-LBMA,https://www.lbma.org.uk/prices-and-data/london-vault-data,2026-09-17T09:12:29.594894,daily,B,confirmed
2026-03-24,lme_inventory,8662.0,ton,手动维护-LBMA,https://www.lbma.org.uk/prices-and-data/london-vault-data,2026-09-17T09:12:29.594894,daily,B,confirmed
2026-03-25,lme_inventory,8662.0,ton,手动维护-LBMA,https://www.lbma.org.uk/prices-and-data/london-vault-data,2026-09-17T09:12:29.594894,daily,B,confirmed
2026-03-26,lme_inventory,8662.0,ton,手动维护-LBMA,https://www.lbma.org.uk/prices-and-data/london-vault-data,2026-09-17T09:12:29.594894,daily,B,confirmed
2026-03-27,lme_inventory,8647.0,ton,手动维护-LBMA,https://www.lbma.org.uk/prices-and-data/london-vault-data,2026-09-17T09:12:29.594894,daily,B,confirmed
2026-03-28,lme_inventory,8643.0,ton,手动维护-LBMA,https://www.lbma.org.uk/prices-and-data/london-vault-data,2026-09-17T09:12:29.594894,daily,B,confirmed
2026-03-29,lme_inventory,8663.0,ton,手动维护-LBMA,https://www.lbma.org.uk/prices-and-data/london-vault-data,2026-09-17T09:12:29.594894,daily,B,confirmed
2026-03-30,lme_inventory,8649.0,ton,手动维护-LBMA,https://www.lbma.org.uk/prices-and-data/london-vault-data,2026-09-17T09:12:29.594894,daily,B,confirmed
2026-03-31,lme_inventory,8647.0,ton,手动维护-LBMA,https://www.lbma.org.uk/prices-and-data/london-vault-data,2026-09-17T09:12:29.594894,daily,B,confirmed
2026-04-01,lme_inventory,8635.0,ton,手动维护-LBMA,https://www.lbma.org.uk/prices-and-data/london-vault-data,2026-09-17T09:12:29.594894,daily,B,confirmed
2026-04-02,lme_inventory,8659.0,ton,手动维护-LBMA,https://www.lbma.org.uk/prices-and-data/london-vault-data,2026-09-17T09:12:29.594894,daily,B,confirmed
2026-04-03,lme_inventory,8641.0,ton,手动维护-LBMA,https://www.lbma.org.uk/prices-and-data/london-vault-data,2026-09-17T09:12:29.594894,daily,B,confirmed
2026-04-04,lme_inventory,8643.0,ton,手动维护-LBMA,https://www.lbma.org.uk/prices-and-data/london-vault-data,2026-09-17T09:12:29.595895,daily,B,confirmed
2026-04-05,lme_inventory,8658.0,ton,手动维护-LBMA,https://www.lbma.org.uk/prices-and-data/london-vault-data,2026-09-17T09:12:29.595895,daily,B,confirmed
2026-04-06,lme_inventory,8635.0,ton,手动维护-LBMA,https://www.lbma.org.uk/prices-and-data/london-vault-data,2026-09-17T09:12:29.595895,daily,B,confirmed
2026-04-07,lme_inventory,8646.0,ton,手动维护-LBMA,https://www.lbma.org.uk/prices-and-data/london-vault-data,2026-09-17T09:12:29.595895,daily,B,confirmed
2026-04-08,lme_inventory,8642.0,ton,手动维护-LBMA,https://www.lbma.org.uk/prices-and-data/london-vault-data,2026-09-17T09:12:29.595895,daily,B,confirmed
2026-04-09,lme_inventory,8658.0,ton,手动维护-LBMA,https://www.lbma.org.uk/prices-and-data/london-vault-data,2026-09-17T09:12:29.595895,daily,B,confirmed
2026-04-10,lme_inventory,8645.0,ton,手动维护-LBMA,https://www.lbma.org.uk/prices-and-data/london-vault-data,2026-09-17T09:12:29.595895,daily,B,confirmed
2026-04-11,lme_inventory,8653.0,ton,手动维护-LBMA,https://www.lbma.org.uk/prices-and-data/london-vault-data,2026-09-17T09:12:29.595895,daily,B,confirmed
2026-04-12,lme_inventory,8651.0,ton,手动维护-LBMA,https://www.lbma.org.uk/prices-and-data/london-vault-data,2026-09-17T09:12:29.595895,daily,B,confirmed
2026-04-13,lme_inventory,8642.0,ton,手动维护-LBMA,https://www.lbma.org.uk/prices-and-data/london-vault-data,2026-09-17T09:12:29.595895,daily,B,confirmed
2026-04-14,lme_inventory,8637.0,ton,手动维护-LBMA,https://www.lbma.org.uk/prices-and-data/london-vault-data,2026-09-17T09:12:29.595895,daily,B,confirmed
2026-04-15,lme_inventory,8617.0,ton,手动维护-LBMA,https://www.lbma.org.uk/prices-and-data/london-vault-data,2026-09-17T09:12:29.596897,daily,B,confirmed
2026-04-16,lme_inventory,8615.0,ton,手动维护-LBMA,https://www.lbma.org.uk/prices-and-data/london-vault-data,2026-09-17T09:12:29.596897,daily,B,confirmed
2026-04-17,lme_inventory,8641.0,ton,手动维护-LBMA,https://www.lbma.org.uk/prices-and-data/london-vault-data,2026-09-17T09:12:29.596897,daily,B,confirmed
2026-04-18,lme_inventory,8619.0,ton,手动维护-LBMA,https://www.lbma.org.uk/prices-and-data/london-vault-data,2026-09-17T09:12:29.596897,daily,B,confirmed
2026-04-19,lme_inventory,8624.0,ton,手动维护-LBMA,https://www.lbma.org.uk/prices-and-data/london-vault-data,2026-09-17T09:12:29.596897,daily,B,confirmed
2026-04-20,lme_inventory,8621.0,ton,手动维护-LBMA,https://www.lbma.org.uk/prices-and-data/london-vault-data,2026-09-17T09:12:29.596897,daily,B,confirmed
2026-04-21,lme_inventory,8640.0,ton,手动维护-LBMA,https://www.lbma.org.uk/prices-and-data/london-vault-data,2026-09-17T09:12:29.596897,daily,B,confirmed
2026-04-22,lme_inventory,8623.0,ton,手动维护-LBMA,https://www.lbma.org.uk/prices-and-data/london-vault-data,2026-09-17T09:12:29.596897,daily,B,confirmed
2026-04-23,lme_inventory,8642.0,ton,手动维护-LBMA,https://www.lbma.org.uk/prices-and-data/london-vault-data,2026-09-17T09:12:29.596897,daily,B,confirmed
2026-04-24,lme_inventory,8621.0,ton,手动维护-LBMA,https://www.lbma.org.uk/prices-and-data/london-vault-data,2026-09-17T09:12:29.596897,daily,B,confirmed
2026-04-25,lme_inventory,8623.0,ton,手动维护-LBMA,https://www.lbma.org.uk/prices-and-data/london-vault-data,2026-09-17T09:12:29.596897,daily,B,confirmed
2026-04-26,lme_inventory,8622.0,ton,手动维护-LBMA,https://www.lbma.org.uk/prices-and-data/london-vault-data,2026-09-17T09:12:29.596897,daily,B,confirmed
2026-04-27,lme_inventory,8626.0,ton,手动维护-LBMA,https://www.lbma.org.uk/prices-and-data/london-vault-data,2026-09-17T09:12:29.597895,daily,B,confirmed
2026-04-28,lme_inventory,8616.0,ton,手动维护-LBMA,https://www.lbma.org.uk/prices-and-data/london-vault-data,2026-09-17T09:12:29.597895,daily,B,confirmed
2026-04-29,lme_inventory,8615.0,ton,手动维护-LBMA,https://www.lbma.org.uk/prices-and-data/london-vault-data,2026-09-17T09:12:29.597895,daily,B,confirmed
2026-04-30,lme_inventory,8630.0,ton,手动维护-LBMA,https://www.lbma.org.uk/prices-and-data/london-vault-data,2026-09-17T09:12:29.597895,daily,B,confirmed
2026-05-01,lme_inventory,8637.0,ton,手动维护-LBMA,https://www.lbma.org.uk/prices-and-data/london-vault-data,2026-09-17T09:12:29.597895,daily,B,confirmed
2026-05-02,lme_inventory,8637.0,ton,手动维护-LBMA,https://www.lbma.org.uk/prices-and-data/london-vault-data,2026-09-17T09:12:29.597895,daily,B,confirmed
2026-05-03,lme_inventory,8644.0,ton,手动维护-LBMA,https://www.lbma.org.uk/prices-and-data/london-vault-data,2026-09-17T09:12:29.597895,daily,B,confirmed
2026-05-04,lme_inventory,8638.0,ton,手动维护-LBMA,https://www.lbma.org.uk/prices-and-data/london-vault-data,2026-09-17T09:12:29.597895,daily,B,confirmed
2026-05-05,lme_inventory,8619.0,ton,手动维护-LBMA,https://www.lbma.org.uk/prices-and-data/london-vault-data,2026-09-17T09:12:29.597895,daily,B,confirmed
2026-05-06,lme_inventory,8617.0,ton,手动维护-LBMA,https://www.lbma.org.uk/prices-and-data/london-vault-data,2026-09-17T09:12:29.597895,daily,B,confirmed
2026-05-07,lme_inventory,8626.0,ton,手动维护-LBMA,https://www.lbma.org.uk/prices-and-data/london-vault-data,2026-09-17T09:12:29.597895,daily,B,confirmed
2026-05-08,lme_inventory,8622.0,ton,手动维护-LBMA,https://www.lbma.org.uk/prices-and-data/london-vault-data,2026-09-17T09:12:29.597895,daily,B,confirmed
2026-05-09,lme_inventory,8636.0,ton,手动维护-LBMA,https://www.lbma.org.uk/prices-and-data/london-vault-data,2026-09-17T09:12:29.598895,daily,B,confirmed
2026-05-10,lme_inventory,8641.0,ton,手动维护-LBMA,https://www.lbma.org.uk/prices-and-data/london-vault-data,2026-09-17T09:12:29.598895,daily,B,confirmed
2026-05-11,lme_inventory,8617.0,ton,手动维护-LBMA,https://www.lbma.org.uk/prices-and-data/london-vault-data,2026-09-17T09:12:29.598895,daily,B,confirmed
2026-05-12,lme_inventory,8615.0,ton,手动维护-LBMA,https://www.lbma.org.uk/prices-and-data/london-vault-data,2026-09-17T09:12:29.598895,daily,B,confirmed
2026-05-13,lme_inventory,8617.0,ton,手动维护-LBMA,https://www.lbma.org.uk/prices-and-data/london-vault-data,2026-09-17T09:12:29.598895,daily,B,confirmed
2026-05-14,lme_inventory,8619.0,ton,手动维护-LBMA,https://www.lbma.org.uk/prices-and-data/london-vault-data,2026-09-17T09:12:29.598895,daily,B,confirmed
2026-05-15,lme_inventory,8579.0,ton,手动维护-LBMA,https://www.lbma.org.uk/prices-and-data/london-vault-data,2026-09-17T09:12:29.598895,daily,B,confirmed
2026-05-16,lme_inventory,8578.0,ton,手动维护-LBMA,https://www.lbma.org.uk/prices-and-data/london-vault-data,2026-09-17T09:12:29.598895,daily,B,confirmed
2026-05-17,lme_inventory,8567.0,ton,手动维护-LBMA,https://www.lbma.org.uk/prices-and-data/london-vault-data,2026-09-17T09:12:29.598895,daily,B,confirmed
2026-05-18,lme_inventory,8565.0,ton,手动维护-LBMA,https://www.lbma.org.uk/prices-and-data/london-vault-data,2026-09-17T09:12:29.598895,daily,B,confirmed
2026-05-19,lme_inventory,8569.0,ton,手动维护-LBMA,https://www.lbma.org.uk/prices-and-data/london-vault-data,2026-09-17T09:12:29.598895,daily,B,confirmed
2026-05-20,lme_inventory,8590.0,ton,手动维护-LBMA,https://www.lbma.org.uk/prices-and-data/london-vault-data,2026-09-17T09:12:29.598895,daily,B,confirmed
2026-05-21,lme_inventory,8587.0,ton,手动维护-LBMA,https://www.lbma.org.uk/prices-and-data/london-vault-data,2026-09-17T09:12:29.599902,daily,B,confirmed
2026-05-22,lme_inventory,8578.0,ton,手动维护-LBMA,https://www.lbma.org.uk/prices-and-data/london-vault-data,2026-09-17T09:12:29.599902,daily,B,confirmed
2026-05-23,lme_inventory,8571.0,ton,手动维护-LBMA,https://www.lbma.org.uk/prices-and-data/london-vault-data,2026-09-17T09:12:29.599902,daily,B,confirmed
2026-05-24,lme_inventory,8591.0,ton,手动维护-LBMA,https://www.lbma.org.uk/prices-and-data/london-vault-data,2026-09-17T09:12:29.599902,daily,B,confirmed
2026-05-25,lme_inventory,8573.0,ton,手动维护-LBMA,https://www.lbma.org.uk/prices-and-data/london-vault-data,2026-09-17T09:12:29.599902,daily,B,confirmed
2026-05-26,lme_inventory,8579.0,ton,手动维护-LBMA,https://www.lbma.org.uk/prices-and-data/london-vault-data,2026-09-17T09:12:29.600403,daily,B,confirmed
2026-05-27,lme_inventory,8579.0,ton,手动维护-LBMA,https://www.lbma.org.uk/prices-and-data/london-vault-data,2026-09-17T09:12:29.600403,daily,B,confirmed
2026-05-28,lme_inventory,8590.0,ton,手动维护-LBMA,https://www.lbma.org.uk/prices-and-data/london-vault-data,2026-09-17T09:12:29.600403,daily,B,confirmed
2026-05-29,lme_inventory,8574.0,ton,手动维护-LBMA,https://www.lbma.org.uk/prices-and-data/london-vault-data,2026-09-17T09:12:29.600403,daily,B,confirmed
2026-05-30,lme_inventory,8592.0,ton,手动维护-LBMA,https://www.lbma.org.uk/prices-and-data/london-vault-data,2026-09-17T09:12:29.600403,daily,B,confirmed
2026-05-31,lme_inventory,8577.0,ton,手动维护-LBMA,https://www.lbma.org.uk/prices-and-data/london-vault-data,2026-09-17T09:12:29.600403,daily,B,confirmed
2026-06-01,lme_inventory,8583.0,ton,手动维护-LBMA,https://www.lbma.org.uk/prices-and-data/london-vault-data,2026-09-17T09:12:29.600899,daily,B,confirmed
2026-06-02,lme_inventory,8571.0,ton,手动维护-LBMA,https://www.lbma.org.uk/prices-and-data/london-vault-data,2026-09-17T09:12:29.600899,daily,B,confirmed
2026-06-03,lme_inventory,8581.0,ton,手动维护-LBMA,https://www.lbma.org.uk/prices-and-data/london-vault-data,2026-09-17T09:12:29.600899,daily,B,confirmed
2026-06-04,lme_inventory,8584.0,ton,手动维护-LBMA,https://www.lbma.org.uk/prices-and-data/london-vault-data,2026-09-17T09:12:29.600899,daily,B,confirmed
2026-06-05,lme_inventory,8593.0,ton,手动维护-LBMA,https://www.lbma.org.uk/prices-and-data/london-vault-data,2026-09-17T09:12:29.600899,daily,B,confirmed
2026-06-06,lme_inventory,8568.0,ton,手动维护-LBMA,https://www.lbma.org.uk/prices-and-data/london-vault-data,2026-09-17T09:12:29.600899,daily,B,confirmed
2026-06-07,lme_inventory,8594.0,ton,手动维护-LBMA,https://www.lbma.org.uk/prices-and-data/london-vault-data,2026-09-17T09:12:29.600899,daily,B,confirmed
2026-06-08,lme_inventory,8569.0,ton,手动维护-LBMA,https://www.lbma.org.uk/prices-and-data/london-vault-data,2026-09-17T09:12:29.600899,daily,B,confirmed
2026-06-09,lme_inventory,8587.0,ton,手动维护-LBMA,https://www.lbma.org.uk/prices-and-data/london-vault-data,2026-09-17T09:12:29.600899,daily,B,confirmed
2026-06-10,lme_inventory,8571.0,ton,手动维护-LBMA,https://www.lbma.org.uk/prices-and-data/london-vault-data,2026-09-17T09:12:29.600899,daily,B,confirmed
2026-06-11,lme_inventory,8577.0,ton,手动维护-LBMA,https://www.lbma.org.uk/prices-and-data/london-vault-data,2026-09-17T09:12:29.600899,daily,B,confirmed
2026-06-12,lme_inventory,8579.0,ton,手动维护-LBMA,https://www.lbma.org.uk/prices-and-data/london-vault-data,2026-09-17T09:12:29.600899,daily,B,confirmed
2026-06-13,lme_inventory,8575.0,ton,手动维护-LBMA,https://www.lbma.org.uk/prices-and-data/london-vault-data,2026-09-17T09:12:29.601896,daily,B,confirmed
2026-06-14,lme_inventory,8573.0,ton,手动维护-LBMA,https://www.lbma.org.uk/prices-and-data/london-vault-data,2026-09-17T09:12:29.601896,daily,B,confirmed
2026-06-15,lme_inventory,8548.0,ton,手动维护-LBMA,https://www.lbma.org.uk/prices-and-data/london-vault-data,2026-09-17T09:12:29.601896,daily,B,confirmed
2026-06-16,lme_inventory,8557.0,ton,手动维护-LBMA,https://www.lbma.org.uk/prices-and-data/london-vault-data,2026-09-17T09:12:29.601896,daily,B,confirmed
2026-06-17,lme_inventory,8551.0,ton,手动维护-LBMA,https://www.lbma.org.uk/prices-and-data/london-vault-data,2026-09-17T09:12:29.601896,daily,B,confirmed
2026-06-18,lme_inventory,8571.0,ton,手动维护-LBMA,https://www.lbma.org.uk/prices-and-data/london-vault-data,2026-09-17T09:12:29.601896,daily,B,confirmed
2026-06-19,lme_inventory,8563.0,ton,手动维护-LBMA,https://www.lbma.org.uk/prices-and-data/london-vault-data,2026-09-17T09:12:29.601896,daily,B,confirmed
2026-06-20,lme_inventory,8566.0,ton,手动维护-LBMA,https://www.lbma.org.uk/prices-and-data/london-vault-data,2026-09-17T09:12:29.601896,daily,B,confirmed
2026-06-21,lme_inventory,8572.0,ton,手动维护-LBMA,https://www.lbma.org.uk/prices-and-data/london-vault-data,2026-09-17T09:12:29.601896,daily,B,confirmed
2026-06-22,lme_inventory,8546.0,ton,手动维护-LBMA,https://www.lbma.org.uk/prices-and-data/london-vault-data,2026-09-17T09:12:29.601896,daily,B,confirmed
2026-06-23,lme_inventory,8554.0,ton,手动维护-LBMA,https://www.lbma.org.uk/prices-and-data/london-vault-data,2026-09-17T09:12:29.601896,daily,B,confirmed
2026-06-24,lme_inventory,8557.0,ton,手动维护-LBMA,https://www.lbma.org.uk/prices-and-data/london-vault-data,2026-09-17T09:12:29.601896,daily,B,confirmed
2026-06-25,lme_inventory,8574.0,ton,手动维护-LBMA,https://www.lbma.org.uk/prices-and-data/london-vault-data,2026-09-17T09:12:29.602895,daily,B,confirmed
2026-06-26,lme_inventory,8569.0,ton,手动维护-LBMA,https://www.lbma.org.uk/prices-and-data/london-vault-data,2026-09-17T09:12:29.602895,daily,B,confirmed
2026-06-27,lme_inventory,8565.0,ton,手动维护-LBMA,https://www.lbma.org.uk/prices-and-data/london-vault-data,2026-09-17T09:12:29.602895,daily,B,confirmed
2026-06-28,lme_inventory,8550.0,ton,手动维护-LBMA,https://www.lbma.org.uk/prices-and-data/london-vault-data,2026-09-17T09:12:29.602895,daily,B,confirmed
2026-06-29,lme_inventory,8572.0,ton,手动维护-LBMA,https://www.lbma.org.uk/prices-and-data/london-vault-data,2026-09-17T09:12:29.602895,daily,B,confirmed
2026-06-30,lme_inventory,8572.0,ton,手动维护-LBMA,https://www.lbma.org.uk/prices-and-data/london-vault-data,2026-09-17T09:12:29.602895,daily,B,confirmed
2026-07-01,lme_inventory,8556.0,ton,手动维护-LBMA,https://www.lbma.org.uk/prices-and-data/london-vault-data,2026-09-17T09:12:29.602895,daily,B,confirmed
2026-07-02,lme_inventory,8556.0,ton,手动维护-LBMA,https://www.lbma.org.uk/prices-and-data/london-vault-data,2026-09-17T09:12:29.602895,daily,B,confirmed
2026-07-03,lme_inventory,8564.0,ton,手动维护-LBMA,https://www.lbma.org.uk/prices-and-data/london-vault-data,2026-09-17T09:12:29.602895,daily,B,confirmed
2026-07-04,lme_inventory,8574.0,ton,手动维护-LBMA,https://www.lbma.org.uk/prices-and-data/london-vault-data,2026-09-17T09:12:29.602895,daily,B,confirmed
2026-07-05,lme_inventory,8574.0,ton,手动维护-LBMA,https://www.lbma.org.uk/prices-and-data/london-vault-data,2026-09-17T09:12:29.602895,daily,B,confirmed
2026-07-06,lme_inventory,8555.0,ton,手动维护-LBMA,https://www.lbma.org.uk/prices-and-data/london-vault-data,2026-09-17T09:12:29.602895,daily,B,confirmed
2026-07-07,lme_inventory,8570.0,ton,手动维护-LBMA,https://www.lbma.org.uk/prices-and-data/london-vault-data,2026-09-17T09:12:29.603895,daily,B,confirmed
2026-07-08,lme_inventory,8567.0,ton,手动维护-LBMA,https://www.lbma.org.uk/prices-and-data/london-vault-data,2026-09-17T09:12:29.603895,daily,B,confirmed
2026-07-09,lme_inventory,8572.0,ton,手动维护-LBMA,https://www.lbma.org.uk/prices-and-data/london-vault-data,2026-09-17T09:12:29.603895,daily,B,confirmed
2026-07-10,lme_inventory,8569.0,ton,手动维护-LBMA,https://www.lbma.org.uk/prices-and-data/london-vault-data,2026-09-17T09:12:29.603895,daily,B,confirmed
2026-07-11,lme_inventory,8551.0,ton,手动维护-LBMA,https://www.lbma.org.uk/prices-and-data/london-vault-data,2026-09-17T09:12:29.603895,daily,B,confirmed
2026-07-12,lme_inventory,8574.0,ton,手动维护-LBMA,https://www.lbma.org.uk/prices-and-data/london-vault-data,2026-09-17T09:12:29.603895,daily,B,confirmed
2026-07-13,lme_inventory,8545.0,ton,手动维护-LBMA,https://www.lbma.org.uk/prices-and-data/london-vault-data,2026-09-17T09:12:29.603895,daily,B,confirmed
2026-07-14,lme_inventory,8545.0,ton,手动维护-LBMA,https://www.lbma.org.uk/prices-and-data/london-vault-data,2026-09-17T09:12:29.603895,daily,B,confirmed
2026-07-15,lme_inventory,8545.0,ton,手动维护-LBMA,https://www.lbma.org.uk/prices-and-data/london-vault-data,2026-09-17T09:12:29.603895,daily,B,confirmed
2026-07-16,lme_inventory,8545.0,ton,手动维护-LBMA,https://www.lbma.org.uk/prices-and-data/london-vault-data,2026-09-17T09:12:29.603895,daily,B,confirmed
2026-07-17,lme_inventory,8545.0,ton,手动维护-LBMA,https://www.lbma.org.uk/prices-and-data/london-vault-data,2026-09-17T09:12:29.603895,daily,B,confirmed
2026-07-20,lme_inventory,8545.0,ton,手动维护-LBMA,https://www.lbma.org.uk/prices-and-data/london-vault-data,2026-09-17T09:12:29.603895,daily,B,confirmed
2026-07-21,lme_inventory,8545.0,ton,手动维护-LBMA,https://www.lbma.org.uk/prices-and-data/london-vault-data,2026-09-17T09:12:29.604898,daily,B,confirmed
2026-07-22,lme_inventory,8545.0,ton,手动维护-LBMA,https://www.lbma.org.uk/prices-and-data/london-vault-data,2026-09-17T09:12:29.604898,daily,B,confirmed
2026-07-23,lme_inventory,8545.0,ton,手动维护-LBMA,https://www.lbma.org.uk/prices-and-data/london-vault-data,2026-09-17T09:12:29.604898,daily,B,confirmed
2026-07-24,lme_inventory,8545.0,ton,手动维护-LBMA,https://www.lbma.org.uk/prices-and-data/london-vault-data,2026-09-17T09:12:29.604898,daily,B,confirmed
2026-07-27,lme_inventory,8545.0,ton,手动维护-LBMA,https://www.lbma.org.uk/prices-and-data/london-vault-data,2026-09-17T09:12:29.604898,daily,B,confirmed
2026-07-28,lme_inventory,8545.0,ton,手动维护-LBMA,https://www.lbma.org.uk/prices-and-data/london-vault-data,2026-09-17T09:12:29.604898,daily,B,confirmed
2026-07-29,lme_inventory,8545.0,ton,手动维护-LBMA,https://www.lbma.org.uk/prices-and-data/london-vault-data,2026-09-17T09:12:29.604898,daily,B,confirmed
2026-07-30,lme_inventory,8545.0,ton,手动维护-LBMA,https://www.lbma.org.uk/prices-and-data/london-vault-data,2026-09-17T09:12:29.604898,daily,B,confirmed
2026-07-31,lme_inventory,8545.0,ton,手动维护-LBMA,https://www.lbma.org.uk/prices-and-data/london-vault-data,2026-09-17T09:12:29.604898,daily,B,confirmed
2026-08-03,lme_inventory,8545.0,ton,手动维护-LBMA,https://www.lbma.org.uk/prices-and-data/london-vault-data,2026-09-17T09:12:29.604898,daily,B,confirmed
2026-08-04,lme_inventory,8545.0,ton,手动维护-LBMA,https://www.lbma.org.uk/prices-and-data/london-vault-data,2026-09-17T09:12:29.604898,daily,B,confirmed
2026-08-05,lme_inventory,8545.0,ton,手动维护-LBMA,https://www.lbma.org.uk/prices-and-data/london-vault-data,2026-09-17T09:12:29.605895,daily,B,confirmed
2025-05-31,m1,1089147.65,CNY_bn,东方财富-货币供应,https://data.eastmoney.com/cjsj/hbgyl.html,2026-07-05T00:03:52.248080,monthly,A,confirmed
2025-06-30,m1,1139494.08,CNY_bn,东方财富-货币供应,https://data.eastmoney.com/cjsj/hbgyl.html,2026-08-04T00:03:24.348652,monthly,A,confirmed
2025-07-31,m1,1110586.92,CNY_bn,东方财富-货币供应,https://data.eastmoney.com/cjsj/hbgyl.html,2026-09-02T09:02:06.018896,monthly,A,confirmed
2025-08-31,m1,1112255.7,CNY_bn,东方财富-货币供应,https://data.eastmoney.com/cjsj/hbgyl.html,2026-09-17T09:12:29.556330,monthly,A,confirmed
2025-09-30,m1,1131455.07,CNY_bn,东方财富-货币供应,https://data.eastmoney.com/cjsj/hbgyl.html,2026-09-17T09:12:29.556330,monthly,A,confirmed
2025-10-31,m1,1119962.73,CNY_bn,东方财富-货币供应,https://data.eastmoney.com/cjsj/hbgyl.html,2026-09-17T09:12:29.556330,monthly,A,confirmed
2025-11-30,m1,1128866.64,CNY_bn,东方财富-货币供应,https://data.eastmoney.com/cjsj/hbgyl.html,2026-09-17T09:12:29.556330,monthly,A,confirmed
2025-12-31,m1,1155146.5,CNY_bn,东方财富-货币供应,https://data.eastmoney.com/cjsj/hbgyl.html,2026-09-17T09:12:29.556330,monthly,A,confirmed
2026-01-31,m1,1179680.52,CNY_bn,东方财富-货币供应,https://data.eastmoney.com/cjsj/hbgyl.html,2026-09-17T09:12:29.556330,monthly,A,confirmed
2026-02-28,m1,1159258.82,CNY_bn,东方财富-货币供应,https://data.eastmoney.com/cjsj/hbgyl.html,2026-09-17T09:12:29.556330,monthly,A,confirmed
2026-03-31,m1,1193202.99,CNY_bn,东方财富-货币供应,https://data.eastmoney.com/cjsj/hbgyl.html,2026-09-17T09:12:29.556330,monthly,A,confirmed
2026-04-30,m1,1145833.73,CNY_bn,东方财富-货币供应,https://data.eastmoney.com/cjsj/hbgyl.html,2026-09-17T09:12:29.556330,monthly,A,confirmed
2026-05-31,m1,1148891.41,CNY_bn,东方财富-货币供应,https://data.eastmoney.com/cjsj/hbgyl.html,2026-09-17T09:12:29.556330,monthly,A,confirmed
2026-06-30,m1,1184775.53,CNY_bn,东方财富-货币供应,https://data.eastmoney.com/cjsj/hbgyl.html,2026-09-17T09:12:29.556330,monthly,A,confirmed
2026-07-31,m1,1154623.0,CNY_bn,东方财富-货币供应,https://data.eastmoney.com/cjsj/hbgyl.html,2026-09-17T09:12:29.555323,monthly,A,confirmed
2026-08-31,m1,1157741.43,CNY_bn,东方财富-货币供应,https://data.eastmoney.com/cjsj/hbgyl.html,2026-09-17T09:12:29.555323,monthly,A,confirmed
2026-03-16,shfe_inventory,68.0,ton,手动维护-SHFE,https://www.shfe.com.cn/reports/businessdata/prmsummary/,2026-09-17T09:12:29.607895,daily,B,confirmed
2026-03-17,shfe_inventory,87.0,ton,手动维护-SHFE,https://www.shfe.com.cn/reports/businessdata/prmsummary/,2026-09-17T09:12:29.607895,daily,B,confirmed
2026-03-18,shfe_inventory,80.0,ton,手动维护-SHFE,https://www.shfe.com.cn/reports/businessdata/prmsummary/,2026-09-17T09:12:29.607895,daily,B,confirmed
2026-03-19,shfe_inventory,76.0,ton,手动维护-SHFE,https://www.shfe.com.cn/reports/businessdata/prmsummary/,2026-09-17T09:12:29.607895,daily,B,confirmed
2026-03-20,shfe_inventory,70.0,ton,手动维护-SHFE,https://www.shfe.com.cn/reports/businessdata/prmsummary/,2026-09-17T09:12:29.607895,daily,B,confirmed
2026-03-21,shfe_inventory,74.0,ton,手动维护-SHFE,https://www.shfe.com.cn/reports/businessdata/prmsummary/,2026-09-17T09:12:29.607895,daily,B,confirmed
2026-03-22,shfe_inventory,73.0,ton,手动维护-SHFE,https://www.shfe.com.cn/reports/businessdata/prmsummary/,2026-09-17T09:12:29.607895,daily,B,confirmed
2026-03-23,shfe_inventory,75.0,ton,手动维护-SHFE,https://www.shfe.com.cn/reports/businessdata/prmsummary/,2026-09-17T09:12:29.607895,daily,B,confirmed
2026-03-24,shfe_inventory,76.0,ton,手动维护-SHFE,https://www.shfe.com.cn/reports/businessdata/prmsummary/,2026-09-17T09:12:29.607895,daily,B,confirmed
2026-03-25,shfe_inventory,72.0,ton,手动维护-SHFE,https://www.shfe.com.cn/reports/businessdata/prmsummary/,2026-09-17T09:12:29.607895,daily,B,confirmed
2026-03-26,shfe_inventory,68.0,ton,手动维护-SHFE,https://www.shfe.com.cn/reports/businessdata/prmsummary/,2026-09-17T09:12:29.607895,daily,B,confirmed
2026-03-27,shfe_inventory,86.0,ton,手动维护-SHFE,https://www.shfe.com.cn/reports/businessdata/prmsummary/,2026-09-17T09:12:29.608895,daily,B,confirmed
2026-03-28,shfe_inventory,77.0,ton,手动维护-SHFE,https://www.shfe.com.cn/reports/businessdata/prmsummary/,2026-09-17T09:12:29.608895,daily,B,confirmed
2026-03-29,shfe_inventory,79.0,ton,手动维护-SHFE,https://www.shfe.com.cn/reports/businessdata/prmsummary/,2026-09-17T09:12:29.608895,daily,B,confirmed
2026-03-30,shfe_inventory,91.0,ton,手动维护-SHFE,https://www.shfe.com.cn/reports/businessdata/prmsummary/,2026-09-17T09:12:29.608895,daily,B,confirmed
2026-03-31,shfe_inventory,82.0,ton,手动维护-SHFE,https://www.shfe.com.cn/reports/businessdata/prmsummary/,2026-09-17T09:12:29.608895,daily,B,confirmed
2026-04-01,shfe_inventory,89.0,ton,手动维护-SHFE,https://www.shfe.com.cn/reports/businessdata/prmsummary/,2026-09-17T09:12:29.608895,daily,B,confirmed
2026-04-02,shfe_inventory,91.0,ton,手动维护-SHFE,https://www.shfe.com.cn/reports/businessdata/prmsummary/,2026-09-17T09:12:29.608895,daily,B,confirmed
2026-04-03,shfe_inventory,76.0,ton,手动维护-SHFE,https://www.shfe.com.cn/reports/businessdata/prmsummary/,2026-09-17T09:12:29.608895,daily,B,confirmed
2026-04-04,shfe_inventory,87.0,ton,手动维护-SHFE,https://www.shfe.com.cn/reports/businessdata/prmsummary/,2026-09-17T09:12:29.608895,daily,B,confirmed
2026-04-05,shfe_inventory,84.0,ton,手动维护-SHFE,https://www.shfe.com.cn/reports/businessdata/prmsummary/,2026-09-17T09:12:29.608895,daily,B,confirmed
2026-04-06,shfe_inventory,84.0,ton,手动维护-SHFE,https://www.shfe.com.cn/reports/businessdata/prmsummary/,2026-09-17T09:12:29.608895,daily,B,confirmed
2026-04-07,shfe_inventory,87.0,ton,手动维护-SHFE,https://www.shfe.com.cn/reports/businessdata/prmsummary/,2026-09-17T09:12:29.609894,daily,B,confirmed
2026-04-08,shfe_inventory,79.0,ton,手动维护-SHFE,https://www.shfe.com.cn/reports/businessdata/prmsummary/,2026-09-17T09:12:29.609894,daily,B,confirmed
2026-04-09,shfe_inventory,74.0,ton,手动维护-SHFE,https://www.shfe.com.cn/reports/businessdata/prmsummary/,2026-09-17T09:12:29.609894,daily,B,confirmed
2026-04-10,shfe_inventory,69.0,ton,手动维护-SHFE,https://www.shfe.com.cn/reports/businessdata/prmsummary/,2026-09-17T09:12:29.609894,daily,B,confirmed
2026-04-11,shfe_inventory,70.0,ton,手动维护-SHFE,https://www.shfe.com.cn/reports/businessdata/prmsummary/,2026-09-17T09:12:29.609894,daily,B,confirmed
2026-04-12,shfe_inventory,84.0,ton,手动维护-SHFE,https://www.shfe.com.cn/reports/businessdata/prmsummary/,2026-09-17T09:12:29.609894,daily,B,confirmed
2026-04-13,shfe_inventory,72.0,ton,手动维护-SHFE,https://www.shfe.com.cn/reports/businessdata/prmsummary/,2026-09-17T09:12:29.609894,daily,B,confirmed
2026-04-14,shfe_inventory,84.0,ton,手动维护-SHFE,https://www.shfe.com.cn/reports/businessdata/prmsummary/,2026-09-17T09:12:29.609894,daily,B,confirmed
2026-04-15,shfe_inventory,106.0,ton,手动维护-SHFE,https://www.shfe.com.cn/reports/businessdata/prmsummary/,2026-09-17T09:12:29.609894,daily,B,confirmed
2026-04-16,shfe_inventory,99.0,ton,手动维护-SHFE,https://www.shfe.com.cn/reports/businessdata/prmsummary/,2026-09-17T09:12:29.609894,daily,B,confirmed
2026-04-17,shfe_inventory,99.0,ton,手动维护-SHFE,https://www.shfe.com.cn/reports/businessdata/prmsummary/,2026-09-17T09:12:29.609894,daily,B,confirmed
2026-04-18,shfe_inventory,84.0,ton,手动维护-SHFE,https://www.shfe.com.cn/reports/businessdata/prmsummary/,2026-09-17T09:12:29.609894,daily,B,confirmed
2026-04-19,shfe_inventory,84.0,ton,手动维护-SHFE,https://www.shfe.com.cn/reports/businessdata/prmsummary/,2026-09-17T09:12:29.610894,daily,B,confirmed
2026-04-20,shfe_inventory,104.0,ton,手动维护-SHFE,https://www.shfe.com.cn/reports/businessdata/prmsummary/,2026-09-17T09:12:29.610894,daily,B,confirmed
2026-04-21,shfe_inventory,105.0,ton,手动维护-SHFE,https://www.shfe.com.cn/reports/businessdata/prmsummary/,2026-09-17T09:12:29.610894,daily,B,confirmed
2026-04-22,shfe_inventory,87.0,ton,手动维护-SHFE,https://www.shfe.com.cn/reports/businessdata/prmsummary/,2026-09-17T09:12:29.610894,daily,B,confirmed
2026-04-23,shfe_inventory,83.0,ton,手动维护-SHFE,https://www.shfe.com.cn/reports/businessdata/prmsummary/,2026-09-17T09:12:29.610894,daily,B,confirmed
2026-04-24,shfe_inventory,83.0,ton,手动维护-SHFE,https://www.shfe.com.cn/reports/businessdata/prmsummary/,2026-09-17T09:12:29.610894,daily,B,confirmed
2026-04-25,shfe_inventory,101.0,ton,手动维护-SHFE,https://www.shfe.com.cn/reports/businessdata/prmsummary/,2026-09-17T09:12:29.610894,daily,B,confirmed
2026-04-26,shfe_inventory,84.0,ton,手动维护-SHFE,https://www.shfe.com.cn/reports/businessdata/prmsummary/,2026-09-17T09:12:29.610894,daily,B,confirmed
2026-04-27,shfe_inventory,103.0,ton,手动维护-SHFE,https://www.shfe.com.cn/reports/businessdata/prmsummary/,2026-09-17T09:12:29.610894,daily,B,confirmed
2026-04-28,shfe_inventory,94.0,ton,手动维护-SHFE,https://www.shfe.com.cn/reports/businessdata/prmsummary/,2026-09-17T09:12:29.610894,daily,B,confirmed
2026-04-29,shfe_inventory,88.0,ton,手动维护-SHFE,https://www.shfe.com.cn/reports/businessdata/prmsummary/,2026-09-17T09:12:29.610894,daily,B,confirmed
2026-04-30,shfe_inventory,105.0,ton,手动维护-SHFE,https://www.shfe.com.cn/reports/businessdata/prmsummary/,2026-09-17T09:12:29.610894,daily,B,confirmed
2026-05-01,shfe_inventory,86.0,ton,手动维护-SHFE,https://www.shfe.com.cn/reports/businessdata/prmsummary/,2026-09-17T09:12:29.611992,daily,B,confirmed
2026-05-02,shfe_inventory,105.0,ton,手动维护-SHFE,https://www.shfe.com.cn/reports/businessdata/prmsummary/,2026-09-17T09:12:29.611992,daily,B,confirmed
2026-05-03,shfe_inventory,93.0,ton,手动维护-SHFE,https://www.shfe.com.cn/reports/businessdata/prmsummary/,2026-09-17T09:12:29.611992,daily,B,confirmed
2026-05-04,shfe_inventory,106.0,ton,手动维护-SHFE,https://www.shfe.com.cn/reports/businessdata/prmsummary/,2026-09-17T09:12:29.611992,daily,B,confirmed
2026-05-05,shfe_inventory,99.0,ton,手动维护-SHFE,https://www.shfe.com.cn/reports/businessdata/prmsummary/,2026-09-17T09:12:29.612501,daily,B,confirmed
2026-05-06,shfe_inventory,88.0,ton,手动维护-SHFE,https://www.shfe.com.cn/reports/businessdata/prmsummary/,2026-09-17T09:12:29.612501,daily,B,confirmed
2026-05-07,shfe_inventory,106.0,ton,手动维护-SHFE,https://www.shfe.com.cn/reports/businessdata/prmsummary/,2026-09-17T09:12:29.612501,daily,B,confirmed
2026-05-08,shfe_inventory,87.0,ton,手动维护-SHFE,https://www.shfe.com.cn/reports/businessdata/prmsummary/,2026-09-17T09:12:29.612501,daily,B,confirmed
2026-05-09,shfe_inventory,102.0,ton,手动维护-SHFE,https://www.shfe.com.cn/reports/businessdata/prmsummary/,2026-09-17T09:12:29.612501,daily,B,confirmed
2026-05-10,shfe_inventory,84.0,ton,手动维护-SHFE,https://www.shfe.com.cn/reports/businessdata/prmsummary/,2026-09-17T09:12:29.612501,daily,B,confirmed
2026-05-11,shfe_inventory,88.0,ton,手动维护-SHFE,https://www.shfe.com.cn/reports/businessdata/prmsummary/,2026-09-17T09:12:29.612501,daily,B,confirmed
2026-05-12,shfe_inventory,104.0,ton,手动维护-SHFE,https://www.shfe.com.cn/reports/businessdata/prmsummary/,2026-09-17T09:12:29.613513,daily,B,confirmed
2026-05-13,shfe_inventory,93.0,ton,手动维护-SHFE,https://www.shfe.com.cn/reports/businessdata/prmsummary/,2026-09-17T09:12:29.613513,daily,B,confirmed
2026-05-14,shfe_inventory,98.0,ton,手动维护-SHFE,https://www.shfe.com.cn/reports/businessdata/prmsummary/,2026-09-17T09:12:29.613513,daily,B,confirmed
2026-05-15,shfe_inventory,78.0,ton,手动维护-SHFE,https://www.shfe.com.cn/reports/businessdata/prmsummary/,2026-09-17T09:12:29.613513,daily,B,confirmed
2026-05-16,shfe_inventory,63.0,ton,手动维护-SHFE,https://www.shfe.com.cn/reports/businessdata/prmsummary/,2026-09-17T09:12:29.613513,daily,B,confirmed
2026-05-17,shfe_inventory,71.0,ton,手动维护-SHFE,https://www.shfe.com.cn/reports/businessdata/prmsummary/,2026-09-17T09:12:29.613513,daily,B,confirmed
2026-05-18,shfe_inventory,68.0,ton,手动维护-SHFE,https://www.shfe.com.cn/reports/businessdata/prmsummary/,2026-09-17T09:12:29.613513,daily,B,confirmed
2026-05-19,shfe_inventory,78.0,ton,手动维护-SHFE,https://www.shfe.com.cn/reports/businessdata/prmsummary/,2026-09-17T09:12:29.613513,daily,B,confirmed
2026-05-20,shfe_inventory,65.0,ton,手动维护-SHFE,https://www.shfe.com.cn/reports/businessdata/prmsummary/,2026-09-17T09:12:29.614513,daily,B,confirmed
2026-05-21,shfe_inventory,82.0,ton,手动维护-SHFE,https://www.shfe.com.cn/reports/businessdata/prmsummary/,2026-09-17T09:12:29.614513,daily,B,confirmed
2026-05-22,shfe_inventory,66.0,ton,手动维护-SHFE,https://www.shfe.com.cn/reports/businessdata/prmsummary/,2026-09-17T09:12:29.614513,daily,B,confirmed
2026-05-23,shfe_inventory,81.0,ton,手动维护-SHFE,https://www.shfe.com.cn/reports/businessdata/prmsummary/,2026-09-17T09:12:29.614513,daily,B,confirmed
2026-05-24,shfe_inventory,65.0,ton,手动维护-SHFE,https://www.shfe.com.cn/reports/businessdata/prmsummary/,2026-09-17T09:12:29.614513,daily,B,confirmed
2026-05-25,shfe_inventory,81.0,ton,手动维护-SHFE,https://www.shfe.com.cn/reports/businessdata/prmsummary/,2026-09-17T09:12:29.614513,daily,B,confirmed
2026-05-26,shfe_inventory,82.0,ton,手动维护-SHFE,https://www.shfe.com.cn/reports/businessdata/prmsummary/,2026-09-17T09:12:29.614513,daily,B,confirmed
2026-05-27,shfe_inventory,69.0,ton,手动维护-SHFE,https://www.shfe.com.cn/reports/businessdata/prmsummary/,2026-09-17T09:12:29.615516,daily,B,confirmed
2026-05-28,shfe_inventory,82.0,ton,手动维护-SHFE,https://www.shfe.com.cn/reports/businessdata/prmsummary/,2026-09-17T09:12:29.615516,daily,B,confirmed
2026-05-29,shfe_inventory,71.0,ton,手动维护-SHFE,https://www.shfe.com.cn/reports/businessdata/prmsummary/,2026-09-17T09:12:29.615516,daily,B,confirmed
2026-05-30,shfe_inventory,63.0,ton,手动维护-SHFE,https://www.shfe.com.cn/reports/businessdata/prmsummary/,2026-09-17T09:12:29.615516,daily,B,confirmed
2026-05-31,shfe_inventory,70.0,ton,手动维护-SHFE,https://www.shfe.com.cn/reports/businessdata/prmsummary/,2026-09-17T09:12:29.615516,daily,B,confirmed
2026-06-01,shfe_inventory,69.0,ton,手动维护-SHFE,https://www.shfe.com.cn/reports/businessdata/prmsummary/,2026-09-17T09:12:29.615516,daily,B,confirmed
2026-06-02,shfe_inventory,80.0,ton,手动维护-SHFE,https://www.shfe.com.cn/reports/businessdata/prmsummary/,2026-09-17T09:12:29.615516,daily,B,confirmed
2026-06-03,shfe_inventory,70.0,ton,手动维护-SHFE,https://www.shfe.com.cn/reports/businessdata/prmsummary/,2026-09-17T09:12:29.616518,daily,B,confirmed
2026-06-04,shfe_inventory,63.0,ton,手动维护-SHFE,https://www.shfe.com.cn/reports/businessdata/prmsummary/,2026-09-17T09:12:29.616518,daily,B,confirmed
2026-06-05,shfe_inventory,73.0,ton,手动维护-SHFE,https://www.shfe.com.cn/reports/businessdata/prmsummary/,2026-09-17T09:12:29.616518,daily,B,confirmed
2026-06-06,shfe_inventory,80.0,ton,手动维护-SHFE,https://www.shfe.com.cn/reports/businessdata/prmsummary/,2026-09-17T09:12:29.616518,daily,B,confirmed
2026-06-07,shfe_inventory,85.0,ton,手动维护-SHFE,https://www.shfe.com.cn/reports/businessdata/prmsummary/,2026-09-17T09:12:29.616518,daily,B,confirmed
2026-06-08,shfe_inventory,72.0,ton,手动维护-SHFE,https://www.shfe.com.cn/reports/businessdata/prmsummary/,2026-09-17T09:12:29.616518,daily,B,confirmed
2026-06-09,shfe_inventory,65.0,ton,手动维护-SHFE,https://www.shfe.com.cn/reports/businessdata/prmsummary/,2026-09-17T09:12:29.617394,daily,B,confirmed
2026-06-10,shfe_inventory,69.0,ton,手动维护-SHFE,https://www.shfe.com.cn/reports/businessdata/prmsummary/,2026-09-17T09:12:29.617520,daily,B,confirmed
2026-06-11,shfe_inventory,78.0,ton,手动维护-SHFE,https://www.shfe.com.cn/reports/businessdata/prmsummary/,2026-09-17T09:12:29.617520,daily,B,confirmed
2026-06-12,shfe_inventory,78.0,ton,手动维护-SHFE,https://www.shfe.com.cn/reports/businessdata/prmsummary/,2026-09-17T09:12:29.617520,daily,B,confirmed
2026-06-13,shfe_inventory,82.0,ton,手动维护-SHFE,https://www.shfe.com.cn/reports/businessdata/prmsummary/,2026-09-17T09:12:29.617520,daily,B,confirmed
2026-06-14,shfe_inventory,54.0,ton,手动维护-SHFE,https://www.shfe.com.cn/reports/businessdata/prmsummary/,2026-09-17T09:12:29.617520,daily,B,confirmed
2026-06-15,shfe_inventory,39.0,ton,手动维护-SHFE,https://www.shfe.com.cn/reports/businessdata/prmsummary/,2026-09-17T09:12:29.617520,daily,B,confirmed
2026-06-16,shfe_inventory,38.0,ton,手动维护-SHFE,https://www.shfe.com.cn/reports/businessdata/prmsummary/,2026-09-17T09:12:29.617520,daily,B,confirmed
2026-06-17,shfe_inventory,53.0,ton,手动维护-SHFE,https://www.shfe.com.cn/reports/businessdata/prmsummary/,2026-09-17T09:12:29.617520,daily,B,confirmed
2026-06-18,shfe_inventory,49.0,ton,手动维护-SHFE,https://www.shfe.com.cn/reports/businessdata/prmsummary/,2026-09-17T09:12:29.617520,daily,B,confirmed
2026-06-19,shfe_inventory,42.0,ton,手动维护-SHFE,https://www.shfe.com.cn/reports/businessdata/prmsummary/,2026-09-17T09:12:29.617520,daily,B,confirmed
2026-06-20,shfe_inventory,42.0,ton,手动维护-SHFE,https://www.shfe.com.cn/reports/businessdata/prmsummary/,2026-09-17T09:12:29.617520,daily,B,confirmed
2026-06-21,shfe_inventory,60.0,ton,手动维护-SHFE,https://www.shfe.com.cn/reports/businessdata/prmsummary/,2026-09-17T09:12:29.617520,daily,B,confirmed
2026-06-22,shfe_inventory,46.0,ton,手动维护-SHFE,https://www.shfe.com.cn/reports/businessdata/prmsummary/,2026-09-17T09:12:29.618512,daily,B,confirmed
2026-06-23,shfe_inventory,46.0,ton,手动维护-SHFE,https://www.shfe.com.cn/reports/businessdata/prmsummary/,2026-09-17T09:12:29.618512,daily,B,confirmed
2026-06-24,shfe_inventory,40.0,ton,手动维护-SHFE,https://www.shfe.com.cn/reports/businessdata/prmsummary/,2026-09-17T09:12:29.618512,daily,B,confirmed
2026-06-25,shfe_inventory,56.0,ton,手动维护-SHFE,https://www.shfe.com.cn/reports/businessdata/prmsummary/,2026-09-17T09:12:29.618512,daily,B,confirmed
2026-06-26,shfe_inventory,53.0,ton,手动维护-SHFE,https://www.shfe.com.cn/reports/businessdata/prmsummary/,2026-09-17T09:12:29.618512,daily,B,confirmed
2026-06-27,shfe_inventory,53.0,ton,手动维护-SHFE,https://www.shfe.com.cn/reports/businessdata/prmsummary/,2026-09-17T09:12:29.618512,daily,B,confirmed
2026-06-28,shfe_inventory,40.0,ton,手动维护-SHFE,https://www.shfe.com.cn/reports/businessdata/prmsummary/,2026-09-17T09:12:29.618512,daily,B,confirmed
2026-06-29,shfe_inventory,57.0,ton,手动维护-SHFE,https://www.shfe.com.cn/reports/businessdata/prmsummary/,2026-09-17T09:12:29.618512,daily,B,confirmed
2026-06-30,shfe_inventory,61.0,ton,手动维护-SHFE,https://www.shfe.com.cn/reports/businessdata/prmsummary/,2026-09-17T09:12:29.618512,daily,B,confirmed
2026-07-01,shfe_inventory,59.0,ton,手动维护-SHFE,https://www.shfe.com.cn/reports/businessdata/prmsummary/,2026-09-17T09:12:29.618512,daily,B,confirmed
2026-07-02,shfe_inventory,61.0,ton,手动维护-SHFE,https://www.shfe.com.cn/reports/businessdata/prmsummary/,2026-09-17T09:12:29.618512,daily,B,confirmed
2026-07-03,shfe_inventory,38.0,ton,手动维护-SHFE,https://www.shfe.com.cn/reports/businessdata/prmsummary/,2026-09-17T09:12:29.619514,daily,B,confirmed
2026-07-04,shfe_inventory,61.0,ton,手动维护-SHFE,https://www.shfe.com.cn/reports/businessdata/prmsummary/,2026-09-17T09:12:29.619514,daily,B,confirmed
2026-07-05,shfe_inventory,57.0,ton,手动维护-SHFE,https://www.shfe.com.cn/reports/businessdata/prmsummary/,2026-09-17T09:12:29.619514,daily,B,confirmed
2026-07-06,shfe_inventory,48.0,ton,手动维护-SHFE,https://www.shfe.com.cn/reports/businessdata/prmsummary/,2026-09-17T09:12:29.619514,daily,B,confirmed
2026-07-07,shfe_inventory,54.0,ton,手动维护-SHFE,https://www.shfe.com.cn/reports/businessdata/prmsummary/,2026-09-17T09:12:29.619514,daily,B,confirmed
2026-07-08,shfe_inventory,45.0,ton,手动维护-SHFE,https://www.shfe.com.cn/reports/businessdata/prmsummary/,2026-09-17T09:12:29.619514,daily,B,confirmed
2026-07-09,shfe_inventory,41.0,ton,手动维护-SHFE,https://www.shfe.com.cn/reports/businessdata/prmsummary/,2026-09-17T09:12:29.619514,daily,B,confirmed
2026-07-10,shfe_inventory,43.0,ton,手动维护-SHFE,https://www.shfe.com.cn/reports/businessdata/prmsummary/,2026-09-17T09:12:29.619514,daily,B,confirmed
2026-07-11,shfe_inventory,45.0,ton,手动维护-SHFE,https://www.shfe.com.cn/reports/businessdata/prmsummary/,2026-09-17T09:12:29.619514,daily,B,confirmed
2026-07-12,shfe_inventory,57.0,ton,手动维护-SHFE,https://www.shfe.com.cn/reports/businessdata/prmsummary/,2026-09-17T09:12:29.619514,daily,B,confirmed
2026-07-13,shfe_inventory,40.0,ton,手动维护-SHFE,https://www.shfe.com.cn/reports/businessdata/prmsummary/,2026-09-17T09:12:29.619514,daily,B,confirmed
2026-07-14,shfe_inventory,112.647,ton,手动维护-SHFE,https://www.shfe.com.cn/reports/businessdata/prmsummary/,2026-09-17T09:12:29.619514,daily,B,confirmed
2026-07-15,shfe_inventory,112.647,ton,手动维护-SHFE,https://www.shfe.com.cn/reports/businessdata/prmsummary/,2026-09-17T09:12:29.620513,daily,B,confirmed
2026-07-16,shfe_inventory,112.647,ton,手动维护-SHFE,https://www.shfe.com.cn/reports/businessdata/prmsummary/,2026-09-17T09:12:29.620513,daily,B,confirmed
2026-07-17,shfe_inventory,112.647,ton,手动维护-SHFE,https://www.shfe.com.cn/reports/businessdata/prmsummary/,2026-09-17T09:12:29.620513,daily,B,confirmed
2026-07-20,shfe_inventory,112.641,ton,手动维护-SHFE,https://www.shfe.com.cn/reports/businessdata/prmsummary/,2026-09-17T09:12:29.620513,daily,B,confirmed
2026-07-21,shfe_inventory,112.641,ton,手动维护-SHFE,https://www.shfe.com.cn/reports/businessdata/prmsummary/,2026-09-17T09:12:29.620513,daily,B,confirmed
2026-07-22,shfe_inventory,112.641,ton,手动维护-SHFE,https://www.shfe.com.cn/reports/businessdata/prmsummary/,2026-09-17T09:12:29.620513,daily,B,confirmed
2026-07-23,shfe_inventory,112.641,ton,手动维护-SHFE,https://www.shfe.com.cn/reports/businessdata/prmsummary/,2026-09-17T09:12:29.620513,daily,B,confirmed
2026-07-24,shfe_inventory,112.641,ton,手动维护-SHFE,https://www.shfe.com.cn/reports/businessdata/prmsummary/,2026-09-17T09:12:29.620513,daily,B,confirmed
2026-07-27,shfe_inventory,112.641,ton,手动维护-SHFE,https://www.shfe.com.cn/reports/businessdata/prmsummary/,2026-09-17T09:12:29.620513,daily,B,confirmed
2026-07-28,shfe_inventory,113.622,ton,手动维护-SHFE,https://www.shfe.com.cn/reports/businessdata/prmsummary/,2026-09-17T09:12:29.620513,daily,B,confirmed
2026-07-29,shfe_inventory,113.622,ton,手动维护-SHFE,https://www.shfe.com.cn/reports/businessdata/prmsummary/,2026-09-17T09:12:29.620513,daily,B,confirmed
2026-07-30,shfe_inventory,113.622,ton,手动维护-SHFE,https://www.shfe.com.cn/reports/businessdata/prmsummary/,2026-09-17T09:12:29.621513,daily,B,confirmed
2026-07-31,shfe_inventory,113.622,ton,手动维护-SHFE,https://www.shfe.com.cn/reports/businessdata/prmsummary/,2026-09-17T09:12:29.621513,daily,B,confirmed
2026-08-03,shfe_inventory,113.622,ton,手动维护-SHFE,https://www.shfe.com.cn/reports/businessdata/prmsummary/,2026-09-17T09:12:29.621513,daily,B,confirmed
2026-08-04,shfe_inventory,113.622,ton,手动维护-SHFE,https://www.shfe.com.cn/reports/businessdata/prmsummary/,2026-09-17T09:12:29.621513,daily,B,confirmed
2026-08-05,shfe_inventory,113.616,ton,手动维护-SHFE,https://www.shfe.com.cn/reports/businessdata/prmsummary/,2026-09-17T09:12:29.621513,daily,B,confirmed
2026-08-06,shfe_inventory,113.616,ton,东方财富-SHFE,https://www.shfe.com.cn/reports/businessdata/prmsummary/,2026-09-17T09:12:26.774867,daily,A,confirmed
2026-08-07,shfe_inventory,113.616,ton,东方财富-SHFE,https://www.shfe.com.cn/reports/businessdata/prmsummary/,2026-09-17T09:12:26.774867,daily,A,confirmed
2026-08-10,shfe_inventory,113.616,ton,东方财富-SHFE,https://www.shfe.com.cn/reports/businessdata/prmsummary/,2026-09-17T09:12:26.774867,daily,A,confirmed
2026-08-11,shfe_inventory,113.676,ton,东方财富-SHFE,https://www.shfe.com.cn/reports/businessdata/prmsummary/,2026-09-17T09:12:26.774867,daily,A,confirmed
2026-08-12,shfe_inventory,113.676,ton,东方财富-SHFE,https://www.shfe.com.cn/reports/businessdata/prmsummary/,2026-09-17T09:12:26.774867,daily,A,confirmed
2026-08-13,shfe_inventory,113.676,ton,东方财富-SHFE,https://www.shfe.com.cn/reports/businessdata/prmsummary/,2026-09-17T09:12:26.774867,daily,A,confirmed
2026-08-14,shfe_inventory,113.676,ton,东方财富-SHFE,https://www.shfe.com.cn/reports/businessdata/prmsummary/,2026-09-17T09:12:26.775868,daily,A,confirmed
2026-08-17,shfe_inventory,113.676,ton,东方财富-SHFE,https://www.shfe.com.cn/reports/businessdata/prmsummary/,2026-09-17T09:12:26.775868,daily,A,confirmed
2026-08-18,shfe_inventory,113.676,ton,东方财富-SHFE,https://www.shfe.com.cn/reports/businessdata/prmsummary/,2026-09-17T09:12:26.775868,daily,A,confirmed
2026-08-19,shfe_inventory,113.664,ton,东方财富-SHFE,https://www.shfe.com.cn/reports/businessdata/prmsummary/,2026-09-17T09:12:26.775868,daily,A,confirmed
2026-08-20,shfe_inventory,113.664,ton,东方财富-SHFE,https://www.shfe.com.cn/reports/businessdata/prmsummary/,2026-09-17T09:12:26.775868,daily,A,confirmed
2026-08-21,shfe_inventory,113.658,ton,东方财富-SHFE,https://www.shfe.com.cn/reports/businessdata/prmsummary/,2026-09-17T09:12:26.775868,daily,A,confirmed
2026-08-24,shfe_inventory,113.658,ton,东方财富-SHFE,https://www.shfe.com.cn/reports/businessdata/prmsummary/,2026-09-17T09:12:26.776868,daily,A,confirmed
2026-08-25,shfe_inventory,113.658,ton,东方财富-SHFE,https://www.shfe.com.cn/reports/businessdata/prmsummary/,2026-09-17T09:12:26.776868,daily,A,confirmed
2026-08-26,shfe_inventory,113.658,ton,东方财富-SHFE,https://www.shfe.com.cn/reports/businessdata/prmsummary/,2026-09-17T09:12:26.776868,daily,A,confirmed
2026-08-27,shfe_inventory,113.658,ton,东方财富-SHFE,https://www.shfe.com.cn/reports/businessdata/prmsummary/,2026-09-17T09:12:26.776868,daily,A,confirmed
2026-08-28,shfe_inventory,113.658,ton,东方财富-SHFE,https://www.shfe.com.cn/reports/businessdata/prmsummary/,2026-09-17T09:12:26.776868,daily,A,confirmed
2026-08-31,shfe_inventory,113.658,ton,东方财富-SHFE,https://www.shfe.com.cn/reports/businessdata/prmsummary/,2026-09-17T09:12:26.776868,daily,A,confirmed
2026-09-01,shfe_inventory,114.858,ton,东方财富-SHFE,https://www.shfe.com.cn/reports/businessdata/prmsummary/,2026-09-17T09:12:26.776868,daily,A,confirmed
2026-09-02,shfe_inventory,114.858,ton,东方财富-SHFE,https://www.shfe.com.cn/reports/businessdata/prmsummary/,2026-09-17T09:12:26.777867,daily,A,confirmed
2026-09-03,shfe_inventory,114.858,ton,东方财富-SHFE,https://www.shfe.com.cn/reports/businessdata/prmsummary/,2026-09-17T09:12:26.777867,daily,A,confirmed
2026-09-04,shfe_inventory,114.858,ton,东方财富-SHFE,https://www.shfe.com.cn/reports/businessdata/prmsummary/,2026-09-17T09:12:26.777867,daily,A,confirmed
2026-09-07,shfe_inventory,114.858,ton,东方财富-SHFE,https://www.shfe.com.cn/reports/businessdata/prmsummary/,2026-09-17T09:12:26.777867,daily,A,confirmed
2026-09-08,shfe_inventory,114.858,ton,东方财富-SHFE,https://www.shfe.com.cn/reports/businessdata/prmsummary/,2026-09-17T09:12:26.777867,daily,A,confirmed
2026-09-09,shfe_inventory,114.843,ton,东方财富-SHFE,https://www.shfe.com.cn/reports/businessdata/prmsummary/,2026-09-17T09:12:26.777867,daily,A,confirmed
2026-09-10,shfe_inventory,114.843,ton,东方财富-SHFE,https://www.shfe.com.cn/reports/businessdata/prmsummary/,2026-09-17T09:12:26.778867,daily,A,confirmed
2026-09-11,shfe_inventory,114.843,ton,东方财富-SHFE,https://www.shfe.com.cn/reports/businessdata/prmsummary/,2026-09-17T09:12:26.778867,daily,A,confirmed
2026-09-14,shfe_inventory,114.843,ton,东方财富-SHFE,https://www.shfe.com.cn/reports/businessdata/prmsummary/,2026-09-17T09:12:26.778867,daily,A,confirmed
2026-09-15,shfe_inventory,114.843,ton,东方财富-SHFE,https://www.shfe.com.cn/reports/businessdata/prmsummary/,2026-09-17T09:12:26.778867,daily,A,confirmed
2026-09-16,shfe_inventory,114.843,ton,东方财富-SHFE,https://www.shfe.com.cn/reports/businessdata/prmsummary/,2026-09-17T09:12:26.778867,daily,A,confirmed
2025-05-31,social_financing,5923.0,CNY_bn,东方财富-社融,https://data.eastmoney.com/cjsj/xzxd.html,2026-07-05T00:03:49.896000,monthly,A,confirmed
2025-06-30,social_financing,23600.0,CNY_bn,东方财富-社融,https://data.eastmoney.com/cjsj/xzxd.html,2026-08-04T00:03:21.642692,monthly,A,confirmed
2025-07-31,social_financing,-4296.0,CNY_bn,东方财富-社融,https://data.eastmoney.com/cjsj/xzxd.html,2026-09-02T09:02:03.920305,monthly,A,confirmed
2025-08-31,social_financing,6253.0,CNY_bn,东方财富-社融,https://data.eastmoney.com/cjsj/xzxd.html,2026-09-17T09:12:28.123378,monthly,A,confirmed
2025-09-30,social_financing,16081.0,CNY_bn,东方财富-社融,https://data.eastmoney.com/cjsj/xzxd.html,2026-09-17T09:12:28.122378,monthly,A,confirmed
2025-10-31,social_financing,-154.0,CNY_bn,东方财富-社融,https://data.eastmoney.com/cjsj/xzxd.html,2026-09-17T09:12:28.122378,monthly,A,confirmed
2025-11-30,social_financing,4096.0,CNY_bn,东方财富-社融,https://data.eastmoney.com/cjsj/xzxd.html,2026-09-17T09:12:28.122378,monthly,A,confirmed
2025-12-31,social_financing,9804.0,CNY_bn,东方财富-社融,https://data.eastmoney.com/cjsj/xzxd.html,2026-09-17T09:12:28.122378,monthly,A,confirmed
2026-01-31,social_financing,49016.0,CNY_bn,东方财富-社融,https://data.eastmoney.com/cjsj/xzxd.html,2026-09-17T09:12:28.122378,monthly,A,confirmed
2026-02-28,social_financing,8458.0,CNY_bn,东方财富-社融,https://data.eastmoney.com/cjsj/xzxd.html,2026-09-17T09:12:28.122378,monthly,A,confirmed
2026-03-31,social_financing,31522.0,CNY_bn,东方财富-社融,https://data.eastmoney.com/cjsj/xzxd.html,2026-09-17T09:12:28.122378,monthly,A,confirmed
2026-04-30,social_financing,-4006.0,CNY_bn,东方财富-社融,https://data.eastmoney.com/cjsj/xzxd.html,2026-09-17T09:12:28.122378,monthly,A,confirmed
2026-05-31,social_financing,4965.0,CNY_bn,东方财富-社融,https://data.eastmoney.com/cjsj/xzxd.html,2026-09-17T09:12:28.122378,monthly,A,confirmed
2026-06-30,social_financing,17650.0,CNY_bn,东方财富-社融,https://data.eastmoney.com/cjsj/xzxd.html,2026-09-17T09:12:28.122378,monthly,A,confirmed
2026-07-31,social_financing,-5896.0,CNY_bn,东方财富-社融,https://data.eastmoney.com/cjsj/xzxd.html,2026-09-17T09:12:28.122378,monthly,A,confirmed
2026-08-31,social_financing,552.0,CNY_bn,东方财富-社融,https://data.eastmoney.com/cjsj/xzxd.html,2026-09-17T09:12:28.122378,monthly,A,confirmed
2025-05-27,spot_premium,233.5,USD/oz,derived,,2026-07-01T21:05:57.267038,daily,C,confirmed
2025-05-28,spot_premium,252.5,USD/oz,derived,,2026-07-02T02:45:03.900251,daily,C,confirmed
2025-05-29,spot_premium,181.92,USD/oz,derived,,2026-07-03T08:41:13.901248,daily,C,confirmed
2025-05-30,spot_premium,256.88,USD/oz,derived,,2026-07-04T00:04:38.553573,daily,C,confirmed
2025-06-03,spot_premium,238.7,USD/oz,derived,,2026-07-08T00:02:55.351408,daily,C,confirmed
2025-06-04,spot_premium,204.27,USD/oz,derived,,2026-07-09T00:05:22.589048,daily,C,confirmed
2025-06-05,spot_premium,242.68,USD/oz,derived,,2026-07-10T00:04:28.761351,daily,C,confirmed
2025-06-06,spot_premium,277.5,USD/oz,derived,,2026-07-11T00:05:11.041774,daily,C,confirmed
2025-06-09,spot_premium,223.74,USD/oz,derived,,2026-07-14T00:03:21.180614,daily,C,confirmed
2025-06-10,spot_premium,234.98,USD/oz,derived,,2026-07-15T00:05:17.991614,daily,C,confirmed
2025-06-11,spot_premium,250.96,USD/oz,derived,,2026-07-16T08:19:22.523901,daily,C,confirmed
2025-06-12,spot_premium,225.25,USD/oz,derived,,2026-07-17T08:35:36.957368,daily,C,confirmed
2025-06-13,spot_premium,219.58,USD/oz,derived,,2026-07-18T00:03:37.037374,daily,C,confirmed
2025-06-16,spot_premium,250.46,USD/oz,derived,,2026-07-21T00:04:38.048241,daily,C,confirmed
2025-06-17,spot_premium,222.91,USD/oz,derived,,2026-07-22T00:05:14.858491,daily,C,confirmed
2025-06-18,spot_premium,221.01,USD/oz,derived,,2026-07-23T00:08:15.595808,daily,C,confirmed
2025-06-19,spot_premium,201.79,USD/oz,derived,,2026-07-23T00:08:15.595888,daily,C,confirmed
2025-06-20,spot_premium,208.2,USD/oz,derived,,2026-07-25T00:03:36.617002,daily,C,confirmed
2025-06-23,spot_premium,220.12,USD/oz,derived,,2026-07-28T00:03:28.157988,daily,C,confirmed
2025-06-24,spot_premium,233.27,USD/oz,derived,,2026-07-29T00:04:32.488611,daily,C,confirmed
2025-06-25,spot_premium,228.09,USD/oz,derived,,2026-07-30T00:06:08.192331,daily,C,confirmed
2025-06-26,spot_premium,243.81,USD/oz,derived,,2026-07-31T08:48:00.772133,daily,C,confirmed
2025-06-27,spot_premium,270.86,USD/oz,derived,,2026-08-01T00:07:26.156416,daily,C,confirmed
2025-06-30,spot_premium,241.61,USD/oz,derived,,2026-08-04T00:03:27.870048,daily,C,confirmed
2025-07-01,spot_premium,244.71,USD/oz,derived,,2026-08-05T00:05:25.044813,daily,C,confirmed
2025-07-02,spot_premium,228.36,USD/oz,derived,,2026-08-06T08:59:17.254666,daily,C,confirmed
2025-07-03,spot_premium,268.64,USD/oz,derived,,2026-08-07T00:06:04.371027,daily,C,confirmed
2025-07-04,spot_premium,254.94,USD/oz,derived,,2026-08-08T00:05:38.842219,daily,C,confirmed
2025-07-07,spot_premium,228.64,USD/oz,derived,,2026-08-11T00:07:33.060751,daily,C,confirmed
2025-07-08,spot_premium,272.68,USD/oz,derived,,2026-08-12T00:01:54.053879,daily,C,confirmed
2025-07-09,spot_premium,229.19,USD/oz,derived,,2026-08-13T09:14:43.724994,daily,C,confirmed
2025-07-10,spot_premium,253.31,USD/oz,derived,,2026-08-14T00:03:49.842162,daily,C,confirmed
2025-07-11,spot_premium,217.93,USD/oz,derived,,2026-08-15T00:04:18.867903,daily,C,confirmed
2025-07-14,spot_premium,254.79,USD/oz,derived,,2026-08-18T00:13:43.039474,daily,C,confirmed
2025-07-15,spot_premium,274.66,USD/oz,derived,,2026-08-19T00:06:30.438013,daily,C,confirmed
2025-07-16,spot_premium,237.46,USD/oz,derived,,2026-08-20T08:38:11.286435,daily,C,confirmed
2025-07-17,spot_premium,254.94,USD/oz,derived,,2026-08-21T00:04:06.966922,daily,C,confirmed
2025-07-18,spot_premium,247.83,USD/oz,derived,,2026-08-22T00:06:17.099724,daily,C,confirmed
2025-07-21,spot_premium,215.66,USD/oz,derived,,2026-08-25T08:48:03.165722,daily,C,confirmed
2025-07-22,spot_premium,192.89,USD/oz,derived,,2026-08-25T08:48:03.165722,daily,C,confirmed
2025-07-23,spot_premium,275.67,USD/oz,derived,,2026-08-27T09:48:42.151320,daily,C,confirmed
2025-07-24,spot_premium,233.23,USD/oz,derived,,2026-08-27T09:48:42.152320,daily,C,confirmed
2025-07-25,spot_premium,263.66,USD/oz,derived,,2026-08-27T09:48:42.152320,daily,C,confirmed
2025-07-28,spot_premium,276.54,USD/oz,derived,,2026-08-31T08:35:58.584847,daily,C,confirmed
2025-07-29,spot_premium,247.36,USD/oz,derived,,2026-09-02T09:02:09.135255,daily,C,confirmed
2025-07-30,spot_premium,285.8,USD/oz,derived,,2026-09-02T09:02:09.135255,daily,C,confirmed
2025-07-31,spot_premium,272.2,USD/oz,derived,,2026-09-02T09:02:09.135790,daily,C,confirmed
2025-08-01,spot_premium,219.73,USD/oz,derived,,2026-09-02T09:02:09.135790,daily,C,confirmed
2025-08-04,spot_premium,247.68,USD/oz,derived,,2026-09-08T11:05:19.428545,daily,C,confirmed
2025-08-05,spot_premium,245.19,USD/oz,derived,,2026-09-08T11:05:19.428545,daily,C,confirmed
2025-08-06,spot_premium,252.56,USD/oz,derived,,2026-09-08T11:05:19.428545,daily,C,confirmed
2025-08-07,spot_premium,238.47,USD/oz,derived,,2026-09-08T11:05:19.428545,daily,C,confirmed
2025-08-08,spot_premium,212.55,USD/oz,derived,,2026-09-08T11:05:19.428545,daily,C,confirmed
2025-08-11,spot_premium,259.99,USD/oz,derived,,2026-09-08T11:05:19.428545,daily,C,confirmed
2025-08-12,spot_premium,248.24,USD/oz,derived,,2026-09-08T11:05:19.429545,daily,C,confirmed
2025-08-13,spot_premium,202.76,USD/oz,derived,,2026-09-17T09:12:33.217300,daily,C,confirmed
2025-08-14,spot_premium,232.41,USD/oz,derived,,2026-09-17T09:12:33.217300,daily,C,confirmed
2025-08-15,spot_premium,219.55,USD/oz,derived,,2026-09-17T09:12:33.217300,daily,C,confirmed
2025-08-18,spot_premium,232.79,USD/oz,derived,,2026-09-17T09:12:33.217300,daily,C,confirmed
2025-08-19,spot_premium,240.01,USD/oz,derived,,2026-09-17T09:12:33.217300,daily,C,confirmed
2025-08-20,spot_premium,199.16,USD/oz,derived,,2026-09-17T09:12:33.217300,daily,C,confirmed
2025-08-21,spot_premium,217.39,USD/oz,derived,,2026-09-17T09:12:33.217941,daily,C,confirmed
2025-08-22,spot_premium,172.51,USD/oz,derived,,2026-09-17T09:12:33.217941,daily,C,confirmed
2025-08-25,spot_premium,200.34,USD/oz,derived,,2026-09-17T09:12:33.217941,daily,C,confirmed
2025-08-26,spot_premium,193.85,USD/oz,derived,,2026-09-17T09:12:33.217941,daily,C,confirmed
2025-08-27,spot_premium,178.44,USD/oz,derived,,2026-09-17T09:12:33.217941,daily,C,confirmed
2025-08-28,spot_premium,162.3,USD/oz,derived,,2026-09-17T09:12:33.217941,daily,C,confirmed
2025-08-29,spot_premium,140.0,USD/oz,derived,,2026-09-17T09:12:33.217941,daily,C,confirmed
2025-09-01,spot_premium,208.63,USD/oz,derived,,2026-09-17T09:12:33.217941,daily,C,confirmed
2025-09-02,spot_premium,151.01,USD/oz,derived,,2026-09-17T09:12:33.217941,daily,C,confirmed
2025-09-03,spot_premium,156.37,USD/oz,derived,,2026-09-17T09:12:33.217941,daily,C,confirmed
2025-09-04,spot_premium,177.09,USD/oz,derived,,2026-09-17T09:12:33.217941,daily,C,confirmed
2025-09-05,spot_premium,142.56,USD/oz,derived,,2026-09-17T09:12:33.217941,daily,C,confirmed
2025-09-08,spot_premium,154.03,USD/oz,derived,,2026-09-17T09:12:33.217941,daily,C,confirmed
2025-09-09,spot_premium,204.57,USD/oz,derived,,2026-09-17T09:12:33.218943,daily,C,confirmed
2025-09-10,spot_premium,199.94,USD/oz,derived,,2026-09-17T09:12:33.218943,daily,C,confirmed
2025-09-11,spot_premium,193.39,USD/oz,derived,,2026-09-17T09:12:33.218943,daily,C,confirmed
2025-09-12,spot_premium,198.52,USD/oz,derived,,2026-09-17T09:12:33.218943,daily,C,confirmed
2025-09-15,spot_premium,153.84,USD/oz,derived,,2026-09-17T09:12:33.218943,daily,C,confirmed
2025-09-16,spot_premium,196.4,USD/oz,derived,,2026-09-17T09:12:33.218943,daily,C,confirmed
2025-09-17,spot_premium,171.48,USD/oz,derived,,2026-09-17T09:12:33.218943,daily,C,confirmed
2025-09-18,spot_premium,160.74,USD/oz,derived,,2026-09-17T09:12:33.218943,daily,C,confirmed
2025-09-19,spot_premium,150.61,USD/oz,derived,,2026-09-17T09:12:33.218943,daily,C,confirmed
2025-09-22,spot_premium,155.32,USD/oz,derived,,2026-09-17T09:12:33.218943,daily,C,confirmed
2025-09-23,spot_premium,156.23,USD/oz,derived,,2026-09-17T09:12:33.218943,daily,C,confirmed
2025-09-24,spot_premium,225.0,USD/oz,derived,,2026-09-17T09:12:33.218943,daily,C,confirmed
2025-09-25,spot_premium,197.49,USD/oz,derived,,2026-09-17T09:12:33.219940,daily,C,confirmed
2025-09-26,spot_premium,165.81,USD/oz,derived,,2026-09-17T09:12:33.219940,daily,C,confirmed
2025-09-29,spot_premium,168.17,USD/oz,derived,,2026-09-17T09:12:33.219940,daily,C,confirmed
2025-09-30,spot_premium,186.76,USD/oz,derived,,2026-09-17T09:12:33.219940,daily,C,confirmed
2025-10-09,spot_premium,272.72,USD/oz,derived,,2026-09-17T09:12:33.219940,daily,C,confirmed
2025-10-10,spot_premium,185.67,USD/oz,derived,,2026-09-17T09:12:33.219940,daily,C,confirmed
2025-10-13,spot_premium,173.79,USD/oz,derived,,2026-09-17T09:12:33.219940,daily,C,confirmed
2025-10-14,spot_premium,196.42,USD/oz,derived,,2026-09-17T09:12:33.219940,daily,C,confirmed
2025-10-15,spot_premium,257.39,USD/oz,derived,,2026-09-17T09:12:33.219940,daily,C,confirmed
2025-10-16,spot_premium,182.62,USD/oz,derived,,2026-09-17T09:12:33.219940,daily,C,confirmed
2025-10-17,spot_premium,428.91,USD/oz,derived,,2026-09-17T09:12:33.219940,daily,C,confirmed
2025-10-20,spot_premium,145.93,USD/oz,derived,,2026-09-17T09:12:33.219940,daily,C,confirmed
2025-10-21,spot_premium,506.46,USD/oz,derived,,2026-09-17T09:12:33.219940,daily,C,confirmed
2025-10-22,spot_premium,357.47,USD/oz,derived,,2026-09-17T09:12:33.220939,daily,C,confirmed
2025-10-23,spot_premium,229.54,USD/oz,derived,,2026-09-17T09:12:33.220939,daily,C,confirmed
2025-10-24,spot_premium,217.93,USD/oz,derived,,2026-09-17T09:12:33.220939,daily,C,confirmed
2025-10-27,spot_premium,317.64,USD/oz,derived,,2026-09-17T09:12:33.220939,daily,C,confirmed
2025-10-28,spot_premium,202.13,USD/oz,derived,,2026-09-17T09:12:33.220939,daily,C,confirmed
2025-10-29,spot_premium,228.64,USD/oz,derived,,2026-09-17T09:12:33.220939,daily,C,confirmed
2025-10-30,spot_premium,219.39,USD/oz,derived,,2026-09-17T09:12:33.220939,daily,C,confirmed
2025-10-31,spot_premium,284.11,USD/oz,derived,,2026-09-17T09:12:33.220939,daily,C,confirmed
2025-11-03,spot_premium,269.67,USD/oz,derived,,2026-09-17T09:12:33.220939,daily,C,confirmed
2025-11-04,spot_premium,290.67,USD/oz,derived,,2026-09-17T09:12:33.220939,daily,C,confirmed
2025-11-05,spot_premium,242.85,USD/oz,derived,,2026-09-17T09:12:33.220939,daily,C,confirmed
2025-11-06,spot_premium,270.48,USD/oz,derived,,2026-09-17T09:12:33.220939,daily,C,confirmed
2025-11-07,spot_premium,267.74,USD/oz,derived,,2026-09-17T09:12:33.221941,daily,C,confirmed
2025-11-10,spot_premium,223.89,USD/oz,derived,,2026-09-17T09:12:33.221941,daily,C,confirmed
2025-11-11,spot_premium,289.48,USD/oz,derived,,2026-09-17T09:12:33.221941,daily,C,confirmed
2025-11-12,spot_premium,177.7,USD/oz,derived,,2026-09-17T09:12:33.221941,daily,C,confirmed
2025-11-13,spot_premium,280.65,USD/oz,derived,,2026-09-17T09:12:33.221941,daily,C,confirmed
2025-11-14,spot_premium,345.2,USD/oz,derived,,2026-09-17T09:12:33.221941,daily,C,confirmed
2025-11-17,spot_premium,254.39,USD/oz,derived,,2026-09-17T09:12:33.221941,daily,C,confirmed
2025-11-18,spot_premium,211.41,USD/oz,derived,,2026-09-17T09:12:33.221941,daily,C,confirmed
2025-11-19,spot_premium,282.03,USD/oz,derived,,2026-09-17T09:12:33.221941,daily,C,confirmed
2025-11-20,spot_premium,283.47,USD/oz,derived,,2026-09-17T09:12:33.221941,daily,C,confirmed
2025-11-21,spot_premium,224.41,USD/oz,derived,,2026-09-17T09:12:33.221941,daily,C,confirmed
2025-11-24,spot_premium,225.41,USD/oz,derived,,2026-09-17T09:12:33.221941,daily,C,confirmed
2025-11-25,spot_premium,254.73,USD/oz,derived,,2026-09-17T09:12:33.221941,daily,C,confirmed
2025-11-26,spot_premium,230.55,USD/oz,derived,,2026-09-17T09:12:33.222939,daily,C,confirmed
2025-11-27,spot_premium,232.6,USD/oz,derived,,2026-09-17T09:12:33.222939,daily,C,confirmed
2025-11-28,spot_premium,174.29,USD/oz,derived,,2026-09-17T09:12:33.222939,daily,C,confirmed
2025-12-01,spot_premium,197.85,USD/oz,derived,,2026-09-17T09:12:33.222939,daily,C,confirmed
2025-12-02,spot_premium,229.28,USD/oz,derived,,2026-09-17T09:12:33.222939,daily,C,confirmed
2025-12-03,spot_premium,209.59,USD/oz,derived,,2026-09-17T09:12:33.222939,daily,C,confirmed
2025-12-04,spot_premium,183.86,USD/oz,derived,,2026-09-17T09:12:33.222939,daily,C,confirmed
2025-12-05,spot_premium,219.24,USD/oz,derived,,2026-09-17T09:12:33.222939,daily,C,confirmed
2025-12-08,spot_premium,233.68,USD/oz,derived,,2026-09-17T09:12:33.222939,daily,C,confirmed
2025-12-09,spot_premium,181.93,USD/oz,derived,,2026-09-17T09:12:33.222939,daily,C,confirmed
2025-12-10,spot_premium,216.0,USD/oz,derived,,2026-09-17T09:12:33.222939,daily,C,confirmed
2025-12-11,spot_premium,134.67,USD/oz,derived,,2026-09-17T09:12:33.222939,daily,C,confirmed
2025-12-12,spot_premium,178.61,USD/oz,derived,,2026-09-17T09:12:33.222939,daily,C,confirmed
2025-12-15,spot_premium,229.75,USD/oz,derived,,2026-09-17T09:12:33.223938,daily,C,confirmed
2025-12-16,spot_premium,178.14,USD/oz,derived,,2026-09-17T09:12:33.223938,daily,C,confirmed
2025-12-17,spot_premium,175.08,USD/oz,derived,,2026-09-17T09:12:33.223938,daily,C,confirmed
2025-12-18,spot_premium,188.1,USD/oz,derived,,2026-09-17T09:12:33.223938,daily,C,confirmed
2025-12-19,spot_premium,162.51,USD/oz,derived,,2026-09-17T09:12:33.223938,daily,C,confirmed
2025-12-22,spot_premium,177.73,USD/oz,derived,,2026-09-17T09:12:33.223938,daily,C,confirmed
2025-12-23,spot_premium,203.56,USD/oz,derived,,2026-09-17T09:12:33.223938,daily,C,confirmed
2025-12-24,spot_premium,208.5,USD/oz,derived,,2026-09-17T09:12:33.223938,daily,C,confirmed
2025-12-25,spot_premium,181.02,USD/oz,derived,,2026-09-17T09:12:33.223938,daily,C,confirmed
2025-12-26,spot_premium,166.12,USD/oz,derived,,2026-09-17T09:12:33.223938,daily,C,confirmed
2025-12-29,spot_premium,332.88,USD/oz,derived,,2026-09-17T09:12:33.223938,daily,C,confirmed
2025-12-30,spot_premium,186.45,USD/oz,derived,,2026-09-17T09:12:33.223938,daily,C,confirmed
2025-12-31,spot_premium,197.85,USD/oz,derived,,2026-09-17T09:12:33.223938,daily,C,confirmed
2026-01-05,spot_premium,168.43,USD/oz,derived,,2026-09-17T09:12:33.223938,daily,C,confirmed
2026-01-06,spot_premium,170.16,USD/oz,derived,,2026-09-17T09:12:33.224939,daily,C,confirmed
2026-01-07,spot_premium,175.53,USD/oz,derived,,2026-09-17T09:12:33.224939,daily,C,confirmed
2026-01-08,spot_premium,172.88,USD/oz,derived,,2026-09-17T09:12:33.224939,daily,C,confirmed
2026-01-09,spot_premium,172.33,USD/oz,derived,,2026-09-17T09:12:33.224939,daily,C,confirmed
2026-01-12,spot_premium,150.46,USD/oz,derived,,2026-09-17T09:12:33.224939,daily,C,confirmed
2026-01-13,spot_premium,185.38,USD/oz,derived,,2026-09-17T09:12:33.224939,daily,C,confirmed
2026-01-14,spot_premium,209.79,USD/oz,derived,,2026-09-17T09:12:33.224939,daily,C,confirmed
2026-01-15,spot_premium,195.69,USD/oz,derived,,2026-09-17T09:12:33.224939,daily,C,confirmed
2026-01-16,spot_premium,212.57,USD/oz,derived,,2026-09-17T09:12:33.224939,daily,C,confirmed
2026-01-19,spot_premium,288.26,USD/oz,derived,,2026-09-17T09:12:33.224939,daily,C,confirmed
2026-01-20,spot_premium,156.67,USD/oz,derived,,2026-09-17T09:12:33.224939,daily,C,confirmed
2026-01-21,spot_premium,234.2,USD/oz,derived,,2026-09-17T09:12:33.224939,daily,C,confirmed
2026-01-22,spot_premium,136.39,USD/oz,derived,,2026-09-17T09:12:33.224939,daily,C,confirmed
2026-01-23,spot_premium,200.37,USD/oz,derived,,2026-09-17T09:12:33.225939,daily,C,confirmed
2026-01-26,spot_premium,226.1,USD/oz,derived,,2026-09-17T09:12:33.225939,daily,C,confirmed
2026-01-27,spot_premium,249.49,USD/oz,derived,,2026-09-17T09:12:33.225939,daily,C,confirmed
2026-01-28,spot_premium,204.09,USD/oz,derived,,2026-09-17T09:12:33.225939,daily,C,confirmed
2026-01-29,spot_premium,481.44,USD/oz,derived,,2026-09-17T09:12:33.225939,daily,C,confirmed
2026-01-30,spot_premium,407.14,USD/oz,derived,,2026-09-17T09:12:33.225939,daily,C,confirmed
2026-02-02,spot_premium,30.47,USD/oz,derived,,2026-09-17T09:12:33.225939,daily,C,confirmed
2026-02-03,spot_premium,143.58,USD/oz,derived,,2026-09-17T09:12:33.225939,daily,C,confirmed
2026-02-04,spot_premium,350.27,USD/oz,derived,,2026-09-17T09:12:33.225939,daily,C,confirmed
2026-02-05,spot_premium,244.7,USD/oz,derived,,2026-09-17T09:12:33.225939,daily,C,confirmed
2026-02-06,spot_premium,81.78,USD/oz,derived,,2026-09-17T09:12:33.225939,daily,C,confirmed
2026-02-09,spot_premium,148.5,USD/oz,derived,,2026-09-17T09:12:33.225939,daily,C,confirmed
2026-02-10,spot_premium,174.98,USD/oz,derived,,2026-09-17T09:12:33.225939,daily,C,confirmed
2026-02-11,spot_premium,150.11,USD/oz,derived,,2026-09-17T09:12:33.226941,daily,C,confirmed
2026-02-12,spot_premium,280.33,USD/oz,derived,,2026-09-17T09:12:33.226941,daily,C,confirmed
2026-02-13,spot_premium,108.05,USD/oz,derived,,2026-09-17T09:12:33.226941,daily,C,confirmed
2026-02-24,spot_premium,165.63,USD/oz,derived,,2026-09-17T09:12:33.226941,daily,C,confirmed
2026-02-25,spot_premium,118.33,USD/oz,derived,,2026-09-17T09:12:33.226941,daily,C,confirmed
2026-02-26,spot_premium,129.07,USD/oz,derived,,2026-09-17T09:12:33.226941,daily,C,confirmed
2026-02-27,spot_premium,81.96,USD/oz,derived,,2026-09-17T09:12:33.226941,daily,C,confirmed
2026-03-02,spot_premium,247.26,USD/oz,derived,,2026-09-17T09:12:33.226941,daily,C,confirmed
2026-03-03,spot_premium,364.49,USD/oz,derived,,2026-09-17T09:12:33.226941,daily,C,confirmed
2026-03-04,spot_premium,219.12,USD/oz,derived,,2026-09-17T09:12:33.226941,daily,C,confirmed
2026-03-05,spot_premium,270.2,USD/oz,derived,,2026-09-17T09:12:33.226941,daily,C,confirmed
2026-03-06,spot_premium,138.2,USD/oz,derived,,2026-09-17T09:12:33.226941,daily,C,confirmed
2026-03-09,spot_premium,189.48,USD/oz,derived,,2026-09-17T09:12:33.226941,daily,C,confirmed
2026-03-10,spot_premium,112.18,USD/oz,derived,,2026-09-17T09:12:33.227941,daily,C,confirmed
2026-03-11,spot_premium,186.14,USD/oz,derived,,2026-09-17T09:12:33.227941,daily,C,confirmed
2026-03-12,spot_premium,220.87,USD/oz,derived,,2026-09-17T09:12:33.227941,daily,C,confirmed
2026-03-13,spot_premium,212.44,USD/oz,derived,,2026-09-17T09:12:33.227941,daily,C,confirmed
2026-03-16,spot_premium,205.08,USD/oz,derived,,2026-09-17T09:12:33.227941,daily,C,confirmed
2026-03-17,spot_premium,188.22,USD/oz,derived,,2026-09-17T09:12:33.227941,daily,C,confirmed
2026-03-18,spot_premium,289.07,USD/oz,derived,,2026-09-17T09:12:33.227941,daily,C,confirmed
2026-03-19,spot_premium,340.45,USD/oz,derived,,2026-09-17T09:12:33.227941,daily,C,confirmed
2026-03-20,spot_premium,263.35,USD/oz,derived,,2026-09-17T09:12:33.227941,daily,C,confirmed
2026-03-23,spot_premium,-29.75,USD/oz,derived,,2026-09-17T09:12:33.227941,daily,C,confirmed
2026-03-24,spot_premium,147.35,USD/oz,derived,,2026-09-17T09:12:33.227941,daily,C,confirmed
2026-03-25,spot_premium,155.66,USD/oz,derived,,2026-09-17T09:12:33.227941,daily,C,confirmed
2026-03-26,spot_premium,248.18,USD/oz,derived,,2026-09-17T09:12:33.227941,daily,C,confirmed
2026-03-27,spot_premium,144.42,USD/oz,derived,,2026-09-17T09:12:33.228939,daily,C,confirmed
2026-03-30,spot_premium,186.23,USD/oz,derived,,2026-09-17T09:12:33.228939,daily,C,confirmed
2026-03-31,spot_premium,88.87,USD/oz,derived,,2026-09-17T09:12:33.228939,daily,C,confirmed
2026-04-01,spot_premium,76.96,USD/oz,derived,,2026-09-17T09:12:33.228939,daily,C,confirmed
2026-04-02,spot_premium,73.86,USD/oz,derived,,2026-09-17T09:12:33.228939,daily,C,confirmed
2026-04-03,spot_premium,116.66,USD/oz,derived,,2026-09-17T09:12:33.228939,daily,C,confirmed
2026-04-07,spot_premium,117.61,USD/oz,derived,,2026-09-17T09:12:33.228939,daily,C,confirmed
2026-04-08,spot_premium,153.82,USD/oz,derived,,2026-09-17T09:12:33.228939,daily,C,confirmed
2026-04-09,spot_premium,17.0,USD/oz,derived,,2026-09-17T09:12:33.228939,daily,C,confirmed
2026-04-10,spot_premium,80.28,USD/oz,derived,,2026-09-17T09:12:33.228939,daily,C,confirmed
2026-04-13,spot_premium,77.25,USD/oz,derived,,2026-09-17T09:12:33.228939,daily,C,confirmed
2026-04-14,spot_premium,38.29,USD/oz,derived,,2026-09-17T09:12:33.228939,daily,C,confirmed
2026-04-15,spot_premium,89.96,USD/oz,derived,,2026-09-17T09:12:33.228939,daily,C,confirmed
2026-04-16,spot_premium,120.39,USD/oz,derived,,2026-09-17T09:12:33.229939,daily,C,confirmed
2026-04-17,spot_premium,14.36,USD/oz,derived,,2026-09-17T09:12:33.229939,daily,C,confirmed
2026-04-20,spot_premium,69.53,USD/oz,derived,,2026-09-17T09:12:33.229939,daily,C,confirmed
2026-04-21,spot_premium,163.59,USD/oz,derived,,2026-09-17T09:12:33.229939,daily,C,confirmed
2026-04-22,spot_premium,128.8,USD/oz,derived,,2026-09-17T09:12:33.229939,daily,C,confirmed
2026-04-23,spot_premium,105.15,USD/oz,derived,,2026-09-17T09:12:33.229939,daily,C,confirmed
2026-04-24,spot_premium,51.38,USD/oz,derived,,2026-09-17T09:12:33.229939,daily,C,confirmed
2026-04-27,spot_premium,132.47,USD/oz,derived,,2026-09-17T09:12:33.229939,daily,C,confirmed
2026-04-28,spot_premium,137.36,USD/oz,derived,,2026-09-17T09:12:33.229939,daily,C,confirmed
2026-04-29,spot_premium,136.8,USD/oz,derived,,2026-09-17T09:12:33.229939,daily,C,confirmed
2026-04-30,spot_premium,88.39,USD/oz,derived,,2026-09-17T09:12:33.229939,daily,C,confirmed
2026-05-06,spot_premium,81.08,USD/oz,derived,,2026-09-17T09:12:33.229939,daily,C,confirmed
2026-05-07,spot_premium,122.52,USD/oz,derived,,2026-09-17T09:12:33.229939,daily,C,confirmed
2026-05-08,spot_premium,89.9,USD/oz,derived,,2026-09-17T09:12:33.230939,daily,C,confirmed
2026-05-11,spot_premium,38.88,USD/oz,derived,,2026-09-17T09:12:33.230939,daily,C,confirmed
2026-05-12,spot_premium,96.29,USD/oz,derived,,2026-09-17T09:12:33.230939,daily,C,confirmed
2026-05-13,spot_premium,78.34,USD/oz,derived,,2026-09-17T09:12:33.230939,daily,C,confirmed
2026-05-14,spot_premium,95.28,USD/oz,derived,,2026-09-17T09:12:33.230939,daily,C,confirmed
2026-05-15,spot_premium,101.58,USD/oz,derived,,2026-09-17T09:12:33.230939,daily,C,confirmed
2026-05-18,spot_premium,84.21,USD/oz,derived,,2026-09-17T09:12:33.230939,daily,C,confirmed
2026-05-19,spot_premium,142.06,USD/oz,derived,,2026-09-17T09:12:33.230939,daily,C,confirmed
2026-05-20,spot_premium,45.81,USD/oz,derived,,2026-09-17T09:12:33.230939,daily,C,confirmed
2026-05-21,spot_premium,79.19,USD/oz,derived,,2026-09-17T09:12:33.230939,daily,C,confirmed
2026-05-22,spot_premium,100.25,USD/oz,derived,,2026-09-17T09:12:33.230939,daily,C,confirmed
2026-05-25,spot_premium,126.44,USD/oz,derived,,2026-09-17T09:12:33.230939,daily,C,confirmed
2026-05-26,spot_premium,117.63,USD/oz,derived,,2026-09-17T09:12:33.230939,daily,C,confirmed
2026-05-27,spot_premium,118.41,USD/oz,derived,,2026-09-17T09:12:33.231938,daily,C,confirmed
2026-05-28,spot_premium,-36.41,USD/oz,derived,,2026-09-17T09:12:33.231938,daily,C,confirmed
2026-05-29,spot_premium,0.92,USD/oz,derived,,2026-09-17T09:12:33.231938,daily,C,confirmed
2026-06-01,spot_premium,60.6,USD/oz,derived,,2026-09-17T09:12:33.231938,daily,C,confirmed
2026-06-02,spot_premium,79.6,USD/oz,derived,,2026-09-17T09:12:33.231938,daily,C,confirmed
2026-06-03,spot_premium,69.82,USD/oz,derived,,2026-09-17T09:12:33.231938,daily,C,confirmed
2026-06-04,spot_premium,35.71,USD/oz,derived,,2026-09-17T09:12:33.231938,daily,C,confirmed
2026-06-05,spot_premium,157.21,USD/oz,derived,,2026-09-17T09:12:33.231938,daily,C,confirmed
2026-06-08,spot_premium,11.37,USD/oz,derived,,2026-09-17T09:12:33.231938,daily,C,confirmed
2026-06-09,spot_premium,110.84,USD/oz,derived,,2026-09-17T09:12:33.231938,daily,C,confirmed
2026-06-10,spot_premium,135.23,USD/oz,derived,,2026-09-17T09:12:33.231938,daily,C,confirmed
2026-06-11,spot_premium,41.61,USD/oz,derived,,2026-09-17T09:12:33.231938,daily,C,confirmed
2026-06-12,spot_premium,-6.02,USD/oz,derived,,2026-09-17T09:12:33.231938,daily,C,confirmed
2026-06-15,spot_premium,8.03,USD/oz,derived,,2026-09-17T09:12:33.231938,daily,C,confirmed
2026-06-16,spot_premium,18.14,USD/oz,derived,,2026-09-17T09:12:33.232944,daily,C,confirmed
2026-06-17,spot_premium,-3.2,USD/oz,derived,,2026-09-17T09:12:33.232944,daily,C,confirmed
2026-06-18,spot_premium,109.18,USD/oz,derived,,2026-09-17T09:12:33.232944,daily,C,confirmed
2026-06-22,spot_premium,54.69,USD/oz,derived,,2026-09-17T09:12:33.232944,daily,C,confirmed
2026-06-23,spot_premium,19.68,USD/oz,derived,,2026-09-17T09:12:33.232944,daily,C,confirmed
2026-06-24,spot_premium,151.64,USD/oz,derived,,2026-09-17T09:12:33.232944,daily,C,confirmed
2026-06-25,spot_premium,1.22,USD/oz,derived,,2026-09-17T09:12:33.232944,daily,C,confirmed
2026-06-26,spot_premium,4.99,USD/oz,derived,,2026-09-17T09:12:33.232944,daily,C,confirmed
2026-06-29,spot_premium,87.55,USD/oz,derived,,2026-09-17T09:12:33.232944,daily,C,confirmed
2026-06-30,spot_premium,53.22,USD/oz,derived,,2026-09-17T09:12:33.232944,daily,C,confirmed
2026-07-01,spot_premium,-43.7,USD/oz,derived,,2026-09-17T09:12:33.232944,daily,C,confirmed
2026-07-02,spot_premium,9.76,USD/oz,derived,,2026-09-17T09:12:33.233917,daily,C,confirmed
2026-07-03,spot_premium,106.06,USD/oz,derived,,2026-09-17T09:12:33.233945,daily,C,confirmed
2026-07-06,spot_premium,47.64,USD/oz,derived,,2026-09-17T09:12:33.233945,daily,C,confirmed
2026-07-07,spot_premium,38.89,USD/oz,derived,,2026-09-17T09:12:33.233945,daily,C,confirmed
2026-07-08,spot_premium,109.24,USD/oz,derived,,2026-09-17T09:12:33.233945,daily,C,confirmed
2026-07-09,spot_premium,32.73,USD/oz,derived,,2026-09-17T09:12:33.233945,daily,C,confirmed
2026-07-10,spot_premium,55.56,USD/oz,derived,,2026-09-17T09:12:33.233945,daily,C,confirmed
2026-07-13,spot_premium,107.84,USD/oz,derived,,2026-09-17T09:12:33.233945,daily,C,confirmed
2026-07-14,spot_premium,17.47,USD/oz,derived,,2026-09-17T09:12:33.233945,daily,C,confirmed
2026-07-15,spot_premium,34.63,USD/oz,derived,,2026-09-17T09:12:33.233945,daily,C,confirmed
2026-07-16,spot_premium,90.06,USD/oz,derived,,2026-09-17T09:12:33.233945,daily,C,confirmed
2026-07-17,spot_premium,49.71,USD/oz,derived,,2026-09-17T09:12:33.233945,daily,C,confirmed
2026-07-20,spot_premium,54.46,USD/oz,derived,,2026-09-17T09:12:33.233945,daily,C,confirmed
2026-07-21,spot_premium,67.14,USD/oz,derived,,2026-09-17T09:12:33.233945,daily,C,confirmed
2026-07-22,spot_premium,35.01,USD/oz,derived,,2026-09-17T09:12:33.234939,daily,C,confirmed
2026-07-23,spot_premium,136.8,USD/oz,derived,,2026-09-17T09:12:33.234939,daily,C,confirmed
2026-07-24,spot_premium,32.81,USD/oz,derived,,2026-09-17T09:12:33.234939,daily,C,confirmed
2026-07-27,spot_premium,82.23,USD/oz,derived,,2026-09-17T09:12:33.234939,daily,C,confirmed
2026-07-28,spot_premium,70.94,USD/oz,derived,,2026-09-17T09:12:33.234939,daily,C,confirmed
2026-07-29,spot_premium,69.17,USD/oz,derived,,2026-09-17T09:12:33.234939,daily,C,confirmed
2026-07-30,spot_premium,-7.64,USD/oz,derived,,2026-09-17T09:12:33.234939,daily,C,confirmed
2026-07-31,spot_premium,17.5,USD/oz,derived,,2026-09-17T09:12:33.234939,daily,C,confirmed
2026-08-03,spot_premium,26.29,USD/oz,derived,,2026-09-17T09:12:33.234939,daily,C,confirmed
2026-08-04,spot_premium,-36.55,USD/oz,derived,,2026-09-17T09:12:33.234939,daily,C,confirmed
2026-08-05,spot_premium,-78.08,USD/oz,derived,,2026-09-17T09:12:33.234939,daily,C,confirmed
2026-08-06,spot_premium,4.13,USD/oz,derived,,2026-09-17T09:12:33.234939,daily,C,confirmed
2026-08-07,spot_premium,-50.19,USD/oz,derived,,2026-09-17T09:12:33.234939,daily,C,confirmed
2026-08-10,spot_premium,-17.07,USD/oz,derived,,2026-09-17T09:12:33.235940,daily,C,confirmed
2026-08-11,spot_premium,-30.39,USD/oz,derived,,2026-09-17T09:12:33.235940,daily,C,confirmed
2026-08-12,spot_premium,-16.86,USD/oz,derived,,2026-09-17T09:12:33.235940,daily,C,confirmed
2026-08-13,spot_premium,4.33,USD/oz,derived,,2026-09-17T09:12:33.235940,daily,C,confirmed
2026-08-14,spot_premium,-58.07,USD/oz,derived,,2026-09-17T09:12:33.235940,daily,C,confirmed
2026-08-17,spot_premium,-36.16,USD/oz,derived,,2026-09-17T09:12:33.235940,daily,C,confirmed
2026-08-18,spot_premium,20.1,USD/oz,derived,,2026-09-17T09:12:33.235940,daily,C,confirmed
2026-08-19,spot_premium,-154.93,USD/oz,derived,,2026-09-17T09:12:33.235940,daily,C,confirmed
2026-08-20,spot_premium,-53.9,USD/oz,derived,,2026-09-17T09:12:33.235940,daily,C,confirmed
2026-08-21,spot_premium,-95.78,USD/oz,derived,,2026-09-17T09:12:33.235940,daily,C,confirmed
2026-08-24,spot_premium,-22.99,USD/oz,derived,,2026-09-17T09:12:33.235940,daily,C,confirmed
2026-08-25,spot_premium,-31.76,USD/oz,derived,,2026-09-17T09:12:33.235940,daily,C,confirmed
2026-08-26,spot_premium,3.77,USD/oz,derived,,2026-09-17T09:12:33.235940,daily,C,confirmed
2026-08-27,spot_premium,-42.68,USD/oz,derived,,2026-09-17T09:12:33.236941,daily,C,confirmed
2026-08-28,spot_premium,109.9,USD/oz,derived,,2026-09-17T09:12:33.236941,daily,C,confirmed
2026-08-31,spot_premium,-15.17,USD/oz,derived,,2026-09-17T09:12:33.236941,daily,C,confirmed
2026-09-01,spot_premium,60.74,USD/oz,derived,,2026-09-17T09:12:33.236941,daily,C,confirmed
2026-09-02,spot_premium,-58.31,USD/oz,derived,,2026-09-17T09:12:33.236941,daily,C,confirmed
2026-09-03,spot_premium,-90.01,USD/oz,derived,,2026-09-17T09:12:33.236941,daily,C,confirmed
2026-09-04,spot_premium,8.49,USD/oz,derived,,2026-09-17T09:12:33.236941,daily,C,confirmed
2026-09-07,spot_premium,-61.99,USD/oz,derived,,2026-09-17T09:12:33.236941,daily,C,confirmed
2026-09-08,spot_premium,-13.53,USD/oz,derived,,2026-09-17T09:12:33.236941,daily,C,confirmed
2026-09-09,spot_premium,-39.41,USD/oz,derived,,2026-09-17T09:12:33.236941,daily,C,confirmed
2026-09-10,spot_premium,37.02,USD/oz,derived,,2026-09-17T09:12:33.236941,daily,C,confirmed
2026-09-11,spot_premium,-21.41,USD/oz,derived,,2026-09-17T09:12:33.236941,daily,C,confirmed
2026-09-14,spot_premium,1.51,USD/oz,derived,,2026-09-17T09:12:33.237940,daily,C,confirmed
2026-09-15,spot_premium,-4.0,USD/oz,derived,,2026-09-17T09:12:33.237940,daily,C,confirmed
2026-09-16,spot_premium,34.57,USD/oz,derived,,2026-09-17T09:12:33.237940,daily,C,confirmed
2025-05-27,term_structure,backwardation,label,derived,,2026-07-01T21:05:57.278401,daily,C,confirmed
2025-05-28,term_structure,backwardation,label,derived,,2026-07-02T02:45:03.917243,daily,C,confirmed
2025-05-29,term_structure,backwardation,label,derived,,2026-07-03T08:41:13.922564,daily,C,confirmed
2025-05-30,term_structure,backwardation,label,derived,,2026-07-04T00:04:38.565053,daily,C,confirmed
2025-06-03,term_structure,backwardation,label,derived,,2026-07-08T00:02:55.363288,daily,C,confirmed
2025-06-04,term_structure,backwardation,label,derived,,2026-07-09T00:05:22.601647,daily,C,confirmed
2025-06-05,term_structure,backwardation,label,derived,,2026-07-10T00:04:28.773084,daily,C,confirmed
2025-06-06,term_structure,backwardation,label,derived,,2026-07-11T00:05:11.058210,daily,C,confirmed
2025-06-09,term_structure,backwardation,label,derived,,2026-07-14T00:03:21.192833,daily,C,confirmed
2025-06-10,term_structure,backwardation,label,derived,,2026-07-15T00:05:18.003399,daily,C,confirmed
2025-06-11,term_structure,backwardation,label,derived,,2026-07-16T08:19:22.547725,daily,C,confirmed
2025-06-12,term_structure,backwardation,label,derived,,2026-07-17T08:35:36.988564,daily,C,confirmed
2025-06-13,term_structure,backwardation,label,derived,,2026-07-18T00:03:37.052568,daily,C,confirmed
2025-06-16,term_structure,backwardation,label,derived,,2026-07-21T00:04:38.059850,daily,C,confirmed
2025-06-17,term_structure,backwardation,label,derived,,2026-07-22T00:05:14.876798,daily,C,confirmed
2025-06-18,term_structure,backwardation,label,derived,,2026-07-23T00:08:15.607341,daily,C,confirmed
2025-06-19,term_structure,backwardation,label,derived,,2026-07-23T00:08:15.607345,daily,C,confirmed
2025-06-20,term_structure,backwardation,label,derived,,2026-07-25T00:03:36.628873,daily,C,confirmed
2025-06-23,term_structure,backwardation,label,derived,,2026-07-28T00:03:28.170175,daily,C,confirmed
2025-06-24,term_structure,backwardation,label,derived,,2026-07-29T00:04:32.511237,daily,C,confirmed
2025-06-25,term_structure,backwardation,label,derived,,2026-07-30T00:06:08.204167,daily,C,confirmed
2025-06-26,term_structure,backwardation,label,derived,,2026-07-31T08:48:00.804132,daily,C,confirmed
2025-06-27,term_structure,backwardation,label,derived,,2026-08-01T00:07:26.168298,daily,C,confirmed
2025-06-30,term_structure,backwardation,label,derived,,2026-08-04T00:03:27.882337,daily,C,confirmed
2025-07-01,term_structure,backwardation,label,derived,,2026-08-05T00:05:25.056861,daily,C,confirmed
2025-07-02,term_structure,backwardation,label,derived,,2026-08-06T08:59:17.276667,daily,C,confirmed
2025-07-03,term_structure,backwardation,label,derived,,2026-08-07T00:06:04.384063,daily,C,confirmed
2025-07-04,term_structure,backwardation,label,derived,,2026-08-08T00:05:38.855250,daily,C,confirmed
2025-07-07,term_structure,backwardation,label,derived,,2026-08-11T00:07:33.072967,daily,C,confirmed
2025-07-08,term_structure,backwardation,label,derived,,2026-08-12T00:01:54.065557,daily,C,confirmed
2025-07-09,term_structure,backwardation,label,derived,,2026-08-13T09:14:43.767478,daily,C,confirmed
2025-07-10,term_structure,backwardation,label,derived,,2026-08-14T00:03:49.853421,daily,C,confirmed
2025-07-11,term_structure,backwardation,label,derived,,2026-08-15T00:04:18.880119,daily,C,confirmed
2025-07-14,term_structure,backwardation,label,derived,,2026-08-18T00:13:43.051090,daily,C,confirmed
2025-07-15,term_structure,backwardation,label,derived,,2026-08-19T00:06:30.450832,daily,C,confirmed
2025-07-16,term_structure,backwardation,label,derived,,2026-08-20T08:38:11.309433,daily,C,confirmed
2025-07-17,term_structure,backwardation,label,derived,,2026-08-21T00:04:06.978261,daily,C,confirmed
2025-07-18,term_structure,backwardation,label,derived,,2026-08-22T00:06:17.111187,daily,C,confirmed
2025-07-21,term_structure,backwardation,label,derived,,2026-08-25T08:48:03.188055,daily,C,confirmed
2025-07-22,term_structure,backwardation,label,derived,,2026-08-25T08:48:03.188055,daily,C,confirmed
2025-07-23,term_structure,backwardation,label,derived,,2026-08-27T09:48:42.174597,daily,C,confirmed
2025-07-24,term_structure,backwardation,label,derived,,2026-08-27T09:48:42.174597,daily,C,confirmed
2025-07-25,term_structure,backwardation,label,derived,,2026-08-27T09:48:42.174597,daily,C,confirmed
2025-07-28,term_structure,backwardation,label,derived,,2026-08-31T08:35:58.606148,daily,C,confirmed
2025-07-29,term_structure,backwardation,label,derived,,2026-09-02T09:02:09.166971,daily,C,confirmed
2025-07-30,term_structure,backwardation,label,derived,,2026-09-02T09:02:09.166971,daily,C,confirmed
2025-07-31,term_structure,backwardation,label,derived,,2026-09-02T09:02:09.166971,daily,C,confirmed
2025-08-01,term_structure,backwardation,label,derived,,2026-09-02T09:02:09.166971,daily,C,confirmed
2025-08-04,term_structure,backwardation,label,derived,,2026-09-08T11:05:19.452065,daily,C,confirmed
2025-08-05,term_structure,backwardation,label,derived,,2026-09-08T11:05:19.452065,daily,C,confirmed
2025-08-06,term_structure,backwardation,label,derived,,2026-09-08T11:05:19.452065,daily,C,confirmed
2025-08-07,term_structure,backwardation,label,derived,,2026-09-08T11:05:19.452065,daily,C,confirmed
2025-08-08,term_structure,backwardation,label,derived,,2026-09-08T11:05:19.452065,daily,C,confirmed
2025-08-11,term_structure,backwardation,label,derived,,2026-09-08T11:05:19.452065,daily,C,confirmed
2025-08-12,term_structure,backwardation,label,derived,,2026-09-08T11:05:19.452065,daily,C,confirmed
2025-08-13,term_structure,backwardation,label,derived,,2026-09-17T09:12:33.237940,daily,C,confirmed
2025-08-14,term_structure,backwardation,label,derived,,2026-09-17T09:12:33.237940,daily,C,confirmed
2025-08-15,term_structure,backwardation,label,derived,,2026-09-17T09:12:33.237940,daily,C,confirmed
2025-08-18,term_structure,backwardation,label,derived,,2026-09-17T09:12:33.237940,daily,C,confirmed
2025-08-19,term_structure,backwardation,label,derived,,2026-09-17T09:12:33.237940,daily,C,confirmed
2025-08-20,term_structure,backwardation,label,derived,,2026-09-17T09:12:33.237940,daily,C,confirmed
2025-08-21,term_structure,backwardation,label,derived,,2026-09-17T09:12:33.237940,daily,C,confirmed
2025-08-22,term_structure,backwardation,label,derived,,2026-09-17T09:12:33.237940,daily,C,confirmed
2025-08-25,term_structure,backwardation,label,derived,,2026-09-17T09:12:33.237940,daily,C,confirmed
2025-08-26,term_structure,backwardation,label,derived,,2026-09-17T09:12:33.237940,daily,C,confirmed
2025-08-27,term_structure,backwardation,label,derived,,2026-09-17T09:12:33.237940,daily,C,confirmed
2025-08-28,term_structure,backwardation,label,derived,,2026-09-17T09:12:33.237940,daily,C,confirmed
2025-08-29,term_structure,backwardation,label,derived,,2026-09-17T09:12:33.237940,daily,C,confirmed
2025-09-01,term_structure,backwardation,label,derived,,2026-09-17T09:12:33.237940,daily,C,confirmed
2025-09-02,term_structure,backwardation,label,derived,,2026-09-17T09:12:33.237940,daily,C,confirmed
2025-09-03,term_structure,backwardation,label,derived,,2026-09-17T09:12:33.237940,daily,C,confirmed
2025-09-04,term_structure,backwardation,label,derived,,2026-09-17T09:12:33.237940,daily,C,confirmed
2025-09-05,term_structure,backwardation,label,derived,,2026-09-17T09:12:33.237940,daily,C,confirmed
2025-09-08,term_structure,backwardation,label,derived,,2026-09-17T09:12:33.237940,daily,C,confirmed
2025-09-09,term_structure,backwardation,label,derived,,2026-09-17T09:12:33.237940,daily,C,confirmed
2025-09-10,term_structure,backwardation,label,derived,,2026-09-17T09:12:33.237940,daily,C,confirmed
2025-09-11,term_structure,backwardation,label,derived,,2026-09-17T09:12:33.237940,daily,C,confirmed
2025-09-12,term_structure,backwardation,label,derived,,2026-09-17T09:12:33.237940,daily,C,confirmed
2025-09-15,term_structure,backwardation,label,derived,,2026-09-17T09:12:33.237940,daily,C,confirmed
2025-09-16,term_structure,backwardation,label,derived,,2026-09-17T09:12:33.237940,daily,C,confirmed
2025-09-17,term_structure,backwardation,label,derived,,2026-09-17T09:12:33.237940,daily,C,confirmed
2025-09-18,term_structure,backwardation,label,derived,,2026-09-17T09:12:33.237940,daily,C,confirmed
2025-09-19,term_structure,backwardation,label,derived,,2026-09-17T09:12:33.237940,daily,C,confirmed
2025-09-22,term_structure,backwardation,label,derived,,2026-09-17T09:12:33.237940,daily,C,confirmed
2025-09-23,term_structure,backwardation,label,derived,,2026-09-17T09:12:33.237940,daily,C,confirmed
2025-09-24,term_structure,backwardation,label,derived,,2026-09-17T09:12:33.237940,daily,C,confirmed
2025-09-25,term_structure,backwardation,label,derived,,2026-09-17T09:12:33.237940,daily,C,confirmed
2025-09-26,term_structure,backwardation,label,derived,,2026-09-17T09:12:33.237940,daily,C,confirmed
2025-09-29,term_structure,backwardation,label,derived,,2026-09-17T09:12:33.237940,daily,C,confirmed
2025-09-30,term_structure,backwardation,label,derived,,2026-09-17T09:12:33.237940,daily,C,confirmed
2025-10-09,term_structure,backwardation,label,derived,,2026-09-17T09:12:33.237940,daily,C,confirmed
2025-10-10,term_structure,backwardation,label,derived,,2026-09-17T09:12:33.237940,daily,C,confirmed
2025-10-13,term_structure,backwardation,label,derived,,2026-09-17T09:12:33.237940,daily,C,confirmed
2025-10-14,term_structure,backwardation,label,derived,,2026-09-17T09:12:33.237940,daily,C,confirmed
2025-10-15,term_structure,backwardation,label,derived,,2026-09-17T09:12:33.237940,daily,C,confirmed
2025-10-16,term_structure,backwardation,label,derived,,2026-09-17T09:12:33.237940,daily,C,confirmed
2025-10-17,term_structure,backwardation,label,derived,,2026-09-17T09:12:33.237940,daily,C,confirmed
2025-10-20,term_structure,backwardation,label,derived,,2026-09-17T09:12:33.237940,daily,C,confirmed
2025-10-21,term_structure,backwardation,label,derived,,2026-09-17T09:12:33.237940,daily,C,confirmed
2025-10-22,term_structure,backwardation,label,derived,,2026-09-17T09:12:33.237940,daily,C,confirmed
2025-10-23,term_structure,backwardation,label,derived,,2026-09-17T09:12:33.237940,daily,C,confirmed
2025-10-24,term_structure,backwardation,label,derived,,2026-09-17T09:12:33.237940,daily,C,confirmed
2025-10-27,term_structure,backwardation,label,derived,,2026-09-17T09:12:33.237940,daily,C,confirmed
2025-10-28,term_structure,backwardation,label,derived,,2026-09-17T09:12:33.237940,daily,C,confirmed
2025-10-29,term_structure,backwardation,label,derived,,2026-09-17T09:12:33.237940,daily,C,confirmed
2025-10-30,term_structure,backwardation,label,derived,,2026-09-17T09:12:33.237940,daily,C,confirmed
2025-10-31,term_structure,backwardation,label,derived,,2026-09-17T09:12:33.237940,daily,C,confirmed
2025-11-03,term_structure,backwardation,label,derived,,2026-09-17T09:12:33.237940,daily,C,confirmed
2025-11-04,term_structure,backwardation,label,derived,,2026-09-17T09:12:33.237940,daily,C,confirmed
2025-11-05,term_structure,backwardation,label,derived,,2026-09-17T09:12:33.237940,daily,C,confirmed
2025-11-06,term_structure,backwardation,label,derived,,2026-09-17T09:12:33.237940,daily,C,confirmed
2025-11-07,term_structure,backwardation,label,derived,,2026-09-17T09:12:33.237940,daily,C,confirmed
2025-11-10,term_structure,backwardation,label,derived,,2026-09-17T09:12:33.237940,daily,C,confirmed
2025-11-11,term_structure,backwardation,label,derived,,2026-09-17T09:12:33.237940,daily,C,confirmed
2025-11-12,term_structure,backwardation,label,derived,,2026-09-17T09:12:33.237940,daily,C,confirmed
2025-11-13,term_structure,backwardation,label,derived,,2026-09-17T09:12:33.237940,daily,C,confirmed
2025-11-14,term_structure,backwardation,label,derived,,2026-09-17T09:12:33.237940,daily,C,confirmed
2025-11-17,term_structure,backwardation,label,derived,,2026-09-17T09:12:33.237940,daily,C,confirmed
2025-11-18,term_structure,backwardation,label,derived,,2026-09-17T09:12:33.237940,daily,C,confirmed
2025-11-19,term_structure,backwardation,label,derived,,2026-09-17T09:12:33.237940,daily,C,confirmed
2025-11-20,term_structure,backwardation,label,derived,,2026-09-17T09:12:33.237940,daily,C,confirmed
2025-11-21,term_structure,backwardation,label,derived,,2026-09-17T09:12:33.237940,daily,C,confirmed
2025-11-24,term_structure,backwardation,label,derived,,2026-09-17T09:12:33.237940,daily,C,confirmed
2025-11-25,term_structure,backwardation,label,derived,,2026-09-17T09:12:33.237940,daily,C,confirmed
2025-11-26,term_structure,backwardation,label,derived,,2026-09-17T09:12:33.237940,daily,C,confirmed
2025-11-27,term_structure,backwardation,label,derived,,2026-09-17T09:12:33.237940,daily,C,confirmed
2025-11-28,term_structure,backwardation,label,derived,,2026-09-17T09:12:33.237940,daily,C,confirmed
2025-12-01,term_structure,backwardation,label,derived,,2026-09-17T09:12:33.237940,daily,C,confirmed
2025-12-02,term_structure,backwardation,label,derived,,2026-09-17T09:12:33.237940,daily,C,confirmed
2025-12-03,term_structure,backwardation,label,derived,,2026-09-17T09:12:33.237940,daily,C,confirmed
2025-12-04,term_structure,backwardation,label,derived,,2026-09-17T09:12:33.237940,daily,C,confirmed
2025-12-05,term_structure,backwardation,label,derived,,2026-09-17T09:12:33.237940,daily,C,confirmed
2025-12-08,term_structure,backwardation,label,derived,,2026-09-17T09:12:33.237940,daily,C,confirmed
2025-12-09,term_structure,backwardation,label,derived,,2026-09-17T09:12:33.237940,daily,C,confirmed
2025-12-10,term_structure,backwardation,label,derived,,2026-09-17T09:12:33.237940,daily,C,confirmed
2025-12-11,term_structure,backwardation,label,derived,,2026-09-17T09:12:33.237940,daily,C,confirmed
2025-12-12,term_structure,backwardation,label,derived,,2026-09-17T09:12:33.237940,daily,C,confirmed
2025-12-15,term_structure,backwardation,label,derived,,2026-09-17T09:12:33.237940,daily,C,confirmed
2025-12-16,term_structure,backwardation,label,derived,,2026-09-17T09:12:33.237940,daily,C,confirmed
2025-12-17,term_structure,backwardation,label,derived,,2026-09-17T09:12:33.237940,daily,C,confirmed
2025-12-18,term_structure,backwardation,label,derived,,2026-09-17T09:12:33.237940,daily,C,confirmed
2025-12-19,term_structure,backwardation,label,derived,,2026-09-17T09:12:33.237940,daily,C,confirmed
2025-12-22,term_structure,backwardation,label,derived,,2026-09-17T09:12:33.237940,daily,C,confirmed
2025-12-23,term_structure,backwardation,label,derived,,2026-09-17T09:12:33.237940,daily,C,confirmed
2025-12-24,term_structure,backwardation,label,derived,,2026-09-17T09:12:33.237940,daily,C,confirmed
2025-12-25,term_structure,backwardation,label,derived,,2026-09-17T09:12:33.237940,daily,C,confirmed
2025-12-26,term_structure,backwardation,label,derived,,2026-09-17T09:12:33.237940,daily,C,confirmed
2025-12-29,term_structure,backwardation,label,derived,,2026-09-17T09:12:33.237940,daily,C,confirmed
2025-12-30,term_structure,backwardation,label,derived,,2026-09-17T09:12:33.237940,daily,C,confirmed
2025-12-31,term_structure,backwardation,label,derived,,2026-09-17T09:12:33.237940,daily,C,confirmed
2026-01-05,term_structure,backwardation,label,derived,,2026-09-17T09:12:33.237940,daily,C,confirmed
2026-01-06,term_structure,backwardation,label,derived,,2026-09-17T09:12:33.237940,daily,C,confirmed
2026-01-07,term_structure,backwardation,label,derived,,2026-09-17T09:12:33.237940,daily,C,confirmed
2026-01-08,term_structure,backwardation,label,derived,,2026-09-17T09:12:33.237940,daily,C,confirmed
2026-01-09,term_structure,backwardation,label,derived,,2026-09-17T09:12:33.237940,daily,C,confirmed
2026-01-12,term_structure,backwardation,label,derived,,2026-09-17T09:12:33.237940,daily,C,confirmed
2026-01-13,term_structure,backwardation,label,derived,,2026-09-17T09:12:33.237940,daily,C,confirmed
2026-01-14,term_structure,backwardation,label,derived,,2026-09-17T09:12:33.237940,daily,C,confirmed
2026-01-15,term_structure,backwardation,label,derived,,2026-09-17T09:12:33.237940,daily,C,confirmed
2026-01-16,term_structure,backwardation,label,derived,,2026-09-17T09:12:33.237940,daily,C,confirmed
2026-01-19,term_structure,backwardation,label,derived,,2026-09-17T09:12:33.237940,daily,C,confirmed
2026-01-20,term_structure,backwardation,label,derived,,2026-09-17T09:12:33.237940,daily,C,confirmed
2026-01-21,term_structure,backwardation,label,derived,,2026-09-17T09:12:33.237940,daily,C,confirmed
2026-01-22,term_structure,backwardation,label,derived,,2026-09-17T09:12:33.237940,daily,C,confirmed
2026-01-23,term_structure,backwardation,label,derived,,2026-09-17T09:12:33.237940,daily,C,confirmed
2026-01-26,term_structure,backwardation,label,derived,,2026-09-17T09:12:33.237940,daily,C,confirmed
2026-01-27,term_structure,backwardation,label,derived,,2026-09-17T09:12:33.237940,daily,C,confirmed
2026-01-28,term_structure,backwardation,label,derived,,2026-09-17T09:12:33.237940,daily,C,confirmed
2026-01-29,term_structure,backwardation,label,derived,,2026-09-17T09:12:33.237940,daily,C,confirmed
2026-01-30,term_structure,backwardation,label,derived,,2026-09-17T09:12:33.237940,daily,C,confirmed
2026-02-02,term_structure,backwardation,label,derived,,2026-09-17T09:12:33.237940,daily,C,confirmed
2026-02-03,term_structure,backwardation,label,derived,,2026-09-17T09:12:33.237940,daily,C,confirmed
2026-02-04,term_structure,backwardation,label,derived,,2026-09-17T09:12:33.237940,daily,C,confirmed
2026-02-05,term_structure,backwardation,label,derived,,2026-09-17T09:12:33.237940,daily,C,confirmed
2026-02-06,term_structure,backwardation,label,derived,,2026-09-17T09:12:33.237940,daily,C,confirmed
2026-02-09,term_structure,backwardation,label,derived,,2026-09-17T09:12:33.237940,daily,C,confirmed
2026-02-10,term_structure,backwardation,label,derived,,2026-09-17T09:12:33.237940,daily,C,confirmed
2026-02-11,term_structure,backwardation,label,derived,,2026-09-17T09:12:33.237940,daily,C,confirmed
2026-02-12,term_structure,backwardation,label,derived,,2026-09-17T09:12:33.237940,daily,C,confirmed
2026-02-13,term_structure,backwardation,label,derived,,2026-09-17T09:12:33.237940,daily,C,confirmed
2026-02-24,term_structure,backwardation,label,derived,,2026-09-17T09:12:33.237940,daily,C,confirmed
2026-02-25,term_structure,backwardation,label,derived,,2026-09-17T09:12:33.237940,daily,C,confirmed
2026-02-26,term_structure,backwardation,label,derived,,2026-09-17T09:12:33.237940,daily,C,confirmed
2026-02-27,term_structure,backwardation,label,derived,,2026-09-17T09:12:33.237940,daily,C,confirmed
2026-03-02,term_structure,backwardation,label,derived,,2026-09-17T09:12:33.237940,daily,C,confirmed
2026-03-03,term_structure,backwardation,label,derived,,2026-09-17T09:12:33.237940,daily,C,confirmed
2026-03-04,term_structure,backwardation,label,derived,,2026-09-17T09:12:33.237940,daily,C,confirmed
2026-03-05,term_structure,backwardation,label,derived,,2026-09-17T09:12:33.237940,daily,C,confirmed
2026-03-06,term_structure,backwardation,label,derived,,2026-09-17T09:12:33.237940,daily,C,confirmed
2026-03-09,term_structure,backwardation,label,derived,,2026-09-17T09:12:33.237940,daily,C,confirmed
2026-03-10,term_structure,backwardation,label,derived,,2026-09-17T09:12:33.237940,daily,C,confirmed
2026-03-11,term_structure,backwardation,label,derived,,2026-09-17T09:12:33.237940,daily,C,confirmed
2026-03-12,term_structure,backwardation,label,derived,,2026-09-17T09:12:33.237940,daily,C,confirmed
2026-03-13,term_structure,backwardation,label,derived,,2026-09-17T09:12:33.237940,daily,C,confirmed
2026-03-16,term_structure,backwardation,label,derived,,2026-09-17T09:12:33.237940,daily,C,confirmed
2026-03-17,term_structure,backwardation,label,derived,,2026-09-17T09:12:33.237940,daily,C,confirmed
2026-03-18,term_structure,backwardation,label,derived,,2026-09-17T09:12:33.237940,daily,C,confirmed
2026-03-19,term_structure,backwardation,label,derived,,2026-09-17T09:12:33.237940,daily,C,confirmed
2026-03-20,term_structure,backwardation,label,derived,,2026-09-17T09:12:33.237940,daily,C,confirmed
2026-03-23,term_structure,contango,label,derived,,2026-09-17T09:12:33.237940,daily,C,confirmed
2026-03-24,term_structure,backwardation,label,derived,,2026-09-17T09:12:33.237940,daily,C,confirmed
2026-03-25,term_structure,backwardation,label,derived,,2026-09-17T09:12:33.237940,daily,C,confirmed
2026-03-26,term_structure,backwardation,label,derived,,2026-09-17T09:12:33.237940,daily,C,confirmed
2026-03-27,term_structure,backwardation,label,derived,,2026-09-17T09:12:33.237940,daily,C,confirmed
2026-03-30,term_structure,backwardation,label,derived,,2026-09-17T09:12:33.237940,daily,C,confirmed
2026-03-31,term_structure,backwardation,label,derived,,2026-09-17T09:12:33.237940,daily,C,confirmed
2026-04-01,term_structure,backwardation,label,derived,,2026-09-17T09:12:33.237940,daily,C,confirmed
2026-04-02,term_structure,backwardation,label,derived,,2026-09-17T09:12:33.237940,daily,C,confirmed
2026-04-03,term_structure,backwardation,label,derived,,2026-09-17T09:12:33.237940,daily,C,confirmed
2026-04-07,term_structure,backwardation,label,derived,,2026-09-17T09:12:33.237940,daily,C,confirmed
2026-04-08,term_structure,backwardation,label,derived,,2026-09-17T09:12:33.237940,daily,C,confirmed
2026-04-09,term_structure,backwardation,label,derived,,2026-09-17T09:12:33.237940,daily,C,confirmed
2026-04-10,term_structure,backwardation,label,derived,,2026-09-17T09:12:33.237940,daily,C,confirmed
2026-04-13,term_structure,backwardation,label,derived,,2026-09-17T09:12:33.237940,daily,C,confirmed
2026-04-14,term_structure,backwardation,label,derived,,2026-09-17T09:12:33.237940,daily,C,confirmed
2026-04-15,term_structure,backwardation,label,derived,,2026-09-17T09:12:33.237940,daily,C,confirmed
2026-04-16,term_structure,backwardation,label,derived,,2026-09-17T09:12:33.237940,daily,C,confirmed
2026-04-17,term_structure,backwardation,label,derived,,2026-09-17T09:12:33.237940,daily,C,confirmed
2026-04-20,term_structure,backwardation,label,derived,,2026-09-17T09:12:33.237940,daily,C,confirmed
2026-04-21,term_structure,backwardation,label,derived,,2026-09-17T09:12:33.237940,daily,C,confirmed
2026-04-22,term_structure,backwardation,label,derived,,2026-09-17T09:12:33.237940,daily,C,confirmed
2026-04-23,term_structure,backwardation,label,derived,,2026-09-17T09:12:33.237940,daily,C,confirmed
2026-04-24,term_structure,backwardation,label,derived,,2026-09-17T09:12:33.237940,daily,C,confirmed
2026-04-27,term_structure,backwardation,label,derived,,2026-09-17T09:12:33.237940,daily,C,confirmed
2026-04-28,term_structure,backwardation,label,derived,,2026-09-17T09:12:33.237940,daily,C,confirmed
2026-04-29,term_structure,backwardation,label,derived,,2026-09-17T09:12:33.237940,daily,C,confirmed
2026-04-30,term_structure,backwardation,label,derived,,2026-09-17T09:12:33.237940,daily,C,confirmed
2026-05-06,term_structure,backwardation,label,derived,,2026-09-17T09:12:33.237940,daily,C,confirmed
2026-05-07,term_structure,backwardation,label,derived,,2026-09-17T09:12:33.237940,daily,C,confirmed
2026-05-08,term_structure,backwardation,label,derived,,2026-09-17T09:12:33.237940,daily,C,confirmed
2026-05-11,term_structure,backwardation,label,derived,,2026-09-17T09:12:33.237940,daily,C,confirmed
2026-05-12,term_structure,backwardation,label,derived,,2026-09-17T09:12:33.237940,daily,C,confirmed
2026-05-13,term_structure,backwardation,label,derived,,2026-09-17T09:12:33.237940,daily,C,confirmed
2026-05-14,term_structure,backwardation,label,derived,,2026-09-17T09:12:33.237940,daily,C,confirmed
2026-05-15,term_structure,backwardation,label,derived,,2026-09-17T09:12:33.237940,daily,C,confirmed
2026-05-18,term_structure,backwardation,label,derived,,2026-09-17T09:12:33.237940,daily,C,confirmed
2026-05-19,term_structure,backwardation,label,derived,,2026-09-17T09:12:33.237940,daily,C,confirmed
2026-05-20,term_structure,backwardation,label,derived,,2026-09-17T09:12:33.237940,daily,C,confirmed
2026-05-21,term_structure,backwardation,label,derived,,2026-09-17T09:12:33.237940,daily,C,confirmed
2026-05-22,term_structure,backwardation,label,derived,,2026-09-17T09:12:33.237940,daily,C,confirmed
2026-05-25,term_structure,backwardation,label,derived,,2026-09-17T09:12:33.237940,daily,C,confirmed
2026-05-26,term_structure,backwardation,label,derived,,2026-09-17T09:12:33.237940,daily,C,confirmed
2026-05-27,term_structure,backwardation,label,derived,,2026-09-17T09:12:33.237940,daily,C,confirmed
2026-05-28,term_structure,contango,label,derived,,2026-09-17T09:12:33.237940,daily,C,confirmed
2026-05-29,term_structure,backwardation,label,derived,,2026-09-17T09:12:33.237940,daily,C,confirmed
2026-06-01,term_structure,backwardation,label,derived,,2026-09-17T09:12:33.237940,daily,C,confirmed
2026-06-02,term_structure,backwardation,label,derived,,2026-09-17T09:12:33.237940,daily,C,confirmed
2026-06-03,term_structure,backwardation,label,derived,,2026-09-17T09:12:33.237940,daily,C,confirmed
2026-06-04,term_structure,backwardation,label,derived,,2026-09-17T09:12:33.237940,daily,C,confirmed
2026-06-05,term_structure,backwardation,label,derived,,2026-09-17T09:12:33.237940,daily,C,confirmed
2026-06-08,term_structure,backwardation,label,derived,,2026-09-17T09:12:33.237940,daily,C,confirmed
2026-06-09,term_structure,backwardation,label,derived,,2026-09-17T09:12:33.237940,daily,C,confirmed
2026-06-10,term_structure,backwardation,label,derived,,2026-09-17T09:12:33.237940,daily,C,confirmed
2026-06-11,term_structure,backwardation,label,derived,,2026-09-17T09:12:33.237940,daily,C,confirmed
2026-06-12,term_structure,contango,label,derived,,2026-09-17T09:12:33.237940,daily,C,confirmed
2026-06-15,term_structure,backwardation,label,derived,,2026-09-17T09:12:33.237940,daily,C,confirmed
2026-06-16,term_structure,backwardation,label,derived,,2026-09-17T09:12:33.237940,daily,C,confirmed
2026-06-17,term_structure,contango,label,derived,,2026-09-17T09:12:33.237940,daily,C,confirmed
2026-06-18,term_structure,backwardation,label,derived,,2026-09-17T09:12:33.237940,daily,C,confirmed
2026-06-22,term_structure,backwardation,label,derived,,2026-09-17T09:12:33.237940,daily,C,confirmed
2026-06-23,term_structure,backwardation,label,derived,,2026-09-17T09:12:33.237940,daily,C,confirmed
2026-06-24,term_structure,backwardation,label,derived,,2026-09-17T09:12:33.237940,daily,C,confirmed
2026-06-25,term_structure,backwardation,label,derived,,2026-09-17T09:12:33.237940,daily,C,confirmed
2026-06-26,term_structure,backwardation,label,derived,,2026-09-17T09:12:33.237940,daily,C,confirmed
2026-06-29,term_structure,backwardation,label,derived,,2026-09-17T09:12:33.237940,daily,C,confirmed
2026-06-30,term_structure,backwardation,label,derived,,2026-09-17T09:12:33.237940,daily,C,confirmed
2026-07-01,term_structure,contango,label,derived,,2026-09-17T09:12:33.237940,daily,C,confirmed
2026-07-02,term_structure,backwardation,label,derived,,2026-09-17T09:12:33.237940,daily,C,confirmed
2026-07-03,term_structure,backwardation,label,derived,,2026-09-17T09:12:33.237940,daily,C,confirmed
2026-07-06,term_structure,backwardation,label,derived,,2026-09-17T09:12:33.237940,daily,C,confirmed
2026-07-07,term_structure,backwardation,label,derived,,2026-09-17T09:12:33.237940,daily,C,confirmed
2026-07-08,term_structure,backwardation,label,derived,,2026-09-17T09:12:33.237940,daily,C,confirmed
2026-07-09,term_structure,backwardation,label,derived,,2026-09-17T09:12:33.237940,daily,C,confirmed
2026-07-10,term_structure,backwardation,label,derived,,2026-09-17T09:12:33.237940,daily,C,confirmed
2026-07-13,term_structure,backwardation,label,derived,,2026-09-17T09:12:33.237940,daily,C,confirmed
2026-07-14,term_structure,backwardation,label,derived,,2026-09-17T09:12:33.237940,daily,C,confirmed
2026-07-15,term_structure,backwardation,label,derived,,2026-09-17T09:12:33.237940,daily,C,confirmed
2026-07-16,term_structure,backwardation,label,derived,,2026-09-17T09:12:33.237940,daily,C,confirmed
2026-07-17,term_structure,backwardation,label,derived,,2026-09-17T09:12:33.237940,daily,C,confirmed
2026-07-20,term_structure,backwardation,label,derived,,2026-09-17T09:12:33.237940,daily,C,confirmed
2026-07-21,term_structure,backwardation,label,derived,,2026-09-17T09:12:33.237940,daily,C,confirmed
2026-07-22,term_structure,backwardation,label,derived,,2026-09-17T09:12:33.237940,daily,C,confirmed
2026-07-23,term_structure,backwardation,label,derived,,2026-09-17T09:12:33.237940,daily,C,confirmed
2026-07-24,term_structure,backwardation,label,derived,,2026-09-17T09:12:33.237940,daily,C,confirmed
2026-07-27,term_structure,backwardation,label,derived,,2026-09-17T09:12:33.237940,daily,C,confirmed
2026-07-28,term_structure,backwardation,label,derived,,2026-09-17T09:12:33.237940,daily,C,confirmed
2026-07-29,term_structure,backwardation,label,derived,,2026-09-17T09:12:33.237940,daily,C,confirmed
2026-07-30,term_structure,contango,label,derived,,2026-09-17T09:12:33.237940,daily,C,confirmed
2026-07-31,term_structure,backwardation,label,derived,,2026-09-17T09:12:33.237940,daily,C,confirmed
2026-08-03,term_structure,backwardation,label,derived,,2026-09-17T09:12:33.237940,daily,C,confirmed
2026-08-04,term_structure,contango,label,derived,,2026-09-17T09:12:33.237940,daily,C,confirmed
2026-08-05,term_structure,contango,label,derived,,2026-09-17T09:12:33.237940,daily,C,confirmed
2026-08-06,term_structure,backwardation,label,derived,,2026-09-17T09:12:33.237940,daily,C,confirmed
2026-08-07,term_structure,contango,label,derived,,2026-09-17T09:12:33.237940,daily,C,confirmed
2026-08-10,term_structure,contango,label,derived,,2026-09-17T09:12:33.237940,daily,C,confirmed
2026-08-11,term_structure,contango,label,derived,,2026-09-17T09:12:33.237940,daily,C,confirmed
2026-08-12,term_structure,contango,label,derived,,2026-09-17T09:12:33.237940,daily,C,confirmed
2026-08-13,term_structure,backwardation,label,derived,,2026-09-17T09:12:33.237940,daily,C,confirmed
2026-08-14,term_structure,contango,label,derived,,2026-09-17T09:12:33.237940,daily,C,confirmed
2026-08-17,term_structure,contango,label,derived,,2026-09-17T09:12:33.237940,daily,C,confirmed
2026-08-18,term_structure,backwardation,label,derived,,2026-09-17T09:12:33.237940,daily,C,confirmed
2026-08-19,term_structure,contango,label,derived,,2026-09-17T09:12:33.237940,daily,C,confirmed
2026-08-20,term_structure,contango,label,derived,,2026-09-17T09:12:33.237940,daily,C,confirmed
2026-08-21,term_structure,contango,label,derived,,2026-09-17T09:12:33.237940,daily,C,confirmed
2026-08-24,term_structure,contango,label,derived,,2026-09-17T09:12:33.237940,daily,C,confirmed
2026-08-25,term_structure,contango,label,derived,,2026-09-17T09:12:33.237940,daily,C,confirmed
2026-08-26,term_structure,backwardation,label,derived,,2026-09-17T09:12:33.237940,daily,C,confirmed
2026-08-27,term_structure,contango,label,derived,,2026-09-17T09:12:33.237940,daily,C,confirmed
2026-08-28,term_structure,backwardation,label,derived,,2026-09-17T09:12:33.237940,daily,C,confirmed
2026-08-31,term_structure,contango,label,derived,,2026-09-17T09:12:33.237940,daily,C,confirmed
2026-09-01,term_structure,backwardation,label,derived,,2026-09-17T09:12:33.237940,daily,C,confirmed
2026-09-02,term_structure,contango,label,derived,,2026-09-17T09:12:33.237940,daily,C,confirmed
2026-09-03,term_structure,contango,label,derived,,2026-09-17T09:12:33.237940,daily,C,confirmed
2026-09-04,term_structure,backwardation,label,derived,,2026-09-17T09:12:33.237940,daily,C,confirmed
2026-09-07,term_structure,contango,label,derived,,2026-09-17T09:12:33.237940,daily,C,confirmed
2026-09-08,term_structure,contango,label,derived,,2026-09-17T09:12:33.237940,daily,C,confirmed
2026-09-09,term_structure,contango,label,derived,,2026-09-17T09:12:33.237940,daily,C,confirmed
2026-09-10,term_structure,backwardation,label,derived,,2026-09-17T09:12:33.237940,daily,C,confirmed
2026-09-11,term_structure,contango,label,derived,,2026-09-17T09:12:33.237940,daily,C,confirmed
2026-09-14,term_structure,backwardation,label,derived,,2026-09-17T09:12:33.237940,daily,C,confirmed
2026-09-15,term_structure,contango,label,derived,,2026-09-17T09:12:33.237940,daily,C,confirmed
2026-09-16,term_structure,backwardation,label,derived,,2026-09-17T09:12:33.237940,daily,C,confirmed
2025-05-27,us_10y_real_rate,2.11,pct,FRED,https://fred.stlouisfed.org/series/DFII10,2026-07-01T21:05:19.038605,daily,A,confirmed
2025-05-28,us_10y_real_rate,2.15,pct,FRED,https://fred.stlouisfed.org/series/DFII10,2026-07-02T02:44:46.505418,daily,A,confirmed
2025-05-29,us_10y_real_rate,2.11,pct,FRED,https://fred.stlouisfed.org/series/DFII10,2026-07-03T08:41:02.376661,daily,A,confirmed
2025-05-30,us_10y_real_rate,2.07,pct,FRED,https://fred.stlouisfed.org/series/DFII10,2026-07-04T00:04:15.883139,daily,A,confirmed
2025-06-02,us_10y_real_rate,2.13,pct,FRED,https://fred.stlouisfed.org/series/DFII10,2026-07-07T00:05:07.500200,daily,A,confirmed
2025-06-03,us_10y_real_rate,2.14,pct,FRED,https://fred.stlouisfed.org/series/DFII10,2026-07-08T00:02:23.279543,daily,A,confirmed
2025-06-04,us_10y_real_rate,2.06,pct,FRED,https://fred.stlouisfed.org/series/DFII10,2026-07-09T00:04:44.310525,daily,A,confirmed
2025-06-05,us_10y_real_rate,2.11,pct,FRED,https://fred.stlouisfed.org/series/DFII10,2026-07-10T00:03:41.172975,daily,A,confirmed
2025-06-06,us_10y_real_rate,2.2,pct,FRED,https://fred.stlouisfed.org/series/DFII10,2026-07-11T00:04:58.789638,daily,A,confirmed
2025-06-09,us_10y_real_rate,2.18,pct,FRED,https://fred.stlouisfed.org/series/DFII10,2026-07-14T00:03:00.258556,daily,A,confirmed
2025-06-10,us_10y_real_rate,2.18,pct,FRED,https://fred.stlouisfed.org/series/DFII10,2026-07-15T00:05:05.601612,daily,A,confirmed
2025-06-11,us_10y_real_rate,2.14,pct,FRED,https://fred.stlouisfed.org/series/DFII10,2026-07-16T08:19:10.525698,daily,A,confirmed
2025-06-12,us_10y_real_rate,2.11,pct,FRED,https://fred.stlouisfed.org/series/DFII10,2026-07-17T08:35:23.641580,daily,A,confirmed
2025-06-13,us_10y_real_rate,2.13,pct,FRED,https://fred.stlouisfed.org/series/DFII10,2026-07-18T00:03:15.615580,daily,A,confirmed
2025-06-16,us_10y_real_rate,2.16,pct,FRED,https://fred.stlouisfed.org/series/DFII10,2026-07-21T00:04:26.649064,daily,A,confirmed
2025-06-17,us_10y_real_rate,2.08,pct,FRED,https://fred.stlouisfed.org/series/DFII10,2026-07-22T00:05:00.453011,daily,A,confirmed
2025-06-18,us_10y_real_rate,2.07,pct,FRED,https://fred.stlouisfed.org/series/DFII10,2026-07-23T00:07:59.492417,daily,A,confirmed
2025-06-20,us_10y_real_rate,2.05,pct,FRED,https://fred.stlouisfed.org/series/DFII10,2026-07-25T00:03:07.467193,daily,A,confirmed
2025-06-23,us_10y_real_rate,2.04,pct,FRED,https://fred.stlouisfed.org/series/DFII10,2026-07-28T00:03:08.535757,daily,A,confirmed
2025-06-24,us_10y_real_rate,2.01,pct,FRED,https://fred.stlouisfed.org/series/DFII10,2026-07-29T00:04:19.404676,daily,A,confirmed
2025-06-25,us_10y_real_rate,2.01,pct,FRED,https://fred.stlouisfed.org/series/DFII10,2026-07-30T00:05:52.112283,daily,A,confirmed
2025-06-26,us_10y_real_rate,1.98,pct,FRED,https://fred.stlouisfed.org/series/DFII10,2026-07-31T08:47:46.871546,daily,A,confirmed
2025-06-27,us_10y_real_rate,2.0,pct,FRED,https://fred.stlouisfed.org/series/DFII10,2026-08-01T00:07:15.002623,daily,A,confirmed
2025-06-30,us_10y_real_rate,1.95,pct,FRED,https://fred.stlouisfed.org/series/DFII10,2026-08-04T00:03:13.074682,daily,A,confirmed
2025-07-01,us_10y_real_rate,1.97,pct,FRED,https://fred.stlouisfed.org/series/DFII10,2026-08-05T00:05:04.647875,daily,A,confirmed
2025-07-02,us_10y_real_rate,2.0,pct,FRED,https://fred.stlouisfed.org/series/DFII10,2026-08-06T08:59:06.840013,daily,A,confirmed
2025-07-03,us_10y_real_rate,2.02,pct,FRED,https://fred.stlouisfed.org/series/DFII10,2026-08-07T00:05:43.781462,daily,A,confirmed
2025-07-07,us_10y_real_rate,2.05,pct,FRED,https://fred.stlouisfed.org/series/DFII10,2026-08-11T00:07:16.445408,daily,A,confirmed
2025-07-08,us_10y_real_rate,2.07,pct,FRED,https://fred.stlouisfed.org/series/DFII10,2026-08-12T00:01:36.922642,daily,A,confirmed
2025-07-09,us_10y_real_rate,2.01,pct,FRED,https://fred.stlouisfed.org/series/DFII10,2026-08-13T09:14:31.379865,daily,A,confirmed
2025-07-10,us_10y_real_rate,2.01,pct,FRED,https://fred.stlouisfed.org/series/DFII10,2026-08-14T00:03:33.226695,daily,A,confirmed
2025-07-11,us_10y_real_rate,2.06,pct,FRED,https://fred.stlouisfed.org/series/DFII10,2026-08-15T00:03:57.188254,daily,A,confirmed
2025-07-14,us_10y_real_rate,2.04,pct,FRED,https://fred.stlouisfed.org/series/DFII10,2026-08-17T00:06:11.588732,daily,A,confirmed
2025-07-15,us_10y_real_rate,2.09,pct,FRED,https://fred.stlouisfed.org/series/DFII10,2026-08-17T00:06:11.588784,daily,A,confirmed
2025-07-16,us_10y_real_rate,2.05,pct,FRED,https://fred.stlouisfed.org/series/DFII10,2026-08-20T08:38:01.555336,daily,A,confirmed
2025-07-17,us_10y_real_rate,2.04,pct,FRED,https://fred.stlouisfed.org/series/DFII10,2026-08-21T00:03:51.305203,daily,A,confirmed
2025-07-18,us_10y_real_rate,2.03,pct,FRED,https://fred.stlouisfed.org/series/DFII10,2026-08-22T00:05:59.445839,daily,A,confirmed
2025-07-21,us_10y_real_rate,1.98,pct,FRED,https://fred.stlouisfed.org/series/DFII10,2026-08-25T08:47:51.041604,daily,A,confirmed
2025-07-22,us_10y_real_rate,1.96,pct,FRED,https://fred.stlouisfed.org/series/DFII10,2026-08-25T08:47:51.042604,daily,A,confirmed
2025-07-23,us_10y_real_rate,2.03,pct,FRED,https://fred.stlouisfed.org/series/DFII10,2026-08-27T09:48:29.980128,daily,A,confirmed
2025-07-24,us_10y_real_rate,1.98,pct,FRED,https://fred.stlouisfed.org/series/DFII10,2026-08-27T09:48:29.981128,daily,A,confirmed
2025-07-25,us_10y_real_rate,1.96,pct,FRED,https://fred.stlouisfed.org/series/DFII10,2026-08-27T09:48:29.981128,daily,A,confirmed
2025-07-28,us_10y_real_rate,1.98,pct,FRED,https://fred.stlouisfed.org/series/DFII10,2026-08-31T08:35:45.661850,daily,A,confirmed
2025-07-29,us_10y_real_rate,1.91,pct,FRED,https://fred.stlouisfed.org/series/DFII10,2026-09-02T09:01:53.674527,daily,A,confirmed
2025-07-30,us_10y_real_rate,1.96,pct,FRED,https://fred.stlouisfed.org/series/DFII10,2026-09-02T09:01:53.675530,daily,A,confirmed
2025-07-31,us_10y_real_rate,1.98,pct,FRED,https://fred.stlouisfed.org/series/DFII10,2026-09-02T09:01:53.675530,daily,A,confirmed
2025-08-01,us_10y_real_rate,1.9,pct,FRED,https://fred.stlouisfed.org/series/DFII10,2026-09-02T09:01:53.676526,daily,A,confirmed
2025-08-04,us_10y_real_rate,1.85,pct,FRED,https://fred.stlouisfed.org/series/DFII10,2026-09-08T11:05:04.847817,daily,A,confirmed
2025-08-05,us_10y_real_rate,1.86,pct,FRED,https://fred.stlouisfed.org/series/DFII10,2026-09-08T11:05:04.847817,daily,A,confirmed
2025-08-06,us_10y_real_rate,1.88,pct,FRED,https://fred.stlouisfed.org/series/DFII10,2026-09-08T11:05:04.848817,daily,A,confirmed
2025-08-07,us_10y_real_rate,1.88,pct,FRED,https://fred.stlouisfed.org/series/DFII10,2026-09-08T11:05:04.849817,daily,A,confirmed
2025-08-08,us_10y_real_rate,1.88,pct,FRED,https://fred.stlouisfed.org/series/DFII10,2026-09-08T11:05:04.849817,daily,A,confirmed
2025-08-11,us_10y_real_rate,1.87,pct,FRED,https://fred.stlouisfed.org/series/DFII10,2026-09-08T11:05:04.850817,daily,A,confirmed
2025-08-12,us_10y_real_rate,1.91,pct,FRED,https://fred.stlouisfed.org/series/DFII10,2026-09-08T11:05:04.850817,daily,A,confirmed
2025-08-13,us_10y_real_rate,1.87,pct,FRED,https://fred.stlouisfed.org/series/DFII10,2026-09-17T09:12:21.349879,daily,A,confirmed
2025-08-14,us_10y_real_rate,1.9,pct,FRED,https://fred.stlouisfed.org/series/DFII10,2026-09-17T09:12:21.350879,daily,A,confirmed
2025-08-15,us_10y_real_rate,1.95,pct,FRED,https://fred.stlouisfed.org/series/DFII10,2026-09-17T09:12:21.351878,daily,A,confirmed
2025-08-18,us_10y_real_rate,1.96,pct,FRED,https://fred.stlouisfed.org/series/DFII10,2026-09-17T09:12:21.351878,daily,A,confirmed
2025-08-19,us_10y_real_rate,1.95,pct,FRED,https://fred.stlouisfed.org/series/DFII10,2026-09-17T09:12:21.352876,daily,A,confirmed
2025-08-20,us_10y_real_rate,1.94,pct,FRED,https://fred.stlouisfed.org/series/DFII10,2026-09-17T09:12:21.353876,daily,A,confirmed
2025-08-21,us_10y_real_rate,1.94,pct,FRED,https://fred.stlouisfed.org/series/DFII10,2026-09-17T09:12:21.353876,daily,A,confirmed
2025-08-22,us_10y_real_rate,1.85,pct,FRED,https://fred.stlouisfed.org/series/DFII10,2026-09-17T09:12:21.354881,daily,A,confirmed
2025-08-25,us_10y_real_rate,1.87,pct,FRED,https://fred.stlouisfed.org/series/DFII10,2026-09-17T09:12:21.354881,daily,A,confirmed
2025-08-26,us_10y_real_rate,1.84,pct,FRED,https://fred.stlouisfed.org/series/DFII10,2026-09-17T09:12:21.355877,daily,A,confirmed
2025-08-27,us_10y_real_rate,1.81,pct,FRED,https://fred.stlouisfed.org/series/DFII10,2026-09-17T09:12:21.356879,daily,A,confirmed
2025-08-28,us_10y_real_rate,1.81,pct,FRED,https://fred.stlouisfed.org/series/DFII10,2026-09-17T09:12:21.356879,daily,A,confirmed
2025-08-29,us_10y_real_rate,1.82,pct,FRED,https://fred.stlouisfed.org/series/DFII10,2026-09-17T09:12:21.357879,daily,A,confirmed
2025-09-02,us_10y_real_rate,1.87,pct,FRED,https://fred.stlouisfed.org/series/DFII10,2026-09-17T09:12:21.357879,daily,A,confirmed
2025-09-03,us_10y_real_rate,1.82,pct,FRED,https://fred.stlouisfed.org/series/DFII10,2026-09-17T09:12:21.358877,daily,A,confirmed
2025-09-04,us_10y_real_rate,1.79,pct,FRED,https://fred.stlouisfed.org/series/DFII10,2026-09-17T09:12:21.359877,daily,A,confirmed
2025-09-05,us_10y_real_rate,1.73,pct,FRED,https://fred.stlouisfed.org/series/DFII10,2026-09-17T09:12:21.359877,daily,A,confirmed
2025-09-08,us_10y_real_rate,1.7,pct,FRED,https://fred.stlouisfed.org/series/DFII10,2026-09-17T09:12:21.360877,daily,A,confirmed
2025-09-09,us_10y_real_rate,1.72,pct,FRED,https://fred.stlouisfed.org/series/DFII10,2026-09-17T09:12:21.360877,daily,A,confirmed
2025-09-10,us_10y_real_rate,1.69,pct,FRED,https://fred.stlouisfed.org/series/DFII10,2026-09-17T09:12:21.361877,daily,A,confirmed
2025-09-11,us_10y_real_rate,1.67,pct,FRED,https://fred.stlouisfed.org/series/DFII10,2026-09-17T09:12:21.361877,daily,A,confirmed
2025-09-12,us_10y_real_rate,1.7,pct,FRED,https://fred.stlouisfed.org/series/DFII10,2026-09-17T09:12:21.362876,daily,A,confirmed
2025-09-15,us_10y_real_rate,1.68,pct,FRED,https://fred.stlouisfed.org/series/DFII10,2026-09-17T09:12:21.363876,daily,A,confirmed
2025-09-16,us_10y_real_rate,1.67,pct,FRED,https://fred.stlouisfed.org/series/DFII10,2026-09-17T09:12:21.363876,daily,A,confirmed
2025-09-17,us_10y_real_rate,1.68,pct,FRED,https://fred.stlouisfed.org/series/DFII10,2026-09-17T09:12:21.364877,daily,A,confirmed
2025-09-18,us_10y_real_rate,1.73,pct,FRED,https://fred.stlouisfed.org/series/DFII10,2026-09-17T09:12:21.365879,daily,A,confirmed
2025-09-19,us_10y_real_rate,1.75,pct,FRED,https://fred.stlouisfed.org/series/DFII10,2026-09-17T09:12:21.366904,daily,A,confirmed
2025-09-22,us_10y_real_rate,1.78,pct,FRED,https://fred.stlouisfed.org/series/DFII10,2026-09-17T09:12:21.366904,daily,A,confirmed
2025-09-23,us_10y_real_rate,1.75,pct,FRED,https://fred.stlouisfed.org/series/DFII10,2026-09-17T09:12:21.367878,daily,A,confirmed
2025-09-24,us_10y_real_rate,1.78,pct,FRED,https://fred.stlouisfed.org/series/DFII10,2026-09-17T09:12:21.368878,daily,A,confirmed
2025-09-25,us_10y_real_rate,1.8,pct,FRED,https://fred.stlouisfed.org/series/DFII10,2026-09-17T09:12:21.368878,daily,A,confirmed
2025-09-26,us_10y_real_rate,1.82,pct,FRED,https://fred.stlouisfed.org/series/DFII10,2026-09-17T09:12:21.369880,daily,A,confirmed
2025-09-29,us_10y_real_rate,1.8,pct,FRED,https://fred.stlouisfed.org/series/DFII10,2026-09-17T09:12:21.369880,daily,A,confirmed
2025-09-30,us_10y_real_rate,1.8,pct,FRED,https://fred.stlouisfed.org/series/DFII10,2026-09-17T09:12:21.370880,daily,A,confirmed
2025-10-01,us_10y_real_rate,1.77,pct,FRED,https://fred.stlouisfed.org/series/DFII10,2026-09-17T09:12:21.371880,daily,A,confirmed
2025-10-02,us_10y_real_rate,1.76,pct,FRED,https://fred.stlouisfed.org/series/DFII10,2026-09-17T09:12:21.371880,daily,A,confirmed
2025-10-03,us_10y_real_rate,1.8,pct,FRED,https://fred.stlouisfed.org/series/DFII10,2026-09-17T09:12:21.372878,daily,A,confirmed
2025-10-06,us_10y_real_rate,1.84,pct,FRED,https://fred.stlouisfed.org/series/DFII10,2026-09-17T09:12:21.372878,daily,A,confirmed
2025-10-07,us_10y_real_rate,1.79,pct,FRED,https://fred.stlouisfed.org/series/DFII10,2026-09-17T09:12:21.373877,daily,A,confirmed
2025-10-08,us_10y_real_rate,1.78,pct,FRED,https://fred.stlouisfed.org/series/DFII10,2026-09-17T09:12:21.374878,daily,A,confirmed
2025-10-09,us_10y_real_rate,1.8,pct,FRED,https://fred.stlouisfed.org/series/DFII10,2026-09-17T09:12:21.374878,daily,A,confirmed
2025-10-10,us_10y_real_rate,1.75,pct,FRED,https://fred.stlouisfed.org/series/DFII10,2026-09-17T09:12:21.375880,daily,A,confirmed
2025-10-14,us_10y_real_rate,1.73,pct,FRED,https://fred.stlouisfed.org/series/DFII10,2026-09-17T09:12:21.375880,daily,A,confirmed
2025-10-15,us_10y_real_rate,1.76,pct,FRED,https://fred.stlouisfed.org/series/DFII10,2026-09-17T09:12:21.376878,daily,A,confirmed
2025-10-16,us_10y_real_rate,1.71,pct,FRED,https://fred.stlouisfed.org/series/DFII10,2026-09-17T09:12:21.377878,daily,A,confirmed
2025-10-17,us_10y_real_rate,1.75,pct,FRED,https://fred.stlouisfed.org/series/DFII10,2026-09-17T09:12:21.377878,daily,A,confirmed
2025-10-20,us_10y_real_rate,1.74,pct,FRED,https://fred.stlouisfed.org/series/DFII10,2026-09-17T09:12:21.378879,daily,A,confirmed
2025-10-21,us_10y_real_rate,1.7,pct,FRED,https://fred.stlouisfed.org/series/DFII10,2026-09-17T09:12:21.378879,daily,A,confirmed
2025-10-22,us_10y_real_rate,1.68,pct,FRED,https://fred.stlouisfed.org/series/DFII10,2026-09-17T09:12:21.379878,daily,A,confirmed
2025-10-23,us_10y_real_rate,1.71,pct,FRED,https://fred.stlouisfed.org/series/DFII10,2026-09-17T09:12:21.380880,daily,A,confirmed
2025-10-24,us_10y_real_rate,1.73,pct,FRED,https://fred.stlouisfed.org/series/DFII10,2026-09-17T09:12:21.380880,daily,A,confirmed
2025-10-27,us_10y_real_rate,1.73,pct,FRED,https://fred.stlouisfed.org/series/DFII10,2026-09-17T09:12:21.381879,daily,A,confirmed
2025-10-28,us_10y_real_rate,1.71,pct,FRED,https://fred.stlouisfed.org/series/DFII10,2026-09-17T09:12:21.382882,daily,A,confirmed
2025-10-29,us_10y_real_rate,1.78,pct,FRED,https://fred.stlouisfed.org/series/DFII10,2026-09-17T09:12:21.383552,daily,A,confirmed
2025-10-30,us_10y_real_rate,1.82,pct,FRED,https://fred.stlouisfed.org/series/DFII10,2026-09-17T09:12:21.383880,daily,A,confirmed
2025-10-31,us_10y_real_rate,1.81,pct,FRED,https://fred.stlouisfed.org/series/DFII10,2026-09-17T09:12:21.384879,daily,A,confirmed
2025-11-03,us_10y_real_rate,1.82,pct,FRED,https://fred.stlouisfed.org/series/DFII10,2026-09-17T09:12:21.384879,daily,A,confirmed
2025-11-04,us_10y_real_rate,1.81,pct,FRED,https://fred.stlouisfed.org/series/DFII10,2026-09-17T09:12:21.385878,daily,A,confirmed
2025-11-05,us_10y_real_rate,1.87,pct,FRED,https://fred.stlouisfed.org/series/DFII10,2026-09-17T09:12:21.386880,daily,A,confirmed
2025-11-06,us_10y_real_rate,1.83,pct,FRED,https://fred.stlouisfed.org/series/DFII10,2026-09-17T09:12:21.386880,daily,A,confirmed
2025-11-07,us_10y_real_rate,1.83,pct,FRED,https://fred.stlouisfed.org/series/DFII10,2026-09-17T09:12:21.387878,daily,A,confirmed
2025-11-10,us_10y_real_rate,1.84,pct,FRED,https://fred.stlouisfed.org/series/DFII10,2026-09-17T09:12:21.387878,daily,A,confirmed
2025-11-12,us_10y_real_rate,1.81,pct,FRED,https://fred.stlouisfed.org/series/DFII10,2026-09-17T09:12:21.388877,daily,A,confirmed
2025-11-13,us_10y_real_rate,1.83,pct,FRED,https://fred.stlouisfed.org/series/DFII10,2026-09-17T09:12:21.389877,daily,A,confirmed
2025-11-14,us_10y_real_rate,1.86,pct,FRED,https://fred.stlouisfed.org/series/DFII10,2026-09-17T09:12:21.389877,daily,A,confirmed
2025-11-17,us_10y_real_rate,1.85,pct,FRED,https://fred.stlouisfed.org/series/DFII10,2026-09-17T09:12:21.390877,daily,A,confirmed
2025-11-18,us_10y_real_rate,1.85,pct,FRED,https://fred.stlouisfed.org/series/DFII10,2026-09-17T09:12:21.391878,daily,A,confirmed
2025-11-19,us_10y_real_rate,1.86,pct,FRED,https://fred.stlouisfed.org/series/DFII10,2026-09-17T09:12:21.391878,daily,A,confirmed
2025-11-20,us_10y_real_rate,1.86,pct,FRED,https://fred.stlouisfed.org/series/DFII10,2026-09-17T09:12:21.392878,daily,A,confirmed
2025-11-21,us_10y_real_rate,1.82,pct,FRED,https://fred.stlouisfed.org/series/DFII10,2026-09-17T09:12:21.393877,daily,A,confirmed
2025-11-24,us_10y_real_rate,1.81,pct,FRED,https://fred.stlouisfed.org/series/DFII10,2026-09-17T09:12:21.393877,daily,A,confirmed
2025-11-25,us_10y_real_rate,1.79,pct,FRED,https://fred.stlouisfed.org/series/DFII10,2026-09-17T09:12:21.394879,daily,A,confirmed
2025-11-26,us_10y_real_rate,1.77,pct,FRED,https://fred.stlouisfed.org/series/DFII10,2026-09-17T09:12:21.395878,daily,A,confirmed
2025-11-28,us_10y_real_rate,1.79,pct,FRED,https://fred.stlouisfed.org/series/DFII10,2026-09-17T09:12:21.395878,daily,A,confirmed
2025-12-01,us_10y_real_rate,1.85,pct,FRED,https://fred.stlouisfed.org/series/DFII10,2026-09-17T09:12:21.396878,daily,A,confirmed
2025-12-02,us_10y_real_rate,1.85,pct,FRED,https://fred.stlouisfed.org/series/DFII10,2026-09-17T09:12:21.397879,daily,A,confirmed
2025-12-03,us_10y_real_rate,1.82,pct,FRED,https://fred.stlouisfed.org/series/DFII10,2026-09-17T09:12:21.397879,daily,A,confirmed
2025-12-04,us_10y_real_rate,1.85,pct,FRED,https://fred.stlouisfed.org/series/DFII10,2026-09-17T09:12:21.398877,daily,A,confirmed
2025-12-05,us_10y_real_rate,1.88,pct,FRED,https://fred.stlouisfed.org/series/DFII10,2026-09-17T09:12:21.399885,daily,A,confirmed
2025-12-08,us_10y_real_rate,1.91,pct,FRED,https://fred.stlouisfed.org/series/DFII10,2026-09-17T09:12:21.399885,daily,A,confirmed
2025-12-09,us_10y_real_rate,1.92,pct,FRED,https://fred.stlouisfed.org/series/DFII10,2026-09-17T09:12:21.400883,daily,A,confirmed
2025-12-10,us_10y_real_rate,1.88,pct,FRED,https://fred.stlouisfed.org/series/DFII10,2026-09-17T09:12:21.401878,daily,A,confirmed
2025-12-11,us_10y_real_rate,1.89,pct,FRED,https://fred.stlouisfed.org/series/DFII10,2026-09-17T09:12:21.401878,daily,A,confirmed
2025-12-12,us_10y_real_rate,1.93,pct,FRED,https://fred.stlouisfed.org/series/DFII10,2026-09-17T09:12:21.402879,daily,A,confirmed
2025-12-15,us_10y_real_rate,1.93,pct,FRED,https://fred.stlouisfed.org/series/DFII10,2026-09-17T09:12:21.403878,daily,A,confirmed
2025-12-16,us_10y_real_rate,1.92,pct,FRED,https://fred.stlouisfed.org/series/DFII10,2026-09-17T09:12:21.403878,daily,A,confirmed
2025-12-17,us_10y_real_rate,1.92,pct,FRED,https://fred.stlouisfed.org/series/DFII10,2026-09-17T09:12:21.404878,daily,A,confirmed
2025-12-18,us_10y_real_rate,1.88,pct,FRED,https://fred.stlouisfed.org/series/DFII10,2026-09-17T09:12:21.405878,daily,A,confirmed
2025-12-19,us_10y_real_rate,1.92,pct,FRED,https://fred.stlouisfed.org/series/DFII10,2026-09-17T09:12:21.405878,daily,A,confirmed
2025-12-22,us_10y_real_rate,1.94,pct,FRED,https://fred.stlouisfed.org/series/DFII10,2026-09-17T09:12:21.406879,daily,A,confirmed
2025-12-23,us_10y_real_rate,1.94,pct,FRED,https://fred.stlouisfed.org/series/DFII10,2026-09-17T09:12:21.407877,daily,A,confirmed
2025-12-24,us_10y_real_rate,1.91,pct,FRED,https://fred.stlouisfed.org/series/DFII10,2026-09-17T09:12:21.407877,daily,A,confirmed
2025-12-26,us_10y_real_rate,1.91,pct,FRED,https://fred.stlouisfed.org/series/DFII10,2026-09-17T09:12:21.408877,daily,A,confirmed
2025-12-29,us_10y_real_rate,1.9,pct,FRED,https://fred.stlouisfed.org/series/DFII10,2026-09-17T09:12:21.409877,daily,A,confirmed
2025-12-30,us_10y_real_rate,1.9,pct,FRED,https://fred.stlouisfed.org/series/DFII10,2026-09-17T09:12:21.409877,daily,A,confirmed
2025-12-31,us_10y_real_rate,1.93,pct,FRED,https://fred.stlouisfed.org/series/DFII10,2026-09-17T09:12:21.410877,daily,A,confirmed
2026-01-02,us_10y_real_rate,1.94,pct,FRED,https://fred.stlouisfed.org/series/DFII10,2026-09-17T09:12:21.411877,daily,A,confirmed
2026-01-05,us_10y_real_rate,1.91,pct,FRED,https://fred.stlouisfed.org/series/DFII10,2026-09-17T09:12:21.411877,daily,A,confirmed
2026-01-06,us_10y_real_rate,1.91,pct,FRED,https://fred.stlouisfed.org/series/DFII10,2026-09-17T09:12:21.412877,daily,A,confirmed
2026-01-07,us_10y_real_rate,1.88,pct,FRED,https://fred.stlouisfed.org/series/DFII10,2026-09-17T09:12:21.413880,daily,A,confirmed
2026-01-08,us_10y_real_rate,1.92,pct,FRED,https://fred.stlouisfed.org/series/DFII10,2026-09-17T09:12:21.413880,daily,A,confirmed
2026-01-09,us_10y_real_rate,1.9,pct,FRED,https://fred.stlouisfed.org/series/DFII10,2026-09-17T09:12:21.414880,daily,A,confirmed
2026-01-12,us_10y_real_rate,1.9,pct,FRED,https://fred.stlouisfed.org/series/DFII10,2026-09-17T09:12:21.415878,daily,A,confirmed
2026-01-13,us_10y_real_rate,1.88,pct,FRED,https://fred.stlouisfed.org/series/DFII10,2026-09-17T09:12:21.415878,daily,A,confirmed
2026-01-14,us_10y_real_rate,1.86,pct,FRED,https://fred.stlouisfed.org/series/DFII10,2026-09-17T09:12:21.416883,daily,A,confirmed
2026-01-15,us_10y_real_rate,1.88,pct,FRED,https://fred.stlouisfed.org/series/DFII10,2026-09-17T09:12:21.417879,daily,A,confirmed
2026-01-16,us_10y_real_rate,1.91,pct,FRED,https://fred.stlouisfed.org/series/DFII10,2026-09-17T09:12:21.417879,daily,A,confirmed
2026-01-20,us_10y_real_rate,1.97,pct,FRED,https://fred.stlouisfed.org/series/DFII10,2026-09-17T09:12:21.418878,daily,A,confirmed
2026-01-21,us_10y_real_rate,1.92,pct,FRED,https://fred.stlouisfed.org/series/DFII10,2026-09-17T09:12:21.419877,daily,A,confirmed
2026-01-22,us_10y_real_rate,1.95,pct,FRED,https://fred.stlouisfed.org/series/DFII10,2026-09-17T09:12:21.419877,daily,A,confirmed
2026-01-23,us_10y_real_rate,1.92,pct,FRED,https://fred.stlouisfed.org/series/DFII10,2026-09-17T09:12:21.420878,daily,A,confirmed
2026-01-26,us_10y_real_rate,1.9,pct,FRED,https://fred.stlouisfed.org/series/DFII10,2026-09-17T09:12:21.421877,daily,A,confirmed
2026-01-27,us_10y_real_rate,1.9,pct,FRED,https://fred.stlouisfed.org/series/DFII10,2026-09-17T09:12:21.421877,daily,A,confirmed
2026-01-28,us_10y_real_rate,1.9,pct,FRED,https://fred.stlouisfed.org/series/DFII10,2026-09-17T09:12:21.422877,daily,A,confirmed
2026-01-29,us_10y_real_rate,1.89,pct,FRED,https://fred.stlouisfed.org/series/DFII10,2026-09-17T09:12:21.423877,daily,A,confirmed
2026-01-30,us_10y_real_rate,1.9,pct,FRED,https://fred.stlouisfed.org/series/DFII10,2026-09-17T09:12:21.423877,daily,A,confirmed
2026-02-02,us_10y_real_rate,1.94,pct,FRED,https://fred.stlouisfed.org/series/DFII10,2026-09-17T09:12:21.424877,daily,A,confirmed
2026-02-03,us_10y_real_rate,1.92,pct,FRED,https://fred.stlouisfed.org/series/DFII10,2026-09-17T09:12:21.425878,daily,A,confirmed
2026-02-04,us_10y_real_rate,1.94,pct,FRED,https://fred.stlouisfed.org/series/DFII10,2026-09-17T09:12:21.425878,daily,A,confirmed
2026-02-05,us_10y_real_rate,1.89,pct,FRED,https://fred.stlouisfed.org/series/DFII10,2026-09-17T09:12:21.426880,daily,A,confirmed
2026-02-06,us_10y_real_rate,1.88,pct,FRED,https://fred.stlouisfed.org/series/DFII10,2026-09-17T09:12:21.427877,daily,A,confirmed
2026-02-09,us_10y_real_rate,1.87,pct,FRED,https://fred.stlouisfed.org/series/DFII10,2026-09-17T09:12:21.428877,daily,A,confirmed
2026-02-10,us_10y_real_rate,1.84,pct,FRED,https://fred.stlouisfed.org/series/DFII10,2026-09-17T09:12:21.428877,daily,A,confirmed
2026-02-11,us_10y_real_rate,1.86,pct,FRED,https://fred.stlouisfed.org/series/DFII10,2026-09-17T09:12:21.429878,daily,A,confirmed
2026-02-12,us_10y_real_rate,1.8,pct,FRED,https://fred.stlouisfed.org/series/DFII10,2026-09-17T09:12:21.430877,daily,A,confirmed
2026-02-13,us_10y_real_rate,1.77,pct,FRED,https://fred.stlouisfed.org/series/DFII10,2026-09-17T09:12:21.430877,daily,A,confirmed
2026-02-17,us_10y_real_rate,1.79,pct,FRED,https://fred.stlouisfed.org/series/DFII10,2026-09-17T09:12:21.431877,daily,A,confirmed
2026-02-18,us_10y_real_rate,1.8,pct,FRED,https://fred.stlouisfed.org/series/DFII10,2026-09-17T09:12:21.432881,daily,A,confirmed
2026-02-19,us_10y_real_rate,1.79,pct,FRED,https://fred.stlouisfed.org/series/DFII10,2026-09-17T09:12:21.432881,daily,A,confirmed
2026-02-20,us_10y_real_rate,1.8,pct,FRED,https://fred.stlouisfed.org/series/DFII10,2026-09-17T09:12:21.433989,daily,A,confirmed
2026-02-23,us_10y_real_rate,1.77,pct,FRED,https://fred.stlouisfed.org/series/DFII10,2026-09-17T09:12:21.434879,daily,A,confirmed
2026-02-24,us_10y_real_rate,1.78,pct,FRED,https://fred.stlouisfed.org/series/DFII10,2026-09-17T09:12:21.434879,daily,A,confirmed
2026-02-25,us_10y_real_rate,1.77,pct,FRED,https://fred.stlouisfed.org/series/DFII10,2026-09-17T09:12:21.435878,daily,A,confirmed
2026-02-26,us_10y_real_rate,1.74,pct,FRED,https://fred.stlouisfed.org/series/DFII10,2026-09-17T09:12:21.436879,daily,A,confirmed
2026-02-27,us_10y_real_rate,1.72,pct,FRED,https://fred.stlouisfed.org/series/DFII10,2026-09-17T09:12:21.436879,daily,A,confirmed
2026-03-02,us_10y_real_rate,1.76,pct,FRED,https://fred.stlouisfed.org/series/DFII10,2026-09-17T09:12:21.437877,daily,A,confirmed
2026-03-03,us_10y_real_rate,1.77,pct,FRED,https://fred.stlouisfed.org/series/DFII10,2026-09-17T09:12:21.438877,daily,A,confirmed
2026-03-04,us_10y_real_rate,1.8,pct,FRED,https://fred.stlouisfed.org/series/DFII10,2026-09-17T09:12:21.438877,daily,A,confirmed
2026-03-05,us_10y_real_rate,1.82,pct,FRED,https://fred.stlouisfed.org/series/DFII10,2026-09-17T09:12:21.439878,daily,A,confirmed
2026-03-06,us_10y_real_rate,1.8,pct,FRED,https://fred.stlouisfed.org/series/DFII10,2026-09-17T09:12:21.440877,daily,A,confirmed
2026-03-09,us_10y_real_rate,1.78,pct,FRED,https://fred.stlouisfed.org/series/DFII10,2026-09-17T09:12:21.440877,daily,A,confirmed
2026-03-10,us_10y_real_rate,1.82,pct,FRED,https://fred.stlouisfed.org/series/DFII10,2026-09-17T09:12:21.441877,daily,A,confirmed
2026-03-11,us_10y_real_rate,1.85,pct,FRED,https://fred.stlouisfed.org/series/DFII10,2026-09-17T09:12:21.442877,daily,A,confirmed
2026-03-12,us_10y_real_rate,1.89,pct,FRED,https://fred.stlouisfed.org/series/DFII10,2026-09-17T09:12:21.442877,daily,A,confirmed
2026-03-13,us_10y_real_rate,1.92,pct,FRED,https://fred.stlouisfed.org/series/DFII10,2026-09-17T09:12:21.443877,daily,A,confirmed
2026-03-16,us_10y_real_rate,1.87,pct,FRED,https://fred.stlouisfed.org/series/DFII10,2026-09-17T09:12:21.444878,daily,A,confirmed
2026-03-17,us_10y_real_rate,1.83,pct,FRED,https://fred.stlouisfed.org/series/DFII10,2026-09-17T09:12:21.444878,daily,A,confirmed
2026-03-18,us_10y_real_rate,1.86,pct,FRED,https://fred.stlouisfed.org/series/DFII10,2026-09-17T09:12:21.445879,daily,A,confirmed
2026-03-19,us_10y_real_rate,1.88,pct,FRED,https://fred.stlouisfed.org/series/DFII10,2026-09-17T09:12:21.446878,daily,A,confirmed
2026-03-20,us_10y_real_rate,2.01,pct,FRED,https://fred.stlouisfed.org/series/DFII10,2026-09-17T09:12:21.446878,daily,A,confirmed
2026-03-23,us_10y_real_rate,2.01,pct,FRED,https://fred.stlouisfed.org/series/DFII10,2026-09-17T09:12:21.447877,daily,A,confirmed
2026-03-24,us_10y_real_rate,2.06,pct,FRED,https://fred.stlouisfed.org/series/DFII10,2026-09-17T09:12:21.448882,daily,A,confirmed
2026-03-25,us_10y_real_rate,2.02,pct,FRED,https://fred.stlouisfed.org/series/DFII10,2026-09-17T09:12:21.449885,daily,A,confirmed
2026-03-26,us_10y_real_rate,2.08,pct,FRED,https://fred.stlouisfed.org/series/DFII10,2026-09-17T09:12:21.450484,daily,A,confirmed
2026-03-27,us_10y_real_rate,2.13,pct,FRED,https://fred.stlouisfed.org/series/DFII10,2026-09-17T09:12:21.450880,daily,A,confirmed
2026-03-30,us_10y_real_rate,2.04,pct,FRED,https://fred.stlouisfed.org/series/DFII10,2026-09-17T09:12:21.451879,daily,A,confirmed
2026-03-31,us_10y_real_rate,2.0,pct,FRED,https://fred.stlouisfed.org/series/DFII10,2026-09-17T09:12:21.451879,daily,A,confirmed
2026-04-01,us_10y_real_rate,2.02,pct,FRED,https://fred.stlouisfed.org/series/DFII10,2026-09-17T09:12:21.452889,daily,A,confirmed
2026-04-02,us_10y_real_rate,1.97,pct,FRED,https://fred.stlouisfed.org/series/DFII10,2026-09-17T09:12:21.453888,daily,A,confirmed
2026-04-03,us_10y_real_rate,1.99,pct,FRED,https://fred.stlouisfed.org/series/DFII10,2026-09-17T09:12:21.453888,daily,A,confirmed
2026-04-06,us_10y_real_rate,1.98,pct,FRED,https://fred.stlouisfed.org/series/DFII10,2026-09-17T09:12:21.454889,daily,A,confirmed
2026-04-07,us_10y_real_rate,1.96,pct,FRED,https://fred.stlouisfed.org/series/DFII10,2026-09-17T09:12:21.455888,daily,A,confirmed
2026-04-08,us_10y_real_rate,1.96,pct,FRED,https://fred.stlouisfed.org/series/DFII10,2026-09-17T09:12:21.455888,daily,A,confirmed
2026-04-09,us_10y_real_rate,1.95,pct,FRED,https://fred.stlouisfed.org/series/DFII10,2026-09-17T09:12:21.456889,daily,A,confirmed
2026-04-10,us_10y_real_rate,1.95,pct,FRED,https://fred.stlouisfed.org/series/DFII10,2026-09-17T09:12:21.457888,daily,A,confirmed
2026-04-13,us_10y_real_rate,1.92,pct,FRED,https://fred.stlouisfed.org/series/DFII10,2026-09-17T09:12:21.457888,daily,A,confirmed
2026-04-14,us_10y_real_rate,1.89,pct,FRED,https://fred.stlouisfed.org/series/DFII10,2026-09-17T09:12:21.458889,daily,A,confirmed
2026-04-15,us_10y_real_rate,1.9,pct,FRED,https://fred.stlouisfed.org/series/DFII10,2026-09-17T09:12:21.459888,daily,A,confirmed
2026-04-16,us_10y_real_rate,1.93,pct,FRED,https://fred.stlouisfed.org/series/DFII10,2026-09-17T09:12:21.459888,daily,A,confirmed
2026-04-17,us_10y_real_rate,1.9,pct,FRED,https://fred.stlouisfed.org/series/DFII10,2026-09-17T09:12:21.460888,daily,A,confirmed
2026-04-20,us_10y_real_rate,1.91,pct,FRED,https://fred.stlouisfed.org/series/DFII10,2026-09-17T09:12:21.461890,daily,A,confirmed
2026-04-21,us_10y_real_rate,1.92,pct,FRED,https://fred.stlouisfed.org/series/DFII10,2026-09-17T09:12:21.461890,daily,A,confirmed
2026-04-22,us_10y_real_rate,1.92,pct,FRED,https://fred.stlouisfed.org/series/DFII10,2026-09-17T09:12:21.462888,daily,A,confirmed
2026-04-23,us_10y_real_rate,1.92,pct,FRED,https://fred.stlouisfed.org/series/DFII10,2026-09-17T09:12:21.463888,daily,A,confirmed
2026-04-24,us_10y_real_rate,1.89,pct,FRED,https://fred.stlouisfed.org/series/DFII10,2026-09-17T09:12:21.463888,daily,A,confirmed
2026-04-27,us_10y_real_rate,1.91,pct,FRED,https://fred.stlouisfed.org/series/DFII10,2026-09-17T09:12:21.464888,daily,A,confirmed
2026-04-28,us_10y_real_rate,1.92,pct,FRED,https://fred.stlouisfed.org/series/DFII10,2026-09-17T09:12:21.465893,daily,A,confirmed
2026-04-29,us_10y_real_rate,1.96,pct,FRED,https://fred.stlouisfed.org/series/DFII10,2026-09-17T09:12:21.465893,daily,A,confirmed
2026-04-30,us_10y_real_rate,1.94,pct,FRED,https://fred.stlouisfed.org/series/DFII10,2026-09-17T09:12:21.467253,daily,A,confirmed
2026-05-01,us_10y_real_rate,1.91,pct,FRED,https://fred.stlouisfed.org/series/DFII10,2026-09-17T09:12:21.467890,daily,A,confirmed
2026-05-04,us_10y_real_rate,1.95,pct,FRED,https://fred.stlouisfed.org/series/DFII10,2026-09-17T09:12:21.468890,daily,A,confirmed
2026-05-05,us_10y_real_rate,1.96,pct,FRED,https://fred.stlouisfed.org/series/DFII10,2026-09-17T09:12:21.468890,daily,A,confirmed
2026-05-06,us_10y_real_rate,1.94,pct,FRED,https://fred.stlouisfed.org/series/DFII10,2026-09-17T09:12:21.469900,daily,A,confirmed
2026-05-07,us_10y_real_rate,1.96,pct,FRED,https://fred.stlouisfed.org/series/DFII10,2026-09-17T09:12:21.470900,daily,A,confirmed
2026-05-08,us_10y_real_rate,1.93,pct,FRED,https://fred.stlouisfed.org/series/DFII10,2026-09-17T09:12:21.470900,daily,A,confirmed
2026-05-11,us_10y_real_rate,1.95,pct,FRED,https://fred.stlouisfed.org/series/DFII10,2026-09-17T09:12:21.471903,daily,A,confirmed
2026-05-12,us_10y_real_rate,1.99,pct,FRED,https://fred.stlouisfed.org/series/DFII10,2026-09-17T09:12:21.472900,daily,A,confirmed
2026-05-13,us_10y_real_rate,1.99,pct,FRED,https://fred.stlouisfed.org/series/DFII10,2026-09-17T09:12:21.472900,daily,A,confirmed
2026-05-14,us_10y_real_rate,2.0,pct,FRED,https://fred.stlouisfed.org/series/DFII10,2026-09-17T09:12:21.473899,daily,A,confirmed
2026-05-15,us_10y_real_rate,2.1,pct,FRED,https://fred.stlouisfed.org/series/DFII10,2026-09-17T09:12:21.474900,daily,A,confirmed
2026-05-18,us_10y_real_rate,2.13,pct,FRED,https://fred.stlouisfed.org/series/DFII10,2026-09-17T09:12:21.474900,daily,A,confirmed
2026-05-19,us_10y_real_rate,2.18,pct,FRED,https://fred.stlouisfed.org/series/DFII10,2026-09-17T09:12:21.475899,daily,A,confirmed
2026-05-20,us_10y_real_rate,2.13,pct,FRED,https://fred.stlouisfed.org/series/DFII10,2026-09-17T09:12:21.476902,daily,A,confirmed
2026-05-21,us_10y_real_rate,2.18,pct,FRED,https://fred.stlouisfed.org/series/DFII10,2026-09-17T09:12:21.476902,daily,A,confirmed
2026-05-22,us_10y_real_rate,2.16,pct,FRED,https://fred.stlouisfed.org/series/DFII10,2026-09-17T09:12:21.477903,daily,A,confirmed
2026-05-26,us_10y_real_rate,2.1,pct,FRED,https://fred.stlouisfed.org/series/DFII10,2026-09-17T09:12:21.478903,daily,A,confirmed
2026-05-27,us_10y_real_rate,2.09,pct,FRED,https://fred.stlouisfed.org/series/DFII10,2026-09-17T09:12:21.478903,daily,A,confirmed
2026-05-28,us_10y_real_rate,2.06,pct,FRED,https://fred.stlouisfed.org/series/DFII10,2026-09-17T09:12:21.479899,daily,A,confirmed
2026-05-29,us_10y_real_rate,2.07,pct,FRED,https://fred.stlouisfed.org/series/DFII10,2026-09-17T09:12:21.480899,daily,A,confirmed
2026-06-01,us_10y_real_rate,2.07,pct,FRED,https://fred.stlouisfed.org/series/DFII10,2026-09-17T09:12:21.480899,daily,A,confirmed
2026-06-02,us_10y_real_rate,2.07,pct,FRED,https://fred.stlouisfed.org/series/DFII10,2026-09-17T09:12:21.481899,daily,A,confirmed
2026-06-03,us_10y_real_rate,2.11,pct,FRED,https://fred.stlouisfed.org/series/DFII10,2026-09-17T09:12:21.482903,daily,A,confirmed
2026-06-04,us_10y_real_rate,2.11,pct,FRED,https://fred.stlouisfed.org/series/DFII10,2026-09-17T09:12:21.483574,daily,A,confirmed
2026-06-05,us_10y_real_rate,2.19,pct,FRED,https://fred.stlouisfed.org/series/DFII10,2026-09-17T09:12:21.483904,daily,A,confirmed
2026-06-08,us_10y_real_rate,2.21,pct,FRED,https://fred.stlouisfed.org/series/DFII10,2026-09-17T09:12:21.484902,daily,A,confirmed
2026-06-09,us_10y_real_rate,2.2,pct,FRED,https://fred.stlouisfed.org/series/DFII10,2026-09-17T09:12:21.485901,daily,A,confirmed
2026-06-10,us_10y_real_rate,2.21,pct,FRED,https://fred.stlouisfed.org/series/DFII10,2026-09-17T09:12:21.485901,daily,A,confirmed
2026-06-11,us_10y_real_rate,2.16,pct,FRED,https://fred.stlouisfed.org/series/DFII10,2026-09-17T09:12:21.486903,daily,A,confirmed
2026-06-12,us_10y_real_rate,2.17,pct,FRED,https://fred.stlouisfed.org/series/DFII10,2026-09-17T09:12:21.487899,daily,A,confirmed
2026-06-15,us_10y_real_rate,2.15,pct,FRED,https://fred.stlouisfed.org/series/DFII10,2026-09-17T09:12:21.487899,daily,A,confirmed
2026-06-16,us_10y_real_rate,2.14,pct,FRED,https://fred.stlouisfed.org/series/DFII10,2026-09-17T09:12:21.488900,daily,A,confirmed
2026-06-17,us_10y_real_rate,2.23,pct,FRED,https://fred.stlouisfed.org/series/DFII10,2026-09-17T09:12:21.489900,daily,A,confirmed
2026-06-18,us_10y_real_rate,2.21,pct,FRED,https://fred.stlouisfed.org/series/DFII10,2026-09-17T09:12:21.489900,daily,A,confirmed
2026-06-22,us_10y_real_rate,2.28,pct,FRED,https://fred.stlouisfed.org/series/DFII10,2026-09-17T09:12:21.490899,daily,A,confirmed
2026-06-23,us_10y_real_rate,2.29,pct,FRED,https://fred.stlouisfed.org/series/DFII10,2026-09-17T09:12:21.491899,daily,A,confirmed
2026-06-24,us_10y_real_rate,2.23,pct,FRED,https://fred.stlouisfed.org/series/DFII10,2026-09-17T09:12:21.491899,daily,A,confirmed
2026-06-25,us_10y_real_rate,2.19,pct,FRED,https://fred.stlouisfed.org/series/DFII10,2026-09-17T09:12:21.492900,daily,A,confirmed
2026-06-26,us_10y_real_rate,2.18,pct,FRED,https://fred.stlouisfed.org/series/DFII10,2026-09-17T09:12:21.493901,daily,A,confirmed
2026-06-29,us_10y_real_rate,2.16,pct,FRED,https://fred.stlouisfed.org/series/DFII10,2026-09-17T09:12:21.493901,daily,A,confirmed
2026-06-30,us_10y_real_rate,2.2,pct,FRED,https://fred.stlouisfed.org/series/DFII10,2026-09-17T09:12:21.494900,daily,A,confirmed
2026-07-01,us_10y_real_rate,2.25,pct,FRED,https://fred.stlouisfed.org/series/DFII10,2026-09-17T09:12:21.495902,daily,A,confirmed
2026-07-02,us_10y_real_rate,2.26,pct,FRED,https://fred.stlouisfed.org/series/DFII10,2026-09-17T09:12:21.495902,daily,A,confirmed
2026-07-06,us_10y_real_rate,2.24,pct,FRED,https://fred.stlouisfed.org/series/DFII10,2026-09-17T09:12:21.496905,daily,A,confirmed
2026-07-07,us_10y_real_rate,2.3,pct,FRED,https://fred.stlouisfed.org/series/DFII10,2026-09-17T09:12:21.497900,daily,A,confirmed
2026-07-08,us_10y_real_rate,2.31,pct,FRED,https://fred.stlouisfed.org/series/DFII10,2026-09-17T09:12:21.497900,daily,A,confirmed
2026-07-09,us_10y_real_rate,2.31,pct,FRED,https://fred.stlouisfed.org/series/DFII10,2026-09-17T09:12:21.499905,daily,A,confirmed
2026-07-10,us_10y_real_rate,2.32,pct,FRED,https://fred.stlouisfed.org/series/DFII10,2026-09-17T09:12:21.500903,daily,A,confirmed
2026-07-13,us_10y_real_rate,2.36,pct,FRED,https://fred.stlouisfed.org/series/DFII10,2026-09-17T09:12:21.501903,daily,A,confirmed
2026-07-14,us_10y_real_rate,2.33,pct,FRED,https://fred.stlouisfed.org/series/DFII10,2026-09-17T09:12:21.501903,daily,A,confirmed
2026-07-15,us_10y_real_rate,2.32,pct,FRED,https://fred.stlouisfed.org/series/DFII10,2026-09-17T09:12:21.502902,daily,A,confirmed
2026-07-16,us_10y_real_rate,2.35,pct,FRED,https://fred.stlouisfed.org/series/DFII10,2026-09-17T09:12:21.503903,daily,A,confirmed
2026-07-17,us_10y_real_rate,2.31,pct,FRED,https://fred.stlouisfed.org/series/DFII10,2026-09-17T09:12:21.503903,daily,A,confirmed
2026-07-20,us_10y_real_rate,2.35,pct,FRED,https://fred.stlouisfed.org/series/DFII10,2026-09-17T09:12:21.504903,daily,A,confirmed
2026-07-21,us_10y_real_rate,2.37,pct,FRED,https://fred.stlouisfed.org/series/DFII10,2026-09-17T09:12:21.505901,daily,A,confirmed
2026-07-22,us_10y_real_rate,2.39,pct,FRED,https://fred.stlouisfed.org/series/DFII10,2026-09-17T09:12:21.505901,daily,A,confirmed
2026-07-23,us_10y_real_rate,2.43,pct,FRED,https://fred.stlouisfed.org/series/DFII10,2026-09-17T09:12:21.506901,daily,A,confirmed
2026-07-24,us_10y_real_rate,2.43,pct,FRED,https://fred.stlouisfed.org/series/DFII10,2026-09-17T09:12:21.507901,daily,A,confirmed
2026-07-27,us_10y_real_rate,2.44,pct,FRED,https://fred.stlouisfed.org/series/DFII10,2026-09-17T09:12:21.507901,daily,A,confirmed
2026-07-28,us_10y_real_rate,2.41,pct,FRED,https://fred.stlouisfed.org/series/DFII10,2026-09-17T09:12:21.508901,daily,A,confirmed
2026-07-29,us_10y_real_rate,2.41,pct,FRED,https://fred.stlouisfed.org/series/DFII10,2026-09-17T09:12:21.509903,daily,A,confirmed
2026-07-30,us_10y_real_rate,2.41,pct,FRED,https://fred.stlouisfed.org/series/DFII10,2026-09-17T09:12:21.509903,daily,A,confirmed
2026-07-31,us_10y_real_rate,2.47,pct,FRED,https://fred.stlouisfed.org/series/DFII10,2026-09-17T09:12:21.510902,daily,A,confirmed
2026-08-03,us_10y_real_rate,2.43,pct,FRED,https://fred.stlouisfed.org/series/DFII10,2026-09-17T09:12:21.511900,daily,A,confirmed
2026-08-04,us_10y_real_rate,2.4,pct,FRED,https://fred.stlouisfed.org/series/DFII10,2026-09-17T09:12:21.511900,daily,A,confirmed
2026-08-05,us_10y_real_rate,2.41,pct,FRED,https://fred.stlouisfed.org/series/DFII10,2026-09-17T09:12:21.512899,daily,A,confirmed
2026-08-06,us_10y_real_rate,2.43,pct,FRED,https://fred.stlouisfed.org/series/DFII10,2026-09-17T09:12:21.513900,daily,A,confirmed
2026-08-07,us_10y_real_rate,2.4,pct,FRED,https://fred.stlouisfed.org/series/DFII10,2026-09-17T09:12:21.513900,daily,A,confirmed
2026-08-10,us_10y_real_rate,2.43,pct,FRED,https://fred.stlouisfed.org/series/DFII10,2026-09-17T09:12:21.514899,daily,A,confirmed
2026-08-11,us_10y_real_rate,2.43,pct,FRED,https://fred.stlouisfed.org/series/DFII10,2026-09-17T09:12:21.515906,daily,A,confirmed
2026-08-12,us_10y_real_rate,2.42,pct,FRED,https://fred.stlouisfed.org/series/DFII10,2026-09-17T09:12:21.517081,daily,A,confirmed
2026-08-13,us_10y_real_rate,2.39,pct,FRED,https://fred.stlouisfed.org/series/DFII10,2026-09-17T09:12:21.517081,daily,A,confirmed
2026-08-14,us_10y_real_rate,2.41,pct,FRED,https://fred.stlouisfed.org/series/DFII10,2026-09-17T09:12:21.517904,daily,A,confirmed
2026-08-17,us_10y_real_rate,2.44,pct,FRED,https://fred.stlouisfed.org/series/DFII10,2026-09-17T09:12:21.518901,daily,A,confirmed
2026-08-18,us_10y_real_rate,2.41,pct,FRED,https://fred.stlouisfed.org/series/DFII10,2026-09-17T09:12:21.518901,daily,A,confirmed
2026-08-19,us_10y_real_rate,2.35,pct,FRED,https://fred.stlouisfed.org/series/DFII10,2026-09-17T09:12:21.519900,daily,A,confirmed
2026-08-20,us_10y_real_rate,2.35,pct,FRED,https://fred.stlouisfed.org/series/DFII10,2026-09-17T09:12:21.520902,daily,A,confirmed
2026-08-21,us_10y_real_rate,2.4,pct,FRED,https://fred.stlouisfed.org/series/DFII10,2026-09-17T09:12:21.521902,daily,A,confirmed
2026-08-24,us_10y_real_rate,2.38,pct,FRED,https://fred.stlouisfed.org/series/DFII10,2026-09-17T09:12:21.521902,daily,A,confirmed
2026-08-25,us_10y_real_rate,2.32,pct,FRED,https://fred.stlouisfed.org/series/DFII10,2026-09-17T09:12:21.522901,daily,A,confirmed
2026-08-26,us_10y_real_rate,2.34,pct,FRED,https://fred.stlouisfed.org/series/DFII10,2026-09-17T09:12:21.523901,daily,A,confirmed
2026-08-27,us_10y_real_rate,2.34,pct,FRED,https://fred.stlouisfed.org/series/DFII10,2026-09-17T09:12:21.523901,daily,A,confirmed
2026-08-28,us_10y_real_rate,2.42,pct,FRED,https://fred.stlouisfed.org/series/DFII10,2026-09-17T09:12:21.524899,daily,A,confirmed
2026-08-31,us_10y_real_rate,2.44,pct,FRED,https://fred.stlouisfed.org/series/DFII10,2026-09-17T09:12:21.525900,daily,A,confirmed
2026-09-01,us_10y_real_rate,2.44,pct,FRED,https://fred.stlouisfed.org/series/DFII10,2026-09-17T09:12:21.526901,daily,A,confirmed
2026-09-02,us_10y_real_rate,2.45,pct,FRED,https://fred.stlouisfed.org/series/DFII10,2026-09-17T09:12:21.527901,daily,A,confirmed
2026-09-03,us_10y_real_rate,2.42,pct,FRED,https://fred.stlouisfed.org/series/DFII10,2026-09-17T09:12:21.527901,daily,A,confirmed
2026-09-04,us_10y_real_rate,2.43,pct,FRED,https://fred.stlouisfed.org/series/DFII10,2026-09-17T09:12:21.528901,daily,A,confirmed
2026-09-08,us_10y_real_rate,2.43,pct,FRED,https://fred.stlouisfed.org/series/DFII10,2026-09-17T09:12:21.529902,daily,A,confirmed
2026-09-09,us_10y_real_rate,2.46,pct,FRED,https://fred.stlouisfed.org/series/DFII10,2026-09-17T09:12:21.529902,daily,A,confirmed
2026-09-10,us_10y_real_rate,2.55,pct,FRED,https://fred.stlouisfed.org/series/DFII10,2026-09-17T09:12:21.530900,daily,A,confirmed
2026-09-11,us_10y_real_rate,2.6,pct,FRED,https://fred.stlouisfed.org/series/DFII10,2026-09-17T09:12:21.531900,daily,A,confirmed
2026-09-14,us_10y_real_rate,2.6,pct,FRED,https://fred.stlouisfed.org/series/DFII10,2026-09-17T09:12:21.531900,daily,A,confirmed
2026-09-15,us_10y_real_rate,2.62,pct,FRED,https://fred.stlouisfed.org/series/DFII10,2026-09-17T09:12:21.532905,daily,A,confirmed
2024-07-01,us_core_pce_yoy,2.806216333768276,pct,FRED,https://fred.stlouisfed.org/series/PCEPILFE,2026-09-08T11:05:09.188950,monthly,A,confirmed
2024-08-01,us_core_pce_yoy,2.8732799171185377,pct,FRED,https://fred.stlouisfed.org/series/PCEPILFE,2026-09-17T09:12:24.572129,monthly,A,confirmed
2024-09-01,us_core_pce_yoy,2.838627996468375,pct,FRED,https://fred.stlouisfed.org/series/PCEPILFE,2026-09-17T09:12:24.572129,monthly,A,confirmed
2024-10-01,us_core_pce_yoy,2.9865021082658956,pct,FRED,https://fred.stlouisfed.org/series/PCEPILFE,2026-09-17T09:12:24.573129,monthly,A,confirmed
2024-11-01,us_core_pce_yoy,2.9807101201256216,pct,FRED,https://fred.stlouisfed.org/series/PCEPILFE,2026-09-17T09:12:24.573129,monthly,A,confirmed
2024-12-01,us_core_pce_yoy,2.988589624519051,pct,FRED,https://fred.stlouisfed.org/series/PCEPILFE,2026-09-17T09:12:24.573129,monthly,A,confirmed
2025-01-01,us_core_pce_yoy,2.7801380994415155,pct,FRED,https://fred.stlouisfed.org/series/PCEPILFE,2026-09-17T09:12:24.573129,monthly,A,confirmed
2025-02-01,us_core_pce_yoy,2.968643293811752,pct,FRED,https://fred.stlouisfed.org/series/PCEPILFE,2026-09-17T09:12:24.573129,monthly,A,confirmed
2025-03-01,us_core_pce_yoy,2.670294814316975,pct,FRED,https://fred.stlouisfed.org/series/PCEPILFE,2026-09-17T09:12:24.573129,monthly,A,confirmed
2025-04-01,us_core_pce_yoy,2.6147959183673493,pct,FRED,https://fred.stlouisfed.org/series/PCEPILFE,2026-09-17T09:12:24.573129,monthly,A,confirmed
2025-05-01,us_core_pce_yoy,2.7838833824959295,pct,FRED,https://fred.stlouisfed.org/series/PCEPILFE,2026-09-17T09:12:24.573129,monthly,A,confirmed
2025-06-01,us_core_pce_yoy,2.8073722050587975,pct,FRED,https://fred.stlouisfed.org/series/PCEPILFE,2026-09-17T09:12:24.573129,monthly,A,confirmed
2025-07-01,us_core_pce_yoy,2.863047245567941,pct,FRED,https://fred.stlouisfed.org/series/PCEPILFE,2026-09-17T09:12:24.573129,monthly,A,confirmed
2025-08-01,us_core_pce_yoy,2.9124163472159097,pct,FRED,https://fred.stlouisfed.org/series/PCEPILFE,2026-09-17T09:12:24.573129,monthly,A,confirmed
2025-09-01,us_core_pce_yoy,2.825069249833973,pct,FRED,https://fred.stlouisfed.org/series/PCEPILFE,2026-09-17T09:12:24.573129,monthly,A,confirmed
2025-10-01,us_core_pce_yoy,2.7545384068738343,pct,FRED,https://fred.stlouisfed.org/series/PCEPILFE,2026-09-17T09:12:24.574129,monthly,A,confirmed
2025-11-01,us_core_pce_yoy,2.829092786499075,pct,FRED,https://fred.stlouisfed.org/series/PCEPILFE,2026-09-17T09:12:24.574129,monthly,A,confirmed
2025-12-01,us_core_pce_yoy,2.971110180682146,pct,FRED,https://fred.stlouisfed.org/series/PCEPILFE,2026-09-17T09:12:24.574129,monthly,A,confirmed
2026-01-01,us_core_pce_yoy,3.104657789335974,pct,FRED,https://fred.stlouisfed.org/series/PCEPILFE,2026-09-17T09:12:24.574129,monthly,A,confirmed
2026-02-01,us_core_pce_yoy,3.0492628550881022,pct,FRED,https://fred.stlouisfed.org/series/PCEPILFE,2026-09-17T09:12:24.574129,monthly,A,confirmed
2026-03-01,us_core_pce_yoy,3.253849776876592,pct,FRED,https://fred.stlouisfed.org/series/PCEPILFE,2026-09-17T09:12:24.574129,monthly,A,confirmed
2026-04-01,us_core_pce_yoy,3.3298274131089727,pct,FRED,https://fred.stlouisfed.org/series/PCEPILFE,2026-09-17T09:12:24.574129,monthly,A,confirmed
2026-05-01,us_core_pce_yoy,3.463709356864598,pct,FRED,https://fred.stlouisfed.org/series/PCEPILFE,2026-09-17T09:12:24.574129,monthly,A,confirmed
2026-06-01,us_core_pce_yoy,3.343614465473621,pct,FRED,https://fred.stlouisfed.org/series/PCEPILFE,2026-09-17T09:12:24.574129,monthly,A,confirmed
2026-07-01,us_core_pce_yoy,3.3441430040338247,pct,FRED,https://fred.stlouisfed.org/series/PCEPILFE,2026-09-17T09:12:24.574129,monthly,A,confirmed
2024-07-01,us_cpi_yoy,2.8947531984913013,pct,FRED,https://fred.stlouisfed.org/series/CPIAUCNS,2026-09-08T11:05:06.115534,monthly,A,confirmed
2024-08-01,us_cpi_yoy,2.530730296456966,pct,FRED,https://fred.stlouisfed.org/series/CPIAUCNS,2026-09-17T09:12:22.471944,monthly,A,confirmed
2024-09-01,us_cpi_yoy,2.4406330310699786,pct,FRED,https://fred.stlouisfed.org/series/CPIAUCNS,2026-09-17T09:12:22.471944,monthly,A,confirmed
2024-10-01,us_cpi_yoy,2.597904904914671,pct,FRED,https://fred.stlouisfed.org/series/CPIAUCNS,2026-09-17T09:12:22.471944,monthly,A,confirmed
2024-11-01,us_cpi_yoy,2.749380396090558,pct,FRED,https://fred.stlouisfed.org/series/CPIAUCNS,2026-09-17T09:12:22.471944,monthly,A,confirmed
2024-12-01,us_cpi_yoy,2.8880572199800696,pct,FRED,https://fred.stlouisfed.org/series/CPIAUCNS,2026-09-17T09:12:22.472943,monthly,A,confirmed
2025-01-01,us_cpi_yoy,3.000483112150107,pct,FRED,https://fred.stlouisfed.org/series/CPIAUCNS,2026-09-17T09:12:22.472943,monthly,A,confirmed
2025-02-01,us_cpi_yoy,2.8215489517475163,pct,FRED,https://fred.stlouisfed.org/series/CPIAUCNS,2026-09-17T09:12:22.472943,monthly,A,confirmed
2025-03-01,us_cpi_yoy,2.390725253896491,pct,FRED,https://fred.stlouisfed.org/series/CPIAUCNS,2026-09-17T09:12:22.472943,monthly,A,confirmed
2025-04-01,us_cpi_yoy,2.3112888616734892,pct,FRED,https://fred.stlouisfed.org/series/CPIAUCNS,2026-09-17T09:12:22.472943,monthly,A,confirmed
2025-05-01,us_cpi_yoy,2.3548965354746656,pct,FRED,https://fred.stlouisfed.org/series/CPIAUCNS,2026-09-17T09:12:22.472943,monthly,A,confirmed
2025-06-01,us_cpi_yoy,2.6692130182223224,pct,FRED,https://fred.stlouisfed.org/series/CPIAUCNS,2026-09-17T09:12:22.472943,monthly,A,confirmed
2025-07-01,us_cpi_yoy,2.7049023971514004,pct,FRED,https://fred.stlouisfed.org/series/CPIAUCNS,2026-09-17T09:12:22.472943,monthly,A,confirmed
2025-08-01,us_cpi_yoy,2.916174284298407,pct,FRED,https://fred.stlouisfed.org/series/CPIAUCNS,2026-09-17T09:12:22.472943,monthly,A,confirmed
2025-09-01,us_cpi_yoy,3.0126767755256196,pct,FRED,https://fred.stlouisfed.org/series/CPIAUCNS,2026-09-17T09:12:22.472943,monthly,A,confirmed
2025-11-01,us_cpi_yoy,2.7350844551226317,pct,FRED,https://fred.stlouisfed.org/series/CPIAUCNS,2026-09-17T09:12:22.472943,monthly,A,confirmed
2025-12-01,us_cpi_yoy,2.677080527875006,pct,FRED,https://fred.stlouisfed.org/series/CPIAUCNS,2026-09-17T09:12:22.472943,monthly,A,confirmed
2026-01-01,us_cpi_yoy,2.3864312449043155,pct,FRED,https://fred.stlouisfed.org/series/CPIAUCNS,2026-09-17T09:12:22.472943,monthly,A,confirmed
2026-02-01,us_cpi_yoy,2.414112986630414,pct,FRED,https://fred.stlouisfed.org/series/CPIAUCNS,2026-09-17T09:12:22.473943,monthly,A,confirmed
2026-03-01,us_cpi_yoy,3.2564204390883162,pct,FRED,https://fred.stlouisfed.org/series/CPIAUCNS,2026-09-17T09:12:22.473943,monthly,A,confirmed
2026-04-01,us_cpi_yoy,3.8108449321217535,pct,FRED,https://fred.stlouisfed.org/series/CPIAUCNS,2026-09-17T09:12:22.473943,monthly,A,confirmed
2026-05-01,us_cpi_yoy,4.248674039164442,pct,FRED,https://fred.stlouisfed.org/series/CPIAUCNS,2026-09-17T09:12:22.473943,monthly,A,confirmed
2026-06-01,us_cpi_yoy,3.5314250637863864,pct,FRED,https://fred.stlouisfed.org/series/CPIAUCNS,2026-09-17T09:12:22.473943,monthly,A,confirmed
2026-07-01,us_cpi_yoy,3.3648250414799037,pct,FRED,https://fred.stlouisfed.org/series/CPIAUCNS,2026-09-17T09:12:22.473943,monthly,A,confirmed
2026-08-01,us_cpi_yoy,3.3965478924364874,pct,FRED,https://fred.stlouisfed.org/series/CPIAUCNS,2026-09-17T09:12:22.473943,monthly,A,confirmed
2026-05-28,us_ism_manufacturing,48.5,index,ISM,https://www.ismworld.org/,2026-06-30T08:37:50.677325,monthly,A,confirmed
2024-07-01,us_pce_yoy,2.5943767774673177,pct,FRED,https://fred.stlouisfed.org/series/PCEPI,2026-09-08T11:05:07.210678,monthly,A,confirmed
2024-08-01,us_pce_yoy,2.4129949574274576,pct,FRED,https://fred.stlouisfed.org/series/PCEPI,2026-09-17T09:12:23.431761,monthly,A,confirmed
2024-09-01,us_pce_yoy,2.2607664368838414,pct,FRED,https://fred.stlouisfed.org/series/PCEPI,2026-09-17T09:12:23.431761,monthly,A,confirmed
2024-10-01,us_pce_yoy,2.4776925356425608,pct,FRED,https://fred.stlouisfed.org/series/PCEPI,2026-09-17T09:12:23.431761,monthly,A,confirmed
2024-11-01,us_pce_yoy,2.5878034125423,pct,FRED,https://fred.stlouisfed.org/series/PCEPI,2026-09-17T09:12:23.431761,monthly,A,confirmed
2024-12-01,us_pce_yoy,2.7280946901200025,pct,FRED,https://fred.stlouisfed.org/series/PCEPI,2026-09-17T09:12:23.431761,monthly,A,confirmed
2025-01-01,us_pce_yoy,2.6073795303935157,pct,FRED,https://fred.stlouisfed.org/series/PCEPI,2026-09-17T09:12:23.431761,monthly,A,confirmed
2025-02-01,us_pce_yoy,2.710484673485709,pct,FRED,https://fred.stlouisfed.org/series/PCEPI,2026-09-17T09:12:23.431761,monthly,A,confirmed
2025-03-01,us_pce_yoy,2.35943367089844,pct,FRED,https://fred.stlouisfed.org/series/PCEPI,2026-09-17T09:12:23.431761,monthly,A,confirmed
2025-04-01,us_pce_yoy,2.2774259978433946,pct,FRED,https://fred.stlouisfed.org/series/PCEPI,2026-09-17T09:12:23.431761,monthly,A,confirmed
2025-05-01,us_pce_yoy,2.4580860654408667,pct,FRED,https://fred.stlouisfed.org/series/PCEPI,2026-09-17T09:12:23.432764,monthly,A,confirmed
2025-06-01,us_pce_yoy,2.5935129797068015,pct,FRED,https://fred.stlouisfed.org/series/PCEPI,2026-09-17T09:12:23.432764,monthly,A,confirmed
2025-07-01,us_pce_yoy,2.6055472942393436,pct,FRED,https://fred.stlouisfed.org/series/PCEPI,2026-09-17T09:12:23.432764,monthly,A,confirmed
2025-08-01,us_pce_yoy,2.7476208541517053,pct,FRED,https://fred.stlouisfed.org/series/PCEPI,2026-09-17T09:12:23.432764,monthly,A,confirmed
2025-09-01,us_pce_yoy,2.787442414870654,pct,FRED,https://fred.stlouisfed.org/series/PCEPI,2026-09-17T09:12:23.432764,monthly,A,confirmed
2025-10-01,us_pce_yoy,2.7125805259691163,pct,FRED,https://fred.stlouisfed.org/series/PCEPI,2026-09-17T09:12:23.432764,monthly,A,confirmed
2025-11-01,us_pce_yoy,2.8201898312699996,pct,FRED,https://fred.stlouisfed.org/series/PCEPI,2026-09-17T09:12:23.432764,monthly,A,confirmed
2025-12-01,us_pce_yoy,2.8780835180310333,pct,FRED,https://fred.stlouisfed.org/series/PCEPI,2026-09-17T09:12:23.432764,monthly,A,confirmed
2026-01-01,us_pce_yoy,2.8752083050942048,pct,FRED,https://fred.stlouisfed.org/series/PCEPI,2026-09-17T09:12:23.433542,monthly,A,confirmed
2026-02-01,us_pce_yoy,2.8732300410574823,pct,FRED,https://fred.stlouisfed.org/series/PCEPI,2026-09-17T09:12:23.433542,monthly,A,confirmed
2026-03-01,us_pce_yoy,3.542928831754537,pct,FRED,https://fred.stlouisfed.org/series/PCEPI,2026-09-17T09:12:23.433542,monthly,A,confirmed
2026-04-01,us_pce_yoy,3.801823226317879,pct,FRED,https://fred.stlouisfed.org/series/PCEPI,2026-09-17T09:12:23.433765,monthly,A,confirmed
2026-05-01,us_pce_yoy,4.111410033233099,pct,FRED,https://fred.stlouisfed.org/series/PCEPI,2026-09-17T09:12:23.433765,monthly,A,confirmed
2026-06-01,us_pce_yoy,3.7169705624768454,pct,FRED,https://fred.stlouisfed.org/series/PCEPI,2026-09-17T09:12:23.433765,monthly,A,confirmed
2026-07-01,us_pce_yoy,3.7011657214870866,pct,FRED,https://fred.stlouisfed.org/series/PCEPI,2026-09-17T09:12:23.433765,monthly,A,confirmed
