date,indicator,value,unit,source,source_url,updated_at,frequency,confidence,note
2025-05-31,china_new_orders_pmi,48.3,index,财新网,https://www.caixin.com/,2026-06-30T16:02:21.110304,monthly,C,
2025-06-30,china_new_orders_pmi,50.4,index,财新网,https://www.caixin.com/,2026-06-30T16:02:21.110304,monthly,C,
2025-07-31,china_new_orders_pmi,49.5,index,财新网,https://www.caixin.com/,2026-06-30T16:02:21.111305,monthly,C,
2025-08-31,china_new_orders_pmi,50.5,index,财新网,https://www.caixin.com/,2026-06-30T16:02:21.111305,monthly,C,
2025-09-30,china_new_orders_pmi,51.2,index,财新网,https://www.caixin.com/,2026-06-30T16:02:21.111305,monthly,C,
2025-10-31,china_new_orders_pmi,50.6,index,财新网,https://www.caixin.com/,2026-06-30T16:02:21.111305,monthly,C,
2025-11-30,china_new_orders_pmi,49.9,index,财新网,https://www.caixin.com/,2026-06-30T16:02:21.111305,monthly,C,
2025-12-31,china_new_orders_pmi,50.1,index,财新网,https://www.caixin.com/,2026-06-30T16:02:21.111305,monthly,C,
2026-01-31,china_new_orders_pmi,50.3,index,财新网,https://www.caixin.com/,2026-06-30T16:02:21.112307,monthly,C,
2026-02-28,china_new_orders_pmi,52.1,index,财新网,https://www.caixin.com/,2026-06-30T16:02:21.112307,monthly,C,
2026-03-31,china_new_orders_pmi,50.8,index,财新网,https://www.caixin.com/,2026-06-30T16:02:21.112307,monthly,C,
2026-04-30,china_new_orders_pmi,52.2,index,财新网,https://www.caixin.com/,2026-06-30T16:02:21.112307,monthly,C,
2026-05-31,china_new_orders_pmi,51.8,index,财新网,https://www.caixin.com/,2026-06-30T16:02:21.112307,monthly,C,
2025-06-01,china_pmi,49.7,index,东方财富-国家统计局,https://data.eastmoney.com/cjsj/pmi.html,2026-06-30T16:02:15.194445,monthly,A,
2025-07-01,china_pmi,49.3,index,东方财富-国家统计局,https://data.eastmoney.com/cjsj/pmi.html,2026-06-30T16:02:15.194445,monthly,A,
2025-08-01,china_pmi,49.4,index,东方财富-国家统计局,https://data.eastmoney.com/cjsj/pmi.html,2026-06-30T16:02:15.194445,monthly,A,
2025-09-01,china_pmi,49.8,index,东方财富-国家统计局,https://data.eastmoney.com/cjsj/pmi.html,2026-06-30T16:02:15.194445,monthly,A,
2025-10-01,china_pmi,49.0,index,东方财富-国家统计局,https://data.eastmoney.com/cjsj/pmi.html,2026-06-30T16:02:15.194445,monthly,A,
2025-11-01,china_pmi,49.2,index,东方财富-国家统计局,https://data.eastmoney.com/cjsj/pmi.html,2026-06-30T16:02:15.194445,monthly,A,
2025-12-01,china_pmi,50.1,index,东方财富-国家统计局,https://data.eastmoney.com/cjsj/pmi.html,2026-06-30T16:02:15.194445,monthly,A,
2026-01-01,china_pmi,49.3,index,东方财富-国家统计局,https://data.eastmoney.com/cjsj/pmi.html,2026-06-30T16:02:15.193447,monthly,A,
2026-02-01,china_pmi,49.0,index,东方财富-国家统计局,https://data.eastmoney.com/cjsj/pmi.html,2026-06-30T16:02:15.193447,monthly,A,
2026-03-01,china_pmi,50.4,index,东方财富-国家统计局,https://data.eastmoney.com/cjsj/pmi.html,2026-06-30T16:02:15.193447,monthly,A,
2026-04-01,china_pmi,50.3,index,东方财富-国家统计局,https://data.eastmoney.com/cjsj/pmi.html,2026-06-30T16:02:15.193447,monthly,A,
2026-05-01,china_pmi,50.0,index,东方财富-国家统计局,https://data.eastmoney.com/cjsj/pmi.html,2026-06-30T16:02:15.193447,monthly,A,
2026-06-01,china_pmi,50.3,index,东方财富-国家统计局,https://data.eastmoney.com/cjsj/pmi.html,2026-06-30T16:02:15.193447,monthly,A,
2026-01-02,comex_inventory,1132.26,ton,手动维护-COMEX,https://www.cmegroup.com/delivery_reports/Gold_Stocks.xls,2026-07-13T10:06:58.478410,daily,B,
2026-01-05,comex_inventory,1132.27,ton,手动维护-COMEX,https://www.cmegroup.com/delivery_reports/Gold_Stocks.xls,2026-07-13T10:06:58.478410,daily,B,
2026-01-06,comex_inventory,1132.27,ton,手动维护-COMEX,https://www.cmegroup.com/delivery_reports/Gold_Stocks.xls,2026-07-13T10:06:58.478410,daily,B,
2026-01-07,comex_inventory,1132.27,ton,手动维护-COMEX,https://www.cmegroup.com/delivery_reports/Gold_Stocks.xls,2026-07-13T10:06:58.478410,daily,B,
2026-01-08,comex_inventory,1131.77,ton,手动维护-COMEX,https://www.cmegroup.com/delivery_reports/Gold_Stocks.xls,2026-07-13T10:06:58.478410,daily,B,
2026-01-09,comex_inventory,1129.43,ton,手动维护-COMEX,https://www.cmegroup.com/delivery_reports/Gold_Stocks.xls,2026-07-13T10:06:58.478410,daily,B,
2026-01-12,comex_inventory,1129.43,ton,手动维护-COMEX,https://www.cmegroup.com/delivery_reports/Gold_Stocks.xls,2026-07-13T10:06:58.479413,daily,B,
2026-01-13,comex_inventory,1128.93,ton,手动维护-COMEX,https://www.cmegroup.com/delivery_reports/Gold_Stocks.xls,2026-07-13T10:06:58.479413,daily,B,
2026-01-14,comex_inventory,1126.41,ton,手动维护-COMEX,https://www.cmegroup.com/delivery_reports/Gold_Stocks.xls,2026-07-13T10:06:58.479413,daily,B,
2026-01-15,comex_inventory,1123.86,ton,手动维护-COMEX,https://www.cmegroup.com/delivery_reports/Gold_Stocks.xls,2026-07-13T10:06:58.479413,daily,B,
2026-01-16,comex_inventory,1123.95,ton,手动维护-COMEX,https://www.cmegroup.com/delivery_reports/Gold_Stocks.xls,2026-07-13T10:06:58.479413,daily,B,
2026-01-20,comex_inventory,1123.95,ton,手动维护-COMEX,https://www.cmegroup.com/delivery_reports/Gold_Stocks.xls,2026-07-13T10:06:58.479413,daily,B,
2026-01-21,comex_inventory,1124.17,ton,手动维护-COMEX,https://www.cmegroup.com/delivery_reports/Gold_Stocks.xls,2026-07-13T10:06:58.479413,daily,B,
2026-01-22,comex_inventory,1124.21,ton,手动维护-COMEX,https://www.cmegroup.com/delivery_reports/Gold_Stocks.xls,2026-07-13T10:06:58.479413,daily,B,
2026-01-23,comex_inventory,1124.21,ton,手动维护-COMEX,https://www.cmegroup.com/delivery_reports/Gold_Stocks.xls,2026-07-13T10:06:58.479413,daily,B,
2026-01-26,comex_inventory,1117.91,ton,手动维护-COMEX,https://www.cmegroup.com/delivery_reports/Gold_Stocks.xls,2026-07-13T10:06:58.480410,daily,B,
2026-01-27,comex_inventory,1117.91,ton,手动维护-COMEX,https://www.cmegroup.com/delivery_reports/Gold_Stocks.xls,2026-07-13T10:06:58.480410,daily,B,
2026-01-28,comex_inventory,1115.91,ton,手动维护-COMEX,https://www.cmegroup.com/delivery_reports/Gold_Stocks.xls,2026-07-13T10:06:58.480410,daily,B,
2026-01-29,comex_inventory,1115.91,ton,手动维护-COMEX,https://www.cmegroup.com/delivery_reports/Gold_Stocks.xls,2026-07-13T10:06:58.480410,daily,B,
2026-01-30,comex_inventory,1111.91,ton,手动维护-COMEX,https://www.cmegroup.com/delivery_reports/Gold_Stocks.xls,2026-07-13T10:06:58.480410,daily,B,
2026-02-02,comex_inventory,1108.07,ton,手动维护-COMEX,https://www.cmegroup.com/delivery_reports/Gold_Stocks.xls,2026-07-13T10:06:58.480410,daily,B,
2026-02-03,comex_inventory,1112.12,ton,手动维护-COMEX,https://www.cmegroup.com/delivery_reports/Gold_Stocks.xls,2026-07-13T10:06:58.480410,daily,B,
2026-02-04,comex_inventory,1110.12,ton,手动维护-COMEX,https://www.cmegroup.com/delivery_reports/Gold_Stocks.xls,2026-07-13T10:06:58.480410,daily,B,
2026-02-05,comex_inventory,1103.91,ton,手动维护-COMEX,https://www.cmegroup.com/delivery_reports/Gold_Stocks.xls,2026-07-13T10:06:58.480410,daily,B,
2026-02-06,comex_inventory,1100.13,ton,手动维护-COMEX,https://www.cmegroup.com/delivery_reports/Gold_Stocks.xls,2026-07-13T10:06:58.480410,daily,B,
2026-02-09,comex_inventory,1097.77,ton,手动维护-COMEX,https://www.cmegroup.com/delivery_reports/Gold_Stocks.xls,2026-07-13T10:06:58.481410,daily,B,
2026-02-10,comex_inventory,1095.77,ton,手动维护-COMEX,https://www.cmegroup.com/delivery_reports/Gold_Stocks.xls,2026-07-13T10:06:58.481410,daily,B,
2026-02-11,comex_inventory,1080.38,ton,手动维护-COMEX,https://www.cmegroup.com/delivery_reports/Gold_Stocks.xls,2026-07-13T10:06:58.481410,daily,B,
2026-02-12,comex_inventory,1071.45,ton,手动维护-COMEX,https://www.cmegroup.com/delivery_reports/Gold_Stocks.xls,2026-07-13T10:06:58.481410,daily,B,
2026-02-13,comex_inventory,1070.45,ton,手动维护-COMEX,https://www.cmegroup.com/delivery_reports/Gold_Stocks.xls,2026-07-13T10:06:58.481410,daily,B,
2026-02-17,comex_inventory,1067.56,ton,手动维护-COMEX,https://www.cmegroup.com/delivery_reports/Gold_Stocks.xls,2026-07-13T10:06:58.481410,daily,B,
2026-02-18,comex_inventory,1064.02,ton,手动维护-COMEX,https://www.cmegroup.com/delivery_reports/Gold_Stocks.xls,2026-07-13T10:06:58.481410,daily,B,
2026-02-19,comex_inventory,1060.47,ton,手动维护-COMEX,https://www.cmegroup.com/delivery_reports/Gold_Stocks.xls,2026-07-13T10:06:58.481410,daily,B,
2026-02-20,comex_inventory,1050.51,ton,手动维护-COMEX,https://www.cmegroup.com/delivery_reports/Gold_Stocks.xls,2026-07-13T10:06:58.481410,daily,B,
2026-02-23,comex_inventory,1048.22,ton,手动维护-COMEX,https://www.cmegroup.com/delivery_reports/Gold_Stocks.xls,2026-07-13T10:06:58.481410,daily,B,
2026-02-24,comex_inventory,1045.93,ton,手动维护-COMEX,https://www.cmegroup.com/delivery_reports/Gold_Stocks.xls,2026-07-13T10:06:58.482410,daily,B,
2026-02-25,comex_inventory,1041.58,ton,手动维护-COMEX,https://www.cmegroup.com/delivery_reports/Gold_Stocks.xls,2026-07-13T10:06:58.482410,daily,B,
2026-02-26,comex_inventory,1036.4,ton,手动维护-COMEX,https://www.cmegroup.com/delivery_reports/Gold_Stocks.xls,2026-07-13T10:06:58.482410,daily,B,
2026-02-27,comex_inventory,1031.74,ton,手动维护-COMEX,https://www.cmegroup.com/delivery_reports/Gold_Stocks.xls,2026-07-13T10:06:58.482410,daily,B,
2026-03-02,comex_inventory,1028.64,ton,手动维护-COMEX,https://www.cmegroup.com/delivery_reports/Gold_Stocks.xls,2026-07-13T10:06:58.482410,daily,B,
2026-03-03,comex_inventory,1027.67,ton,手动维护-COMEX,https://www.cmegroup.com/delivery_reports/Gold_Stocks.xls,2026-07-13T10:06:58.482410,daily,B,
2026-03-04,comex_inventory,1029.53,ton,手动维护-COMEX,https://www.cmegroup.com/delivery_reports/Gold_Stocks.xls,2026-07-13T10:06:58.482410,daily,B,
2026-03-05,comex_inventory,1028.96,ton,手动维护-COMEX,https://www.cmegroup.com/delivery_reports/Gold_Stocks.xls,2026-07-13T10:06:58.482410,daily,B,
2026-03-06,comex_inventory,1023.73,ton,手动维护-COMEX,https://www.cmegroup.com/delivery_reports/Gold_Stocks.xls,2026-07-13T10:06:58.482410,daily,B,
2026-03-09,comex_inventory,1017.73,ton,手动维护-COMEX,https://www.cmegroup.com/delivery_reports/Gold_Stocks.xls,2026-07-13T10:06:58.482410,daily,B,
2026-03-10,comex_inventory,1017.73,ton,手动维护-COMEX,https://www.cmegroup.com/delivery_reports/Gold_Stocks.xls,2026-07-13T10:06:58.483410,daily,B,
2026-03-11,comex_inventory,1015.73,ton,手动维护-COMEX,https://www.cmegroup.com/delivery_reports/Gold_Stocks.xls,2026-07-13T10:06:58.483410,daily,B,
2026-03-12,comex_inventory,1012.47,ton,手动维护-COMEX,https://www.cmegroup.com/delivery_reports/Gold_Stocks.xls,2026-07-13T10:06:58.483410,daily,B,
2026-03-13,comex_inventory,1007.64,ton,手动维护-COMEX,https://www.cmegroup.com/delivery_reports/Gold_Stocks.xls,2026-07-13T10:06:58.483410,daily,B,
2026-03-16,comex_inventory,908.0,ton,手动维护-COMEX,https://www.cmegroup.com/delivery_reports/Gold_Stocks.xls,2026-09-02T09:02:06.118756,daily,B,COMEX gold warehouse stocks loaded from gold_inventory.csv
2026-03-17,comex_inventory,905.0,ton,手动维护-COMEX,https://www.cmegroup.com/delivery_reports/Gold_Stocks.xls,2026-09-02T09:02:06.118756,daily,B,COMEX gold warehouse stocks loaded from gold_inventory.csv
2026-03-18,comex_inventory,914.0,ton,手动维护-COMEX,https://www.cmegroup.com/delivery_reports/Gold_Stocks.xls,2026-09-02T09:02:06.119819,daily,B,COMEX gold warehouse stocks loaded from gold_inventory.csv
2026-03-19,comex_inventory,916.0,ton,手动维护-COMEX,https://www.cmegroup.com/delivery_reports/Gold_Stocks.xls,2026-09-02T09:02:06.119819,daily,B,COMEX gold warehouse stocks loaded from gold_inventory.csv
2026-03-20,comex_inventory,912.0,ton,手动维护-COMEX,https://www.cmegroup.com/delivery_reports/Gold_Stocks.xls,2026-09-02T09:02:06.119819,daily,B,COMEX gold warehouse stocks loaded from gold_inventory.csv
2026-03-21,comex_inventory,909.0,ton,手动维护-COMEX,https://www.cmegroup.com/delivery_reports/Gold_Stocks.xls,2026-09-02T09:02:06.119819,daily,B,COMEX gold warehouse stocks loaded from gold_inventory.csv
2026-03-22,comex_inventory,914.0,ton,手动维护-COMEX,https://www.cmegroup.com/delivery_reports/Gold_Stocks.xls,2026-09-02T09:02:06.119819,daily,B,COMEX gold warehouse stocks loaded from gold_inventory.csv
2026-03-23,comex_inventory,906.0,ton,手动维护-COMEX,https://www.cmegroup.com/delivery_reports/Gold_Stocks.xls,2026-09-02T09:02:06.119819,daily,B,COMEX gold warehouse stocks loaded from gold_inventory.csv
2026-03-24,comex_inventory,908.0,ton,手动维护-COMEX,https://www.cmegroup.com/delivery_reports/Gold_Stocks.xls,2026-09-02T09:02:06.119819,daily,B,COMEX gold warehouse stocks loaded from gold_inventory.csv
2026-03-25,comex_inventory,911.0,ton,手动维护-COMEX,https://www.cmegroup.com/delivery_reports/Gold_Stocks.xls,2026-09-02T09:02:06.119819,daily,B,COMEX gold warehouse stocks loaded from gold_inventory.csv
2026-03-26,comex_inventory,904.0,ton,手动维护-COMEX,https://www.cmegroup.com/delivery_reports/Gold_Stocks.xls,2026-09-02T09:02:06.119819,daily,B,COMEX gold warehouse stocks loaded from gold_inventory.csv
2026-03-27,comex_inventory,908.0,ton,手动维护-COMEX,https://www.cmegroup.com/delivery_reports/Gold_Stocks.xls,2026-09-02T09:02:06.119819,daily,B,COMEX gold warehouse stocks loaded from gold_inventory.csv
2026-03-28,comex_inventory,912.0,ton,手动维护-COMEX,https://www.cmegroup.com/delivery_reports/Gold_Stocks.xls,2026-09-02T09:02:06.119819,daily,B,COMEX gold warehouse stocks loaded from gold_inventory.csv
2026-03-29,comex_inventory,912.0,ton,手动维护-COMEX,https://www.cmegroup.com/delivery_reports/Gold_Stocks.xls,2026-09-02T09:02:06.119819,daily,B,COMEX gold warehouse stocks loaded from gold_inventory.csv
2026-03-30,comex_inventory,909.0,ton,手动维护-COMEX,https://www.cmegroup.com/delivery_reports/Gold_Stocks.xls,2026-09-02T09:02:06.120775,daily,B,COMEX gold warehouse stocks loaded from gold_inventory.csv
2026-03-31,comex_inventory,906.0,ton,手动维护-COMEX,https://www.cmegroup.com/delivery_reports/Gold_Stocks.xls,2026-09-02T09:02:06.120775,daily,B,COMEX gold warehouse stocks loaded from gold_inventory.csv
2026-04-01,comex_inventory,905.0,ton,手动维护-COMEX,https://www.cmegroup.com/delivery_reports/Gold_Stocks.xls,2026-09-02T09:02:06.120775,daily,B,COMEX gold warehouse stocks loaded from gold_inventory.csv
2026-04-02,comex_inventory,909.0,ton,手动维护-COMEX,https://www.cmegroup.com/delivery_reports/Gold_Stocks.xls,2026-09-02T09:02:06.120775,daily,B,COMEX gold warehouse stocks loaded from gold_inventory.csv
2026-04-03,comex_inventory,909.0,ton,手动维护-COMEX,https://www.cmegroup.com/delivery_reports/Gold_Stocks.xls,2026-09-02T09:02:06.120775,daily,B,COMEX gold warehouse stocks loaded from gold_inventory.csv
2026-04-04,comex_inventory,904.0,ton,手动维护-COMEX,https://www.cmegroup.com/delivery_reports/Gold_Stocks.xls,2026-09-02T09:02:06.120775,daily,B,COMEX gold warehouse stocks loaded from gold_inventory.csv
2026-04-05,comex_inventory,907.0,ton,手动维护-COMEX,https://www.cmegroup.com/delivery_reports/Gold_Stocks.xls,2026-09-02T09:02:06.120775,daily,B,COMEX gold warehouse stocks loaded from gold_inventory.csv
2026-04-06,comex_inventory,906.0,ton,手动维护-COMEX,https://www.cmegroup.com/delivery_reports/Gold_Stocks.xls,2026-09-02T09:02:06.120775,daily,B,COMEX gold warehouse stocks loaded from gold_inventory.csv
2026-04-07,comex_inventory,903.0,ton,手动维护-COMEX,https://www.cmegroup.com/delivery_reports/Gold_Stocks.xls,2026-09-02T09:02:06.120775,daily,B,COMEX gold warehouse stocks loaded from gold_inventory.csv
2026-04-08,comex_inventory,909.0,ton,手动维护-COMEX,https://www.cmegroup.com/delivery_reports/Gold_Stocks.xls,2026-09-02T09:02:06.120775,daily,B,COMEX gold warehouse stocks loaded from gold_inventory.csv
2026-04-09,comex_inventory,913.0,ton,手动维护-COMEX,https://www.cmegroup.com/delivery_reports/Gold_Stocks.xls,2026-09-02T09:02:06.120775,daily,B,COMEX gold warehouse stocks loaded from gold_inventory.csv
2026-04-10,comex_inventory,915.0,ton,手动维护-COMEX,https://www.cmegroup.com/delivery_reports/Gold_Stocks.xls,2026-09-02T09:02:06.120775,daily,B,COMEX gold warehouse stocks loaded from gold_inventory.csv
2026-04-11,comex_inventory,907.0,ton,手动维护-COMEX,https://www.cmegroup.com/delivery_reports/Gold_Stocks.xls,2026-09-02T09:02:06.120775,daily,B,COMEX gold warehouse stocks loaded from gold_inventory.csv
2026-04-12,comex_inventory,903.0,ton,手动维护-COMEX,https://www.cmegroup.com/delivery_reports/Gold_Stocks.xls,2026-09-02T09:02:06.121776,daily,B,COMEX gold warehouse stocks loaded from gold_inventory.csv
2026-04-13,comex_inventory,917.0,ton,手动维护-COMEX,https://www.cmegroup.com/delivery_reports/Gold_Stocks.xls,2026-09-02T09:02:06.121776,daily,B,COMEX gold warehouse stocks loaded from gold_inventory.csv
2026-04-14,comex_inventory,913.0,ton,手动维护-COMEX,https://www.cmegroup.com/delivery_reports/Gold_Stocks.xls,2026-09-02T09:02:06.121776,daily,B,COMEX gold warehouse stocks loaded from gold_inventory.csv
2026-04-15,comex_inventory,906.0,ton,手动维护-COMEX,https://www.cmegroup.com/delivery_reports/Gold_Stocks.xls,2026-09-02T09:02:06.121776,daily,B,COMEX gold warehouse stocks loaded from gold_inventory.csv
2026-04-16,comex_inventory,902.0,ton,手动维护-COMEX,https://www.cmegroup.com/delivery_reports/Gold_Stocks.xls,2026-09-02T09:02:06.121776,daily,B,COMEX gold warehouse stocks loaded from gold_inventory.csv
2026-04-17,comex_inventory,913.0,ton,手动维护-COMEX,https://www.cmegroup.com/delivery_reports/Gold_Stocks.xls,2026-09-02T09:02:06.121776,daily,B,COMEX gold warehouse stocks loaded from gold_inventory.csv
2026-04-18,comex_inventory,911.0,ton,手动维护-COMEX,https://www.cmegroup.com/delivery_reports/Gold_Stocks.xls,2026-09-02T09:02:06.121776,daily,B,COMEX gold warehouse stocks loaded from gold_inventory.csv
2026-04-19,comex_inventory,907.0,ton,手动维护-COMEX,https://www.cmegroup.com/delivery_reports/Gold_Stocks.xls,2026-09-02T09:02:06.121776,daily,B,COMEX gold warehouse stocks loaded from gold_inventory.csv
2026-04-20,comex_inventory,914.0,ton,手动维护-COMEX,https://www.cmegroup.com/delivery_reports/Gold_Stocks.xls,2026-09-02T09:02:06.121776,daily,B,COMEX gold warehouse stocks loaded from gold_inventory.csv
2026-04-21,comex_inventory,913.0,ton,手动维护-COMEX,https://www.cmegroup.com/delivery_reports/Gold_Stocks.xls,2026-09-02T09:02:06.121776,daily,B,COMEX gold warehouse stocks loaded from gold_inventory.csv
2026-04-22,comex_inventory,910.0,ton,手动维护-COMEX,https://www.cmegroup.com/delivery_reports/Gold_Stocks.xls,2026-09-02T09:02:06.121776,daily,B,COMEX gold warehouse stocks loaded from gold_inventory.csv
2026-04-23,comex_inventory,902.0,ton,手动维护-COMEX,https://www.cmegroup.com/delivery_reports/Gold_Stocks.xls,2026-09-02T09:02:06.121776,daily,B,COMEX gold warehouse stocks loaded from gold_inventory.csv
2026-04-24,comex_inventory,912.0,ton,手动维护-COMEX,https://www.cmegroup.com/delivery_reports/Gold_Stocks.xls,2026-09-02T09:02:06.121776,daily,B,COMEX gold warehouse stocks loaded from gold_inventory.csv
2026-04-25,comex_inventory,862.0,ton,手动维护-COMEX,https://www.cmegroup.com/delivery_reports/Gold_Stocks.xls,2026-09-02T09:02:06.121776,daily,B,COMEX gold warehouse stocks loaded from gold_inventory.csv
2026-04-26,comex_inventory,865.5,ton,手动维护-COMEX,https://www.cmegroup.com/delivery_reports/Gold_Stocks.xls,2026-09-02T09:02:06.121776,daily,B,COMEX gold warehouse stocks loaded from gold_inventory.csv
2026-04-27,comex_inventory,860.0,ton,手动维护-COMEX,https://www.cmegroup.com/delivery_reports/Gold_Stocks.xls,2026-09-02T09:02:06.121776,daily,B,COMEX gold warehouse stocks loaded from gold_inventory.csv
2026-04-28,comex_inventory,865.5,ton,手动维护-COMEX,https://www.cmegroup.com/delivery_reports/Gold_Stocks.xls,2026-09-02T09:02:06.121776,daily,B,COMEX gold warehouse stocks loaded from gold_inventory.csv
2026-04-29,comex_inventory,861.0,ton,手动维护-COMEX,https://www.cmegroup.com/delivery_reports/Gold_Stocks.xls,2026-09-02T09:02:06.123135,daily,B,COMEX gold warehouse stocks loaded from gold_inventory.csv
2026-04-30,comex_inventory,860.5,ton,手动维护-COMEX,https://www.cmegroup.com/delivery_reports/Gold_Stocks.xls,2026-09-02T09:02:06.123166,daily,B,COMEX gold warehouse stocks loaded from gold_inventory.csv
2026-05-01,comex_inventory,864.0,ton,手动维护-COMEX,https://www.cmegroup.com/delivery_reports/Gold_Stocks.xls,2026-09-02T09:02:06.123166,daily,B,COMEX gold warehouse stocks loaded from gold_inventory.csv
2026-05-02,comex_inventory,862.5,ton,手动维护-COMEX,https://www.cmegroup.com/delivery_reports/Gold_Stocks.xls,2026-09-02T09:02:06.123166,daily,B,COMEX gold warehouse stocks loaded from gold_inventory.csv
2026-05-03,comex_inventory,861.0,ton,手动维护-COMEX,https://www.cmegroup.com/delivery_reports/Gold_Stocks.xls,2026-09-02T09:02:06.123166,daily,B,COMEX gold warehouse stocks loaded from gold_inventory.csv
2026-05-04,comex_inventory,860.5,ton,手动维护-COMEX,https://www.cmegroup.com/delivery_reports/Gold_Stocks.xls,2026-09-02T09:02:06.123166,daily,B,COMEX gold warehouse stocks loaded from gold_inventory.csv
2026-05-05,comex_inventory,861.0,ton,手动维护-COMEX,https://www.cmegroup.com/delivery_reports/Gold_Stocks.xls,2026-09-02T09:02:06.123166,daily,B,COMEX gold warehouse stocks loaded from gold_inventory.csv
2026-05-06,comex_inventory,859.5,ton,手动维护-COMEX,https://www.cmegroup.com/delivery_reports/Gold_Stocks.xls,2026-09-02T09:02:06.123166,daily,B,COMEX gold warehouse stocks loaded from gold_inventory.csv
2026-05-07,comex_inventory,848.0,ton,手动维护-COMEX,https://www.cmegroup.com/delivery_reports/Gold_Stocks.xls,2026-09-02T09:02:06.123166,daily,B,COMEX gold warehouse stocks loaded from gold_inventory.csv
2026-05-08,comex_inventory,856.5,ton,手动维护-COMEX,https://www.cmegroup.com/delivery_reports/Gold_Stocks.xls,2026-09-02T09:02:06.123166,daily,B,COMEX gold warehouse stocks loaded from gold_inventory.csv
2026-05-09,comex_inventory,851.0,ton,手动维护-COMEX,https://www.cmegroup.com/delivery_reports/Gold_Stocks.xls,2026-09-02T09:02:06.123166,daily,B,COMEX gold warehouse stocks loaded from gold_inventory.csv
2026-05-10,comex_inventory,847.5,ton,手动维护-COMEX,https://www.cmegroup.com/delivery_reports/Gold_Stocks.xls,2026-09-02T09:02:06.123166,daily,B,COMEX gold warehouse stocks loaded from gold_inventory.csv
2026-05-11,comex_inventory,859.0,ton,手动维护-COMEX,https://www.cmegroup.com/delivery_reports/Gold_Stocks.xls,2026-09-02T09:02:06.123166,daily,B,COMEX gold warehouse stocks loaded from gold_inventory.csv
2026-05-12,comex_inventory,851.5,ton,手动维护-COMEX,https://www.cmegroup.com/delivery_reports/Gold_Stocks.xls,2026-09-02T09:02:06.124155,daily,B,COMEX gold warehouse stocks loaded from gold_inventory.csv
2026-05-13,comex_inventory,845.0,ton,手动维护-COMEX,https://www.cmegroup.com/delivery_reports/Gold_Stocks.xls,2026-09-02T09:02:06.124155,daily,B,COMEX gold warehouse stocks loaded from gold_inventory.csv
2026-05-14,comex_inventory,846.5,ton,手动维护-COMEX,https://www.cmegroup.com/delivery_reports/Gold_Stocks.xls,2026-09-02T09:02:06.124155,daily,B,COMEX gold warehouse stocks loaded from gold_inventory.csv
2026-05-15,comex_inventory,844.0,ton,手动维护-COMEX,https://www.cmegroup.com/delivery_reports/Gold_Stocks.xls,2026-09-02T09:02:06.124155,daily,B,COMEX gold warehouse stocks loaded from gold_inventory.csv
2026-05-16,comex_inventory,847.5,ton,手动维护-COMEX,https://www.cmegroup.com/delivery_reports/Gold_Stocks.xls,2026-09-02T09:02:06.124155,daily,B,COMEX gold warehouse stocks loaded from gold_inventory.csv
2026-05-17,comex_inventory,845.0,ton,手动维护-COMEX,https://www.cmegroup.com/delivery_reports/Gold_Stocks.xls,2026-09-02T09:02:06.124155,daily,B,COMEX gold warehouse stocks loaded from gold_inventory.csv
2026-05-18,comex_inventory,848.5,ton,手动维护-COMEX,https://www.cmegroup.com/delivery_reports/Gold_Stocks.xls,2026-09-02T09:02:06.124155,daily,B,COMEX gold warehouse stocks loaded from gold_inventory.csv
2026-05-19,comex_inventory,846.0,ton,手动维护-COMEX,https://www.cmegroup.com/delivery_reports/Gold_Stocks.xls,2026-09-02T09:02:06.124155,daily,B,COMEX gold warehouse stocks loaded from gold_inventory.csv
2026-05-20,comex_inventory,840.5,ton,手动维护-COMEX,https://www.cmegroup.com/delivery_reports/Gold_Stocks.xls,2026-09-02T09:02:06.124155,daily,B,COMEX gold warehouse stocks loaded from gold_inventory.csv
2026-05-21,comex_inventory,842.0,ton,手动维护-COMEX,https://www.cmegroup.com/delivery_reports/Gold_Stocks.xls,2026-09-02T09:02:06.124155,daily,B,COMEX gold warehouse stocks loaded from gold_inventory.csv
2026-05-22,comex_inventory,846.5,ton,手动维护-COMEX,https://www.cmegroup.com/delivery_reports/Gold_Stocks.xls,2026-09-02T09:02:06.124155,daily,B,COMEX gold warehouse stocks loaded from gold_inventory.csv
2026-05-23,comex_inventory,849.0,ton,手动维护-COMEX,https://www.cmegroup.com/delivery_reports/Gold_Stocks.xls,2026-09-02T09:02:06.124155,daily,B,COMEX gold warehouse stocks loaded from gold_inventory.csv
2026-05-24,comex_inventory,850.5,ton,手动维护-COMEX,https://www.cmegroup.com/delivery_reports/Gold_Stocks.xls,2026-09-02T09:02:06.125156,daily,B,COMEX gold warehouse stocks loaded from gold_inventory.csv
2026-05-25,comex_inventory,838.0,ton,手动维护-COMEX,https://www.cmegroup.com/delivery_reports/Gold_Stocks.xls,2026-09-02T09:02:06.125156,daily,B,COMEX gold warehouse stocks loaded from gold_inventory.csv
2026-05-26,comex_inventory,845.5,ton,手动维护-COMEX,https://www.cmegroup.com/delivery_reports/Gold_Stocks.xls,2026-09-02T09:02:06.125156,daily,B,COMEX gold warehouse stocks loaded from gold_inventory.csv
2026-05-27,comex_inventory,844.0,ton,手动维护-COMEX,https://www.cmegroup.com/delivery_reports/Gold_Stocks.xls,2026-09-02T09:02:06.125156,daily,B,COMEX gold warehouse stocks loaded from gold_inventory.csv
2026-05-28,comex_inventory,844.5,ton,手动维护-COMEX,https://www.cmegroup.com/delivery_reports/Gold_Stocks.xls,2026-09-02T09:02:06.125156,daily,B,COMEX gold warehouse stocks loaded from gold_inventory.csv
2026-05-29,comex_inventory,839.0,ton,手动维护-COMEX,https://www.cmegroup.com/delivery_reports/Gold_Stocks.xls,2026-09-02T09:02:06.125156,daily,B,COMEX gold warehouse stocks loaded from gold_inventory.csv
2026-05-30,comex_inventory,835.5,ton,手动维护-COMEX,https://www.cmegroup.com/delivery_reports/Gold_Stocks.xls,2026-09-02T09:02:06.125156,daily,B,COMEX gold warehouse stocks loaded from gold_inventory.csv
2026-05-31,comex_inventory,837.0,ton,手动维护-COMEX,https://www.cmegroup.com/delivery_reports/Gold_Stocks.xls,2026-09-02T09:02:06.125156,daily,B,COMEX gold warehouse stocks loaded from gold_inventory.csv
2026-06-01,comex_inventory,844.5,ton,手动维护-COMEX,https://www.cmegroup.com/delivery_reports/Gold_Stocks.xls,2026-09-02T09:02:06.125156,daily,B,COMEX gold warehouse stocks loaded from gold_inventory.csv
2026-06-02,comex_inventory,847.0,ton,手动维护-COMEX,https://www.cmegroup.com/delivery_reports/Gold_Stocks.xls,2026-09-02T09:02:06.125156,daily,B,COMEX gold warehouse stocks loaded from gold_inventory.csv
2026-06-03,comex_inventory,843.5,ton,手动维护-COMEX,https://www.cmegroup.com/delivery_reports/Gold_Stocks.xls,2026-09-02T09:02:06.125156,daily,B,COMEX gold warehouse stocks loaded from gold_inventory.csv
2026-06-04,comex_inventory,838.0,ton,手动维护-COMEX,https://www.cmegroup.com/delivery_reports/Gold_Stocks.xls,2026-09-02T09:02:06.125156,daily,B,COMEX gold warehouse stocks loaded from gold_inventory.csv
2026-06-05,comex_inventory,843.0,ton,手动维护-COMEX,https://www.cmegroup.com/delivery_reports/Gold_Stocks.xls,2026-09-02T09:02:06.125156,daily,B,COMEX gold warehouse stocks loaded from gold_inventory.csv
2026-06-06,comex_inventory,844.0,ton,手动维护-COMEX,https://www.cmegroup.com/delivery_reports/Gold_Stocks.xls,2026-09-02T09:02:06.126160,daily,B,COMEX gold warehouse stocks loaded from gold_inventory.csv
2026-06-07,comex_inventory,839.0,ton,手动维护-COMEX,https://www.cmegroup.com/delivery_reports/Gold_Stocks.xls,2026-09-02T09:02:06.126160,daily,B,COMEX gold warehouse stocks loaded from gold_inventory.csv
2026-06-08,comex_inventory,846.0,ton,手动维护-COMEX,https://www.cmegroup.com/delivery_reports/Gold_Stocks.xls,2026-09-02T09:02:06.126160,daily,B,COMEX gold warehouse stocks loaded from gold_inventory.csv
2026-06-09,comex_inventory,834.0,ton,手动维护-COMEX,https://www.cmegroup.com/delivery_reports/Gold_Stocks.xls,2026-09-02T09:02:06.126160,daily,B,COMEX gold warehouse stocks loaded from gold_inventory.csv
2026-06-10,comex_inventory,845.0,ton,手动维护-COMEX,https://www.cmegroup.com/delivery_reports/Gold_Stocks.xls,2026-09-02T09:02:06.126160,daily,B,COMEX gold warehouse stocks loaded from gold_inventory.csv
2026-06-11,comex_inventory,832.0,ton,手动维护-COMEX,https://www.cmegroup.com/delivery_reports/Gold_Stocks.xls,2026-09-02T09:02:06.126160,daily,B,COMEX gold warehouse stocks loaded from gold_inventory.csv
2026-06-12,comex_inventory,835.0,ton,手动维护-COMEX,https://www.cmegroup.com/delivery_reports/Gold_Stocks.xls,2026-09-02T09:02:06.126160,daily,B,COMEX gold warehouse stocks loaded from gold_inventory.csv
2026-06-13,comex_inventory,833.0,ton,手动维护-COMEX,https://www.cmegroup.com/delivery_reports/Gold_Stocks.xls,2026-09-02T09:02:06.126685,daily,B,COMEX gold warehouse stocks loaded from gold_inventory.csv
2026-06-14,comex_inventory,839.0,ton,手动维护-COMEX,https://www.cmegroup.com/delivery_reports/Gold_Stocks.xls,2026-09-02T09:02:06.126685,daily,B,COMEX gold warehouse stocks loaded from gold_inventory.csv
2026-06-15,comex_inventory,835.0,ton,手动维护-COMEX,https://www.cmegroup.com/delivery_reports/Gold_Stocks.xls,2026-09-02T09:02:06.126685,daily,B,COMEX gold warehouse stocks loaded from gold_inventory.csv
2026-06-16,comex_inventory,833.0,ton,手动维护-COMEX,https://www.cmegroup.com/delivery_reports/Gold_Stocks.xls,2026-09-02T09:02:06.126685,daily,B,COMEX gold warehouse stocks loaded from gold_inventory.csv
2026-06-17,comex_inventory,845.0,ton,手动维护-COMEX,https://www.cmegroup.com/delivery_reports/Gold_Stocks.xls,2026-09-02T09:02:06.126685,daily,B,COMEX gold warehouse stocks loaded from gold_inventory.csv
2026-06-18,comex_inventory,837.0,ton,手动维护-COMEX,https://www.cmegroup.com/delivery_reports/Gold_Stocks.xls,2026-09-02T09:02:06.126685,daily,B,COMEX gold warehouse stocks loaded from gold_inventory.csv
2026-06-19,comex_inventory,837.0,ton,手动维护-COMEX,https://www.cmegroup.com/delivery_reports/Gold_Stocks.xls,2026-09-02T09:02:06.126685,daily,B,COMEX gold warehouse stocks loaded from gold_inventory.csv
2026-06-20,comex_inventory,841.0,ton,手动维护-COMEX,https://www.cmegroup.com/delivery_reports/Gold_Stocks.xls,2026-09-02T09:02:06.126685,daily,B,COMEX gold warehouse stocks loaded from gold_inventory.csv
2026-06-21,comex_inventory,835.0,ton,手动维护-COMEX,https://www.cmegroup.com/delivery_reports/Gold_Stocks.xls,2026-09-02T09:02:06.126685,daily,B,COMEX gold warehouse stocks loaded from gold_inventory.csv
2026-06-22,comex_inventory,837.0,ton,手动维护-COMEX,https://www.cmegroup.com/delivery_reports/Gold_Stocks.xls,2026-09-02T09:02:06.126685,daily,B,COMEX gold warehouse stocks loaded from gold_inventory.csv
2026-06-23,comex_inventory,844.0,ton,手动维护-COMEX,https://www.cmegroup.com/delivery_reports/Gold_Stocks.xls,2026-09-02T09:02:06.126685,daily,B,COMEX gold warehouse stocks loaded from gold_inventory.csv
2026-06-24,comex_inventory,846.0,ton,手动维护-COMEX,https://www.cmegroup.com/delivery_reports/Gold_Stocks.xls,2026-09-02T09:02:06.126685,daily,B,COMEX gold warehouse stocks loaded from gold_inventory.csv
2026-06-25,comex_inventory,833.0,ton,手动维护-COMEX,https://www.cmegroup.com/delivery_reports/Gold_Stocks.xls,2026-09-02T09:02:06.126685,daily,B,COMEX gold warehouse stocks loaded from gold_inventory.csv
2026-06-26,comex_inventory,841.0,ton,手动维护-COMEX,https://www.cmegroup.com/delivery_reports/Gold_Stocks.xls,2026-09-02T09:02:06.127684,daily,B,COMEX gold warehouse stocks loaded from gold_inventory.csv
2026-06-27,comex_inventory,843.0,ton,手动维护-COMEX,https://www.cmegroup.com/delivery_reports/Gold_Stocks.xls,2026-09-02T09:02:06.127684,daily,B,COMEX gold warehouse stocks loaded from gold_inventory.csv
2026-06-28,comex_inventory,833.0,ton,手动维护-COMEX,https://www.cmegroup.com/delivery_reports/Gold_Stocks.xls,2026-09-02T09:02:06.127684,daily,B,COMEX gold warehouse stocks loaded from gold_inventory.csv
2026-06-29,comex_inventory,841.0,ton,手动维护-COMEX,https://www.cmegroup.com/delivery_reports/Gold_Stocks.xls,2026-09-02T09:02:06.127684,daily,B,COMEX gold warehouse stocks loaded from gold_inventory.csv
2026-06-30,comex_inventory,845.0,ton,手动维护-COMEX,https://www.cmegroup.com/delivery_reports/Gold_Stocks.xls,2026-09-02T09:02:06.127684,daily,B,COMEX gold warehouse stocks loaded from gold_inventory.csv
2026-07-01,comex_inventory,835.0,ton,手动维护-COMEX,https://www.cmegroup.com/delivery_reports/Gold_Stocks.xls,2026-09-02T09:02:06.127684,daily,B,COMEX gold warehouse stocks loaded from gold_inventory.csv
2026-07-02,comex_inventory,845.0,ton,手动维护-COMEX,https://www.cmegroup.com/delivery_reports/Gold_Stocks.xls,2026-09-02T09:02:06.127684,daily,B,COMEX gold warehouse stocks loaded from gold_inventory.csv
2026-07-03,comex_inventory,846.0,ton,手动维护-COMEX,https://www.cmegroup.com/delivery_reports/Gold_Stocks.xls,2026-09-02T09:02:06.127684,daily,B,COMEX gold warehouse stocks loaded from gold_inventory.csv
2026-07-04,comex_inventory,847.0,ton,手动维护-COMEX,https://www.cmegroup.com/delivery_reports/Gold_Stocks.xls,2026-09-02T09:02:06.127684,daily,B,COMEX gold warehouse stocks loaded from gold_inventory.csv
2026-07-05,comex_inventory,846.0,ton,手动维护-COMEX,https://www.cmegroup.com/delivery_reports/Gold_Stocks.xls,2026-09-02T09:02:06.127684,daily,B,COMEX gold warehouse stocks loaded from gold_inventory.csv
2026-07-06,comex_inventory,839.0,ton,手动维护-COMEX,https://www.cmegroup.com/delivery_reports/Gold_Stocks.xls,2026-09-02T09:02:06.127684,daily,B,COMEX gold warehouse stocks loaded from gold_inventory.csv
2026-07-07,comex_inventory,845.0,ton,手动维护-COMEX,https://www.cmegroup.com/delivery_reports/Gold_Stocks.xls,2026-09-02T09:02:06.127684,daily,B,COMEX gold warehouse stocks loaded from gold_inventory.csv
2026-07-08,comex_inventory,838.0,ton,手动维护-COMEX,https://www.cmegroup.com/delivery_reports/Gold_Stocks.xls,2026-09-02T09:02:06.128689,daily,B,COMEX gold warehouse stocks loaded from gold_inventory.csv
2026-07-09,comex_inventory,843.0,ton,手动维护-COMEX,https://www.cmegroup.com/delivery_reports/Gold_Stocks.xls,2026-09-02T09:02:06.128689,daily,B,COMEX gold warehouse stocks loaded from gold_inventory.csv
2026-07-10,comex_inventory,840.0,ton,手动维护-COMEX,https://www.cmegroup.com/delivery_reports/Gold_Stocks.xls,2026-09-02T09:02:06.128689,daily,B,COMEX gold warehouse stocks loaded from gold_inventory.csv
2026-07-11,comex_inventory,845.0,ton,手动维护-COMEX,https://www.cmegroup.com/delivery_reports/Gold_Stocks.xls,2026-09-02T09:02:06.128689,daily,B,COMEX gold warehouse stocks loaded from gold_inventory.csv
2026-07-12,comex_inventory,839.0,ton,手动维护-COMEX,https://www.cmegroup.com/delivery_reports/Gold_Stocks.xls,2026-09-02T09:02:06.128689,daily,B,COMEX gold warehouse stocks loaded from gold_inventory.csv
2026-07-13,comex_inventory,836.0,ton,手动维护-COMEX,https://www.cmegroup.com/delivery_reports/Gold_Stocks.xls,2026-09-02T09:02:06.128689,daily,B,COMEX gold warehouse stocks loaded from gold_inventory.csv
2026-07-14,comex_inventory,841.35,ton,手动维护-COMEX,https://www.cmegroup.com/delivery_reports/Gold_Stocks.xls,2026-09-02T09:02:06.129200,daily,B,COMEX gold warehouse stocks loaded from gold_inventory.csv
2026-07-15,comex_inventory,841.66,ton,手动维护-COMEX,https://www.cmegroup.com/delivery_reports/Gold_Stocks.xls,2026-09-02T09:02:06.129218,daily,B,COMEX gold warehouse stocks loaded from gold_inventory.csv
2026-07-16,comex_inventory,841.82,ton,手动维护-COMEX,https://www.cmegroup.com/delivery_reports/Gold_Stocks.xls,2026-09-02T09:02:06.129218,daily,B,COMEX gold warehouse stocks loaded from gold_inventory.csv
2026-07-17,comex_inventory,841.99,ton,手动维护-COMEX,https://www.cmegroup.com/delivery_reports/Gold_Stocks.xls,2026-09-02T09:02:06.129218,daily,B,COMEX gold warehouse stocks loaded from gold_inventory.csv
2026-07-20,comex_inventory,841.99,ton,手动维护-COMEX,https://www.cmegroup.com/delivery_reports/Gold_Stocks.xls,2026-09-02T09:02:06.129218,daily,B,COMEX gold warehouse stocks loaded from gold_inventory.csv
2026-07-21,comex_inventory,841.95,ton,手动维护-COMEX,https://www.cmegroup.com/delivery_reports/Gold_Stocks.xls,2026-09-02T09:02:06.129218,daily,B,COMEX gold warehouse stocks loaded from gold_inventory.csv
2026-07-22,comex_inventory,840.04,ton,手动维护-COMEX,https://www.cmegroup.com/delivery_reports/Gold_Stocks.xls,2026-09-02T09:02:06.129218,daily,B,COMEX gold warehouse stocks loaded from gold_inventory.csv
2026-07-23,comex_inventory,840.34,ton,手动维护-COMEX,https://www.cmegroup.com/delivery_reports/Gold_Stocks.xls,2026-09-02T09:02:06.129218,daily,B,COMEX gold warehouse stocks loaded from gold_inventory.csv
2026-07-24,comex_inventory,840.61,ton,手动维护-COMEX,https://www.cmegroup.com/delivery_reports/Gold_Stocks.xls,2026-09-02T09:02:06.129218,daily,B,COMEX gold warehouse stocks loaded from gold_inventory.csv
2026-07-27,comex_inventory,840.61,ton,手动维护-COMEX,https://www.cmegroup.com/delivery_reports/Gold_Stocks.xls,2026-09-02T09:02:06.129218,daily,B,COMEX gold warehouse stocks loaded from gold_inventory.csv
2026-07-28,comex_inventory,840.59,ton,手动维护-COMEX,https://www.cmegroup.com/delivery_reports/Gold_Stocks.xls,2026-09-02T09:02:06.129218,daily,B,COMEX gold warehouse stocks loaded from gold_inventory.csv
2026-07-29,comex_inventory,840.96,ton,手动维护-COMEX,https://www.cmegroup.com/delivery_reports/Gold_Stocks.xls,2026-09-02T09:02:06.129218,daily,B,COMEX gold warehouse stocks loaded from gold_inventory.csv
2026-07-30,comex_inventory,840.96,ton,手动维护-COMEX,https://www.cmegroup.com/delivery_reports/Gold_Stocks.xls,2026-09-02T09:02:06.129218,daily,B,COMEX gold warehouse stocks loaded from gold_inventory.csv
2026-07-31,comex_inventory,840.67,ton,手动维护-COMEX,https://www.cmegroup.com/delivery_reports/Gold_Stocks.xls,2026-09-02T09:02:06.130211,daily,B,COMEX gold warehouse stocks loaded from gold_inventory.csv
2026-08-03,comex_inventory,840.67,ton,手动维护-COMEX,https://www.cmegroup.com/delivery_reports/Gold_Stocks.xls,2026-09-02T09:02:06.130211,daily,B,COMEX gold warehouse stocks loaded from gold_inventory.csv
2026-08-04,comex_inventory,840.67,ton,手动维护-COMEX,https://www.cmegroup.com/delivery_reports/Gold_Stocks.xls,2026-09-02T09:02:06.130211,daily,B,COMEX gold warehouse stocks loaded from gold_inventory.csv
2026-08-05,comex_inventory,840.67,ton,手动维护-COMEX,https://www.cmegroup.com/delivery_reports/Gold_Stocks.xls,2026-09-02T09:02:06.130211,daily,B,COMEX gold warehouse stocks loaded from gold_inventory.csv
2025-05-26,dxy,98.93,index,Yahoo Finance,https://finance.yahoo.com/quote/DX-Y.NYB,2026-06-30T10:00:50.952226,daily,B,
2025-05-27,dxy,99.52,index,Yahoo Finance,https://finance.yahoo.com/quote/DX-Y.NYB,2026-07-01T21:05:08.343285,daily,B,
2025-05-28,dxy,99.88,index,Yahoo Finance,https://finance.yahoo.com/quote/DX-Y.NYB,2026-07-02T02:44:43.693584,daily,B,
2025-05-29,dxy,99.28,index,Yahoo Finance,https://finance.yahoo.com/quote/DX-Y.NYB,2026-07-03T08:41:00.928154,daily,B,
2025-05-30,dxy,99.33,index,Yahoo Finance,https://finance.yahoo.com/quote/DX-Y.NYB,2026-07-04T00:04:13.166643,daily,B,
2025-06-02,dxy,98.7,index,Yahoo Finance,https://finance.yahoo.com/quote/DX-Y.NYB,2026-07-07T00:05:04.553316,daily,B,
2025-06-03,dxy,99.25,index,Yahoo Finance,https://finance.yahoo.com/quote/DX-Y.NYB,2026-07-08T00:02:20.429387,daily,B,
2025-06-04,dxy,98.79,index,Yahoo Finance,https://finance.yahoo.com/quote/DX-Y.NYB,2026-07-09T00:04:36.809504,daily,B,
2025-06-05,dxy,98.74,index,Yahoo Finance,https://finance.yahoo.com/quote/DX-Y.NYB,2026-07-10T00:03:37.852179,daily,B,
2025-06-06,dxy,99.19,index,Yahoo Finance,https://finance.yahoo.com/quote/DX-Y.NYB,2026-07-11T00:04:57.195111,daily,B,
2025-06-09,dxy,98.94,index,Yahoo Finance,https://finance.yahoo.com/quote/DX-Y.NYB,2026-07-14T00:02:56.872655,daily,B,
2025-06-10,dxy,99.05,index,Yahoo Finance,https://finance.yahoo.com/quote/DX-Y.NYB,2026-07-15T00:05:04.612421,daily,B,
2025-06-11,dxy,98.63,index,Yahoo Finance,https://finance.yahoo.com/quote/DX-Y.NYB,2026-07-16T08:19:09.143603,daily,B,
2025-06-12,dxy,97.92,index,Yahoo Finance,https://finance.yahoo.com/quote/DX-Y.NYB,2026-07-17T08:35:22.282598,daily,B,
2025-06-13,dxy,98.18,index,Yahoo Finance,https://finance.yahoo.com/quote/DX-Y.NYB,2026-07-18T00:03:11.973091,daily,B,
2025-06-16,dxy,98.0,index,Yahoo Finance,https://finance.yahoo.com/quote/DX-Y.NYB,2026-07-21T00:04:24.975875,daily,B,
2025-06-17,dxy,98.82,index,Yahoo Finance,https://finance.yahoo.com/quote/DX-Y.NYB,2026-07-22T00:04:55.028056,daily,B,
2025-06-18,dxy,98.91,index,Yahoo Finance,https://finance.yahoo.com/quote/DX-Y.NYB,2026-07-23T00:07:57.590707,daily,B,
2025-06-20,dxy,98.71,index,Yahoo Finance,https://finance.yahoo.com/quote/DX-Y.NYB,2026-07-25T00:03:04.412254,daily,B,
2025-06-23,dxy,98.42,index,Yahoo Finance,https://finance.yahoo.com/quote/DX-Y.NYB,2026-07-28T00:03:05.033213,daily,B,
2025-06-24,dxy,97.86,index,Yahoo Finance,https://finance.yahoo.com/quote/DX-Y.NYB,2026-07-29T00:04:17.690368,daily,B,
2025-06-25,dxy,97.68,index,Yahoo Finance,https://finance.yahoo.com/quote/DX-Y.NYB,2026-07-30T00:05:49.362148,daily,B,
2025-06-26,dxy,97.15,index,Yahoo Finance,https://finance.yahoo.com/quote/DX-Y.NYB,2026-07-31T08:47:45.197674,daily,B,
2025-06-27,dxy,97.4,index,Yahoo Finance,https://finance.yahoo.com/quote/DX-Y.NYB,2026-08-01T00:07:13.209038,daily,B,
2025-06-30,dxy,96.88,index,Yahoo Finance,https://finance.yahoo.com/quote/DX-Y.NYB,2026-08-04T00:03:10.994635,daily,B,
2025-07-01,dxy,96.82,index,Yahoo Finance,https://finance.yahoo.com/quote/DX-Y.NYB,2026-08-05T00:04:59.385182,daily,B,
2025-07-02,dxy,96.78,index,Yahoo Finance,https://finance.yahoo.com/quote/DX-Y.NYB,2026-08-06T08:59:05.869749,daily,B,
2025-07-03,dxy,97.18,index,Yahoo Finance,https://finance.yahoo.com/quote/DX-Y.NYB,2026-08-07T00:05:40.058911,daily,B,
2025-07-07,dxy,97.48,index,Yahoo Finance,https://finance.yahoo.com/quote/DX-Y.NYB,2026-08-11T00:07:13.310225,daily,B,
2025-07-08,dxy,97.51,index,Yahoo Finance,https://finance.yahoo.com/quote/DX-Y.NYB,2026-08-12T00:01:34.716471,daily,B,
2025-07-09,dxy,97.47,index,Yahoo Finance,https://finance.yahoo.com/quote/DX-Y.NYB,2026-08-13T09:14:29.926797,daily,B,
2025-07-10,dxy,97.65,index,Yahoo Finance,https://finance.yahoo.com/quote/DX-Y.NYB,2026-08-14T00:03:30.886386,daily,B,
2025-07-11,dxy,97.85,index,Yahoo Finance,https://finance.yahoo.com/quote/DX-Y.NYB,2026-08-15T00:03:52.342025,daily,B,
2025-07-14,dxy,98.08,index,Yahoo Finance,https://finance.yahoo.com/quote/DX-Y.NYB,2026-08-18T00:05:14.842789,daily,B,
2025-07-15,dxy,98.62,index,Yahoo Finance,https://finance.yahoo.com/quote/DX-Y.NYB,2026-08-19T00:06:07.723205,daily,B,
2025-07-16,dxy,98.39,index,Yahoo Finance,https://finance.yahoo.com/quote/DX-Y.NYB,2026-08-20T08:38:00.625168,daily,B,
2025-07-17,dxy,98.73,index,Yahoo Finance,https://finance.yahoo.com/quote/DX-Y.NYB,2026-08-21T00:03:48.980327,daily,B,
2025-07-18,dxy,98.48,index,Yahoo Finance,https://finance.yahoo.com/quote/DX-Y.NYB,2026-08-22T00:05:56.291748,daily,B,
2025-07-21,dxy,97.85,index,Yahoo Finance,https://finance.yahoo.com/quote/DX-Y.NYB,2026-08-25T08:47:49.714873,daily,B,
2025-07-22,dxy,97.39,index,Yahoo Finance,https://finance.yahoo.com/quote/DX-Y.NYB,2026-08-25T08:47:49.714873,daily,B,
2025-07-23,dxy,97.21,index,Yahoo Finance,https://finance.yahoo.com/quote/DX-Y.NYB,2026-08-27T09:48:29.105357,daily,B,
2025-07-24,dxy,97.38,index,Yahoo Finance,https://finance.yahoo.com/quote/DX-Y.NYB,2026-08-27T09:48:29.105357,daily,B,
2025-07-25,dxy,97.65,index,Yahoo Finance,https://finance.yahoo.com/quote/DX-Y.NYB,2026-08-27T09:48:29.105357,daily,B,
2025-07-28,dxy,98.66,index,Yahoo Finance,https://finance.yahoo.com/quote/DX-Y.NYB,2026-08-31T08:35:44.438102,daily,B,
2025-07-29,dxy,98.91,index,Yahoo Finance,https://finance.yahoo.com/quote/DX-Y.NYB,2026-09-02T09:01:52.508331,daily,B,
2025-07-30,dxy,99.94,index,Yahoo Finance,https://finance.yahoo.com/quote/DX-Y.NYB,2026-09-02T09:01:52.508331,daily,B,
2025-07-31,dxy,100.03,index,Yahoo Finance,https://finance.yahoo.com/quote/DX-Y.NYB,2026-09-02T09:01:52.508331,daily,B,
2025-08-01,dxy,98.69,index,Yahoo Finance,https://finance.yahoo.com/quote/DX-Y.NYB,2026-09-02T09:01:52.508331,daily,B,
2025-08-04,dxy,98.78,index,Yahoo Finance,https://finance.yahoo.com/quote/DX-Y.NYB,2026-09-02T09:01:52.508331,daily,B,
2025-08-05,dxy,98.78,index,Yahoo Finance,https://finance.yahoo.com/quote/DX-Y.NYB,2026-09-02T09:01:52.509334,daily,B,
2025-08-06,dxy,98.18,index,Yahoo Finance,https://finance.yahoo.com/quote/DX-Y.NYB,2026-09-02T09:01:52.509334,daily,B,
2025-08-07,dxy,98.4,index,Yahoo Finance,https://finance.yahoo.com/quote/DX-Y.NYB,2026-09-02T09:01:52.509334,daily,B,
2025-08-08,dxy,98.18,index,Yahoo Finance,https://finance.yahoo.com/quote/DX-Y.NYB,2026-09-02T09:01:52.509334,daily,B,
2025-08-11,dxy,98.52,index,Yahoo Finance,https://finance.yahoo.com/quote/DX-Y.NYB,2026-09-02T09:01:52.509334,daily,B,
2025-08-12,dxy,98.1,index,Yahoo Finance,https://finance.yahoo.com/quote/DX-Y.NYB,2026-09-02T09:01:52.509334,daily,B,
2025-08-13,dxy,97.84,index,Yahoo Finance,https://finance.yahoo.com/quote/DX-Y.NYB,2026-09-02T09:01:52.509334,daily,B,
2025-08-14,dxy,98.25,index,Yahoo Finance,https://finance.yahoo.com/quote/DX-Y.NYB,2026-09-02T09:01:52.509334,daily,B,
2025-08-15,dxy,97.85,index,Yahoo Finance,https://finance.yahoo.com/quote/DX-Y.NYB,2026-09-02T09:01:52.509334,daily,B,
2025-08-18,dxy,98.17,index,Yahoo Finance,https://finance.yahoo.com/quote/DX-Y.NYB,2026-09-02T09:01:52.509334,daily,B,
2025-08-19,dxy,98.27,index,Yahoo Finance,https://finance.yahoo.com/quote/DX-Y.NYB,2026-09-02T09:01:52.509334,daily,B,
2025-08-20,dxy,98.22,index,Yahoo Finance,https://finance.yahoo.com/quote/DX-Y.NYB,2026-09-02T09:01:52.509334,daily,B,
2025-08-21,dxy,98.62,index,Yahoo Finance,https://finance.yahoo.com/quote/DX-Y.NYB,2026-09-02T09:01:52.510331,daily,B,
2025-08-22,dxy,97.72,index,Yahoo Finance,https://finance.yahoo.com/quote/DX-Y.NYB,2026-09-02T09:01:52.510331,daily,B,
2025-08-25,dxy,98.43,index,Yahoo Finance,https://finance.yahoo.com/quote/DX-Y.NYB,2026-09-02T09:01:52.510331,daily,B,
2025-08-26,dxy,98.23,index,Yahoo Finance,https://finance.yahoo.com/quote/DX-Y.NYB,2026-09-02T09:01:52.510331,daily,B,
2025-08-27,dxy,98.23,index,Yahoo Finance,https://finance.yahoo.com/quote/DX-Y.NYB,2026-09-02T09:01:52.510331,daily,B,
2025-08-28,dxy,97.81,index,Yahoo Finance,https://finance.yahoo.com/quote/DX-Y.NYB,2026-09-02T09:01:52.510331,daily,B,
2025-08-29,dxy,97.77,index,Yahoo Finance,https://finance.yahoo.com/quote/DX-Y.NYB,2026-09-02T09:01:52.510331,daily,B,
2025-09-02,dxy,98.4,index,Yahoo Finance,https://finance.yahoo.com/quote/DX-Y.NYB,2026-09-02T09:01:52.510331,daily,B,
2025-09-03,dxy,98.14,index,Yahoo Finance,https://finance.yahoo.com/quote/DX-Y.NYB,2026-09-02T09:01:52.510331,daily,B,
2025-09-04,dxy,98.35,index,Yahoo Finance,https://finance.yahoo.com/quote/DX-Y.NYB,2026-09-02T09:01:52.510331,daily,B,
2025-09-05,dxy,97.77,index,Yahoo Finance,https://finance.yahoo.com/quote/DX-Y.NYB,2026-09-02T09:01:52.510331,daily,B,
2025-09-08,dxy,97.45,index,Yahoo Finance,https://finance.yahoo.com/quote/DX-Y.NYB,2026-09-02T09:01:52.510331,daily,B,
2025-09-09,dxy,97.79,index,Yahoo Finance,https://finance.yahoo.com/quote/DX-Y.NYB,2026-09-02T09:01:52.511333,daily,B,
2025-09-10,dxy,97.78,index,Yahoo Finance,https://finance.yahoo.com/quote/DX-Y.NYB,2026-09-02T09:01:52.511333,daily,B,
2025-09-11,dxy,97.54,index,Yahoo Finance,https://finance.yahoo.com/quote/DX-Y.NYB,2026-09-02T09:01:52.511333,daily,B,
2025-09-12,dxy,97.55,index,Yahoo Finance,https://finance.yahoo.com/quote/DX-Y.NYB,2026-09-02T09:01:52.511333,daily,B,
2025-09-15,dxy,97.3,index,Yahoo Finance,https://finance.yahoo.com/quote/DX-Y.NYB,2026-09-02T09:01:52.511333,daily,B,
2025-09-16,dxy,96.63,index,Yahoo Finance,https://finance.yahoo.com/quote/DX-Y.NYB,2026-09-02T09:01:52.511333,daily,B,
2025-09-17,dxy,96.87,index,Yahoo Finance,https://finance.yahoo.com/quote/DX-Y.NYB,2026-09-02T09:01:52.511333,daily,B,
2025-09-18,dxy,97.35,index,Yahoo Finance,https://finance.yahoo.com/quote/DX-Y.NYB,2026-09-02T09:01:52.511333,daily,B,
2025-09-19,dxy,97.64,index,Yahoo Finance,https://finance.yahoo.com/quote/DX-Y.NYB,2026-09-02T09:01:52.511333,daily,B,
2025-09-22,dxy,97.33,index,Yahoo Finance,https://finance.yahoo.com/quote/DX-Y.NYB,2026-09-02T09:01:52.511333,daily,B,
2025-09-23,dxy,97.26,index,Yahoo Finance,https://finance.yahoo.com/quote/DX-Y.NYB,2026-09-02T09:01:52.511333,daily,B,
2025-09-24,dxy,97.87,index,Yahoo Finance,https://finance.yahoo.com/quote/DX-Y.NYB,2026-09-02T09:01:52.511333,daily,B,
2025-09-25,dxy,98.55,index,Yahoo Finance,https://finance.yahoo.com/quote/DX-Y.NYB,2026-09-02T09:01:52.511333,daily,B,
2025-09-26,dxy,98.15,index,Yahoo Finance,https://finance.yahoo.com/quote/DX-Y.NYB,2026-09-02T09:01:52.512334,daily,B,
2025-09-29,dxy,97.91,index,Yahoo Finance,https://finance.yahoo.com/quote/DX-Y.NYB,2026-09-02T09:01:52.512334,daily,B,
2025-09-30,dxy,97.77,index,Yahoo Finance,https://finance.yahoo.com/quote/DX-Y.NYB,2026-09-02T09:01:52.512334,daily,B,
2025-10-01,dxy,97.71,index,Yahoo Finance,https://finance.yahoo.com/quote/DX-Y.NYB,2026-09-02T09:01:52.512334,daily,B,
2025-10-02,dxy,97.85,index,Yahoo Finance,https://finance.yahoo.com/quote/DX-Y.NYB,2026-09-02T09:01:52.512334,daily,B,
2025-10-03,dxy,97.72,index,Yahoo Finance,https://finance.yahoo.com/quote/DX-Y.NYB,2026-09-02T09:01:52.512334,daily,B,
2025-10-06,dxy,98.11,index,Yahoo Finance,https://finance.yahoo.com/quote/DX-Y.NYB,2026-09-02T09:01:52.512849,daily,B,
2025-10-07,dxy,98.58,index,Yahoo Finance,https://finance.yahoo.com/quote/DX-Y.NYB,2026-09-02T09:01:52.512849,daily,B,
2025-10-08,dxy,98.85,index,Yahoo Finance,https://finance.yahoo.com/quote/DX-Y.NYB,2026-09-02T09:01:52.512849,daily,B,
2025-10-09,dxy,99.54,index,Yahoo Finance,https://finance.yahoo.com/quote/DX-Y.NYB,2026-09-02T09:01:52.512849,daily,B,
2025-10-10,dxy,98.98,index,Yahoo Finance,https://finance.yahoo.com/quote/DX-Y.NYB,2026-09-02T09:01:52.512849,daily,B,
2025-10-13,dxy,99.27,index,Yahoo Finance,https://finance.yahoo.com/quote/DX-Y.NYB,2026-09-02T09:01:52.512849,daily,B,
2025-10-14,dxy,99.05,index,Yahoo Finance,https://finance.yahoo.com/quote/DX-Y.NYB,2026-09-02T09:01:52.512849,daily,B,
2025-10-15,dxy,98.79,index,Yahoo Finance,https://finance.yahoo.com/quote/DX-Y.NYB,2026-09-02T09:01:52.512849,daily,B,
2025-10-16,dxy,98.39,index,Yahoo Finance,https://finance.yahoo.com/quote/DX-Y.NYB,2026-09-02T09:01:52.512849,daily,B,
2025-10-17,dxy,98.43,index,Yahoo Finance,https://finance.yahoo.com/quote/DX-Y.NYB,2026-09-02T09:01:52.512849,daily,B,
2025-10-20,dxy,98.59,index,Yahoo Finance,https://finance.yahoo.com/quote/DX-Y.NYB,2026-09-02T09:01:52.512849,daily,B,
2025-10-21,dxy,98.93,index,Yahoo Finance,https://finance.yahoo.com/quote/DX-Y.NYB,2026-09-02T09:01:52.512849,daily,B,
2025-10-22,dxy,98.9,index,Yahoo Finance,https://finance.yahoo.com/quote/DX-Y.NYB,2026-09-02T09:01:52.513847,daily,B,
2025-10-23,dxy,98.94,index,Yahoo Finance,https://finance.yahoo.com/quote/DX-Y.NYB,2026-09-02T09:01:52.513847,daily,B,
2025-10-24,dxy,98.95,index,Yahoo Finance,https://finance.yahoo.com/quote/DX-Y.NYB,2026-09-02T09:01:52.513847,daily,B,
2025-10-27,dxy,98.78,index,Yahoo Finance,https://finance.yahoo.com/quote/DX-Y.NYB,2026-09-02T09:01:52.513847,daily,B,
2025-10-28,dxy,98.69,index,Yahoo Finance,https://finance.yahoo.com/quote/DX-Y.NYB,2026-09-02T09:01:52.513847,daily,B,
2025-10-29,dxy,99.22,index,Yahoo Finance,https://finance.yahoo.com/quote/DX-Y.NYB,2026-09-02T09:01:52.513847,daily,B,
2025-10-30,dxy,99.53,index,Yahoo Finance,https://finance.yahoo.com/quote/DX-Y.NYB,2026-09-02T09:01:52.513847,daily,B,
2025-10-31,dxy,99.8,index,Yahoo Finance,https://finance.yahoo.com/quote/DX-Y.NYB,2026-09-02T09:01:52.513847,daily,B,
2025-11-03,dxy,99.87,index,Yahoo Finance,https://finance.yahoo.com/quote/DX-Y.NYB,2026-09-02T09:01:52.513847,daily,B,
2025-11-04,dxy,100.22,index,Yahoo Finance,https://finance.yahoo.com/quote/DX-Y.NYB,2026-09-02T09:01:52.513847,daily,B,
2025-11-05,dxy,100.2,index,Yahoo Finance,https://finance.yahoo.com/quote/DX-Y.NYB,2026-09-02T09:01:52.513847,daily,B,
2025-11-06,dxy,99.73,index,Yahoo Finance,https://finance.yahoo.com/quote/DX-Y.NYB,2026-09-02T09:01:52.513847,daily,B,
2025-11-07,dxy,99.6,index,Yahoo Finance,https://finance.yahoo.com/quote/DX-Y.NYB,2026-09-02T09:01:52.514847,daily,B,
2025-11-10,dxy,99.62,index,Yahoo Finance,https://finance.yahoo.com/quote/DX-Y.NYB,2026-09-02T09:01:52.514847,daily,B,
2025-11-11,dxy,99.46,index,Yahoo Finance,https://finance.yahoo.com/quote/DX-Y.NYB,2026-09-02T09:01:52.514847,daily,B,
2025-11-12,dxy,99.48,index,Yahoo Finance,https://finance.yahoo.com/quote/DX-Y.NYB,2026-09-02T09:01:52.514847,daily,B,
2025-11-13,dxy,99.18,index,Yahoo Finance,https://finance.yahoo.com/quote/DX-Y.NYB,2026-09-02T09:01:52.514847,daily,B,
2025-11-14,dxy,99.27,index,Yahoo Finance,https://finance.yahoo.com/quote/DX-Y.NYB,2026-09-02T09:01:52.514847,daily,B,
2025-11-17,dxy,99.59,index,Yahoo Finance,https://finance.yahoo.com/quote/DX-Y.NYB,2026-09-02T09:01:52.514847,daily,B,
2025-11-18,dxy,99.55,index,Yahoo Finance,https://finance.yahoo.com/quote/DX-Y.NYB,2026-09-02T09:01:52.514847,daily,B,
2025-11-19,dxy,100.23,index,Yahoo Finance,https://finance.yahoo.com/quote/DX-Y.NYB,2026-09-02T09:01:52.514847,daily,B,
2025-11-20,dxy,100.16,index,Yahoo Finance,https://finance.yahoo.com/quote/DX-Y.NYB,2026-09-02T09:01:52.514847,daily,B,
2025-11-21,dxy,100.18,index,Yahoo Finance,https://finance.yahoo.com/quote/DX-Y.NYB,2026-09-02T09:01:52.514847,daily,B,
2025-11-24,dxy,100.14,index,Yahoo Finance,https://finance.yahoo.com/quote/DX-Y.NYB,2026-09-02T09:01:52.514847,daily,B,
2025-11-25,dxy,99.66,index,Yahoo Finance,https://finance.yahoo.com/quote/DX-Y.NYB,2026-09-02T09:01:52.514847,daily,B,
2025-11-26,dxy,99.6,index,Yahoo Finance,https://finance.yahoo.com/quote/DX-Y.NYB,2026-09-02T09:01:52.515849,daily,B,
2025-11-28,dxy,99.46,index,Yahoo Finance,https://finance.yahoo.com/quote/DX-Y.NYB,2026-09-02T09:01:52.515849,daily,B,
2025-12-01,dxy,99.41,index,Yahoo Finance,https://finance.yahoo.com/quote/DX-Y.NYB,2026-09-02T09:01:52.515849,daily,B,
2025-12-02,dxy,99.36,index,Yahoo Finance,https://finance.yahoo.com/quote/DX-Y.NYB,2026-09-02T09:01:52.515849,daily,B,
2025-12-03,dxy,98.85,index,Yahoo Finance,https://finance.yahoo.com/quote/DX-Y.NYB,2026-09-02T09:01:52.515849,daily,B,
2025-12-04,dxy,98.99,index,Yahoo Finance,https://finance.yahoo.com/quote/DX-Y.NYB,2026-09-02T09:01:52.515849,daily,B,
2025-12-05,dxy,98.99,index,Yahoo Finance,https://finance.yahoo.com/quote/DX-Y.NYB,2026-09-02T09:01:52.516362,daily,B,
2025-12-08,dxy,99.09,index,Yahoo Finance,https://finance.yahoo.com/quote/DX-Y.NYB,2026-09-02T09:01:52.516362,daily,B,
2025-12-09,dxy,99.22,index,Yahoo Finance,https://finance.yahoo.com/quote/DX-Y.NYB,2026-09-02T09:01:52.516362,daily,B,
2025-12-10,dxy,98.79,index,Yahoo Finance,https://finance.yahoo.com/quote/DX-Y.NYB,2026-09-02T09:01:52.516362,daily,B,
2025-12-11,dxy,98.35,index,Yahoo Finance,https://finance.yahoo.com/quote/DX-Y.NYB,2026-09-02T09:01:52.516362,daily,B,
2025-12-12,dxy,98.4,index,Yahoo Finance,https://finance.yahoo.com/quote/DX-Y.NYB,2026-09-02T09:01:52.516362,daily,B,
2025-12-15,dxy,98.15,index,Yahoo Finance,https://finance.yahoo.com/quote/DX-Y.NYB,2026-09-02T09:01:52.516362,daily,B,
2025-12-16,dxy,98.15,index,Yahoo Finance,https://finance.yahoo.com/quote/DX-Y.NYB,2026-09-02T09:01:52.516362,daily,B,
2025-12-17,dxy,98.37,index,Yahoo Finance,https://finance.yahoo.com/quote/DX-Y.NYB,2026-09-02T09:01:52.516362,daily,B,
2025-12-18,dxy,98.43,index,Yahoo Finance,https://finance.yahoo.com/quote/DX-Y.NYB,2026-09-02T09:01:52.516362,daily,B,
2025-12-19,dxy,98.6,index,Yahoo Finance,https://finance.yahoo.com/quote/DX-Y.NYB,2026-09-02T09:01:52.516362,daily,B,
2025-12-22,dxy,98.29,index,Yahoo Finance,https://finance.yahoo.com/quote/DX-Y.NYB,2026-09-02T09:01:52.516362,daily,B,
2025-12-23,dxy,97.94,index,Yahoo Finance,https://finance.yahoo.com/quote/DX-Y.NYB,2026-09-02T09:01:52.517362,daily,B,
2025-12-24,dxy,97.98,index,Yahoo Finance,https://finance.yahoo.com/quote/DX-Y.NYB,2026-09-02T09:01:52.517362,daily,B,
2025-12-26,dxy,98.02,index,Yahoo Finance,https://finance.yahoo.com/quote/DX-Y.NYB,2026-09-02T09:01:52.517362,daily,B,
2025-12-29,dxy,98.04,index,Yahoo Finance,https://finance.yahoo.com/quote/DX-Y.NYB,2026-09-02T09:01:52.517362,daily,B,
2025-12-30,dxy,98.24,index,Yahoo Finance,https://finance.yahoo.com/quote/DX-Y.NYB,2026-09-02T09:01:52.517362,daily,B,
2025-12-31,dxy,98.28,index,Yahoo Finance,https://finance.yahoo.com/quote/DX-Y.NYB,2026-09-02T09:01:52.517362,daily,B,
2026-01-02,dxy,98.42,index,Yahoo Finance,https://finance.yahoo.com/quote/DX-Y.NYB,2026-09-02T09:01:52.517362,daily,B,
2026-01-05,dxy,98.27,index,Yahoo Finance,https://finance.yahoo.com/quote/DX-Y.NYB,2026-09-02T09:01:52.517362,daily,B,
2026-01-06,dxy,98.58,index,Yahoo Finance,https://finance.yahoo.com/quote/DX-Y.NYB,2026-09-02T09:01:52.517362,daily,B,
2026-01-07,dxy,98.68,index,Yahoo Finance,https://finance.yahoo.com/quote/DX-Y.NYB,2026-09-02T09:01:52.517362,daily,B,
2026-01-08,dxy,98.93,index,Yahoo Finance,https://finance.yahoo.com/quote/DX-Y.NYB,2026-09-02T09:01:52.517362,daily,B,
2026-01-09,dxy,99.13,index,Yahoo Finance,https://finance.yahoo.com/quote/DX-Y.NYB,2026-09-02T09:01:52.517362,daily,B,
2026-01-12,dxy,98.86,index,Yahoo Finance,https://finance.yahoo.com/quote/DX-Y.NYB,2026-09-02T09:01:52.518364,daily,B,
2026-01-13,dxy,99.13,index,Yahoo Finance,https://finance.yahoo.com/quote/DX-Y.NYB,2026-09-02T09:01:52.518364,daily,B,
2026-01-14,dxy,99.13,index,Yahoo Finance,https://finance.yahoo.com/quote/DX-Y.NYB,2026-09-02T09:01:52.518364,daily,B,
2026-01-15,dxy,99.32,index,Yahoo Finance,https://finance.yahoo.com/quote/DX-Y.NYB,2026-09-02T09:01:52.518364,daily,B,
2026-01-16,dxy,99.39,index,Yahoo Finance,https://finance.yahoo.com/quote/DX-Y.NYB,2026-09-02T09:01:52.518364,daily,B,
2026-01-20,dxy,98.64,index,Yahoo Finance,https://finance.yahoo.com/quote/DX-Y.NYB,2026-09-02T09:01:52.518364,daily,B,
2026-01-21,dxy,98.76,index,Yahoo Finance,https://finance.yahoo.com/quote/DX-Y.NYB,2026-09-02T09:01:52.518878,daily,B,
2026-01-22,dxy,98.36,index,Yahoo Finance,https://finance.yahoo.com/quote/DX-Y.NYB,2026-09-02T09:01:52.518878,daily,B,
2026-01-23,dxy,97.6,index,Yahoo Finance,https://finance.yahoo.com/quote/DX-Y.NYB,2026-09-02T09:01:52.518878,daily,B,
2026-01-26,dxy,97.04,index,Yahoo Finance,https://finance.yahoo.com/quote/DX-Y.NYB,2026-09-02T09:01:52.518878,daily,B,
2026-01-27,dxy,96.22,index,Yahoo Finance,https://finance.yahoo.com/quote/DX-Y.NYB,2026-09-02T09:01:52.518878,daily,B,
2026-01-28,dxy,96.45,index,Yahoo Finance,https://finance.yahoo.com/quote/DX-Y.NYB,2026-09-02T09:01:52.518878,daily,B,
2026-01-29,dxy,96.28,index,Yahoo Finance,https://finance.yahoo.com/quote/DX-Y.NYB,2026-09-02T09:01:52.518878,daily,B,
2026-01-30,dxy,96.99,index,Yahoo Finance,https://finance.yahoo.com/quote/DX-Y.NYB,2026-09-02T09:01:52.518878,daily,B,
2026-02-02,dxy,97.61,index,Yahoo Finance,https://finance.yahoo.com/quote/DX-Y.NYB,2026-09-02T09:01:52.518878,daily,B,
2026-02-03,dxy,97.44,index,Yahoo Finance,https://finance.yahoo.com/quote/DX-Y.NYB,2026-09-02T09:01:52.518878,daily,B,
2026-02-04,dxy,97.62,index,Yahoo Finance,https://finance.yahoo.com/quote/DX-Y.NYB,2026-09-02T09:01:52.518878,daily,B,
2026-02-05,dxy,97.82,index,Yahoo Finance,https://finance.yahoo.com/quote/DX-Y.NYB,2026-09-02T09:01:52.518878,daily,B,
2026-02-06,dxy,97.63,index,Yahoo Finance,https://finance.yahoo.com/quote/DX-Y.NYB,2026-09-02T09:01:52.518878,daily,B,
2026-02-09,dxy,96.82,index,Yahoo Finance,https://finance.yahoo.com/quote/DX-Y.NYB,2026-09-02T09:01:52.519877,daily,B,
2026-02-10,dxy,96.8,index,Yahoo Finance,https://finance.yahoo.com/quote/DX-Y.NYB,2026-09-02T09:01:52.519877,daily,B,
2026-02-11,dxy,96.83,index,Yahoo Finance,https://finance.yahoo.com/quote/DX-Y.NYB,2026-09-02T09:01:52.519877,daily,B,
2026-02-12,dxy,96.93,index,Yahoo Finance,https://finance.yahoo.com/quote/DX-Y.NYB,2026-09-02T09:01:52.519877,daily,B,
2026-02-13,dxy,96.88,index,Yahoo Finance,https://finance.yahoo.com/quote/DX-Y.NYB,2026-09-02T09:01:52.519877,daily,B,
2026-02-17,dxy,97.16,index,Yahoo Finance,https://finance.yahoo.com/quote/DX-Y.NYB,2026-09-02T09:01:52.519877,daily,B,
2026-02-18,dxy,97.7,index,Yahoo Finance,https://finance.yahoo.com/quote/DX-Y.NYB,2026-09-02T09:01:52.519877,daily,B,
2026-02-19,dxy,97.93,index,Yahoo Finance,https://finance.yahoo.com/quote/DX-Y.NYB,2026-09-02T09:01:52.519877,daily,B,
2026-02-20,dxy,97.8,index,Yahoo Finance,https://finance.yahoo.com/quote/DX-Y.NYB,2026-09-02T09:01:52.519877,daily,B,
2026-02-23,dxy,97.7,index,Yahoo Finance,https://finance.yahoo.com/quote/DX-Y.NYB,2026-09-02T09:01:52.519877,daily,B,
2026-02-24,dxy,97.88,index,Yahoo Finance,https://finance.yahoo.com/quote/DX-Y.NYB,2026-09-02T09:01:52.519877,daily,B,
2026-02-25,dxy,97.7,index,Yahoo Finance,https://finance.yahoo.com/quote/DX-Y.NYB,2026-09-02T09:01:52.519877,daily,B,
2026-02-26,dxy,97.79,index,Yahoo Finance,https://finance.yahoo.com/quote/DX-Y.NYB,2026-09-02T09:01:52.520880,daily,B,
2026-02-27,dxy,97.61,index,Yahoo Finance,https://finance.yahoo.com/quote/DX-Y.NYB,2026-09-02T09:01:52.520880,daily,B,
2026-03-02,dxy,98.38,index,Yahoo Finance,https://finance.yahoo.com/quote/DX-Y.NYB,2026-09-02T09:01:52.520880,daily,B,
2026-03-03,dxy,99.05,index,Yahoo Finance,https://finance.yahoo.com/quote/DX-Y.NYB,2026-09-02T09:01:52.520880,daily,B,
2026-03-04,dxy,98.77,index,Yahoo Finance,https://finance.yahoo.com/quote/DX-Y.NYB,2026-09-02T09:01:52.520880,daily,B,
2026-03-05,dxy,99.32,index,Yahoo Finance,https://finance.yahoo.com/quote/DX-Y.NYB,2026-09-02T09:01:52.520880,daily,B,
2026-03-06,dxy,98.99,index,Yahoo Finance,https://finance.yahoo.com/quote/DX-Y.NYB,2026-09-02T09:01:52.520880,daily,B,
2026-03-09,dxy,99.18,index,Yahoo Finance,https://finance.yahoo.com/quote/DX-Y.NYB,2026-09-02T09:01:52.520880,daily,B,
2026-03-10,dxy,98.83,index,Yahoo Finance,https://finance.yahoo.com/quote/DX-Y.NYB,2026-09-02T09:01:52.521881,daily,B,
2026-03-11,dxy,99.23,index,Yahoo Finance,https://finance.yahoo.com/quote/DX-Y.NYB,2026-09-02T09:01:52.521881,daily,B,
2026-03-12,dxy,99.74,index,Yahoo Finance,https://finance.yahoo.com/quote/DX-Y.NYB,2026-09-02T09:01:52.521881,daily,B,
2026-03-13,dxy,100.36,index,Yahoo Finance,https://finance.yahoo.com/quote/DX-Y.NYB,2026-09-02T09:01:52.521881,daily,B,
2026-03-16,dxy,99.71,index,Yahoo Finance,https://finance.yahoo.com/quote/DX-Y.NYB,2026-09-02T09:01:52.521881,daily,B,
2026-03-17,dxy,99.58,index,Yahoo Finance,https://finance.yahoo.com/quote/DX-Y.NYB,2026-09-02T09:01:52.521881,daily,B,
2026-03-18,dxy,100.09,index,Yahoo Finance,https://finance.yahoo.com/quote/DX-Y.NYB,2026-09-02T09:01:52.521881,daily,B,
2026-03-19,dxy,99.23,index,Yahoo Finance,https://finance.yahoo.com/quote/DX-Y.NYB,2026-09-02T09:01:52.521881,daily,B,
2026-03-20,dxy,99.65,index,Yahoo Finance,https://finance.yahoo.com/quote/DX-Y.NYB,2026-09-02T09:01:52.521881,daily,B,
2026-03-23,dxy,98.95,index,Yahoo Finance,https://finance.yahoo.com/quote/DX-Y.NYB,2026-09-02T09:01:52.521881,daily,B,
2026-03-24,dxy,99.43,index,Yahoo Finance,https://finance.yahoo.com/quote/DX-Y.NYB,2026-09-02T09:01:52.521881,daily,B,
2026-03-25,dxy,99.6,index,Yahoo Finance,https://finance.yahoo.com/quote/DX-Y.NYB,2026-09-02T09:01:52.522786,daily,B,
2026-03-26,dxy,99.9,index,Yahoo Finance,https://finance.yahoo.com/quote/DX-Y.NYB,2026-09-02T09:01:52.522786,daily,B,
2026-03-27,dxy,100.15,index,Yahoo Finance,https://finance.yahoo.com/quote/DX-Y.NYB,2026-09-02T09:01:52.522786,daily,B,
2026-03-30,dxy,100.51,index,Yahoo Finance,https://finance.yahoo.com/quote/DX-Y.NYB,2026-09-02T09:01:52.522786,daily,B,
2026-03-31,dxy,99.96,index,Yahoo Finance,https://finance.yahoo.com/quote/DX-Y.NYB,2026-09-02T09:01:52.522786,daily,B,
2026-04-01,dxy,99.65,index,Yahoo Finance,https://finance.yahoo.com/quote/DX-Y.NYB,2026-09-02T09:01:52.523296,daily,B,
2026-04-02,dxy,100.03,index,Yahoo Finance,https://finance.yahoo.com/quote/DX-Y.NYB,2026-09-02T09:01:52.523315,daily,B,
2026-04-06,dxy,99.98,index,Yahoo Finance,https://finance.yahoo.com/quote/DX-Y.NYB,2026-09-02T09:01:52.523315,daily,B,
2026-04-07,dxy,99.64,index,Yahoo Finance,https://finance.yahoo.com/quote/DX-Y.NYB,2026-09-02T09:01:52.523315,daily,B,
2026-04-08,dxy,99.13,index,Yahoo Finance,https://finance.yahoo.com/quote/DX-Y.NYB,2026-09-02T09:01:52.523315,daily,B,
2026-04-09,dxy,98.82,index,Yahoo Finance,https://finance.yahoo.com/quote/DX-Y.NYB,2026-09-02T09:01:52.523315,daily,B,
2026-04-10,dxy,98.65,index,Yahoo Finance,https://finance.yahoo.com/quote/DX-Y.NYB,2026-09-02T09:01:52.523315,daily,B,
2026-04-13,dxy,98.37,index,Yahoo Finance,https://finance.yahoo.com/quote/DX-Y.NYB,2026-09-02T09:01:52.523315,daily,B,
2026-04-14,dxy,98.12,index,Yahoo Finance,https://finance.yahoo.com/quote/DX-Y.NYB,2026-09-02T09:01:52.523315,daily,B,
2026-04-15,dxy,98.06,index,Yahoo Finance,https://finance.yahoo.com/quote/DX-Y.NYB,2026-09-02T09:01:52.523315,daily,B,
2026-04-16,dxy,98.22,index,Yahoo Finance,https://finance.yahoo.com/quote/DX-Y.NYB,2026-09-02T09:01:52.523315,daily,B,
2026-04-17,dxy,98.1,index,Yahoo Finance,https://finance.yahoo.com/quote/DX-Y.NYB,2026-09-02T09:01:52.523315,daily,B,
2026-04-20,dxy,98.05,index,Yahoo Finance,https://finance.yahoo.com/quote/DX-Y.NYB,2026-09-02T09:01:52.523315,daily,B,
2026-04-21,dxy,98.41,index,Yahoo Finance,https://finance.yahoo.com/quote/DX-Y.NYB,2026-09-02T09:01:52.524310,daily,B,
2026-04-22,dxy,98.59,index,Yahoo Finance,https://finance.yahoo.com/quote/DX-Y.NYB,2026-09-02T09:01:52.524310,daily,B,
2026-04-23,dxy,98.8,index,Yahoo Finance,https://finance.yahoo.com/quote/DX-Y.NYB,2026-09-02T09:01:52.524310,daily,B,
2026-04-24,dxy,98.51,index,Yahoo Finance,https://finance.yahoo.com/quote/DX-Y.NYB,2026-09-02T09:01:52.524310,daily,B,
2026-04-27,dxy,98.48,index,Yahoo Finance,https://finance.yahoo.com/quote/DX-Y.NYB,2026-09-02T09:01:52.524310,daily,B,
2026-04-28,dxy,98.62,index,Yahoo Finance,https://finance.yahoo.com/quote/DX-Y.NYB,2026-09-02T09:01:52.524310,daily,B,
2026-04-29,dxy,98.92,index,Yahoo Finance,https://finance.yahoo.com/quote/DX-Y.NYB,2026-09-02T09:01:52.524310,daily,B,
2026-04-30,dxy,98.08,index,Yahoo Finance,https://finance.yahoo.com/quote/DX-Y.NYB,2026-09-02T09:01:52.524310,daily,B,
2026-05-01,dxy,98.21,index,Yahoo Finance,https://finance.yahoo.com/quote/DX-Y.NYB,2026-09-02T09:01:52.524310,daily,B,
2026-05-04,dxy,98.47,index,Yahoo Finance,https://finance.yahoo.com/quote/DX-Y.NYB,2026-09-02T09:01:52.524310,daily,B,
2026-05-05,dxy,98.48,index,Yahoo Finance,https://finance.yahoo.com/quote/DX-Y.NYB,2026-09-02T09:01:52.524310,daily,B,
2026-05-06,dxy,98.02,index,Yahoo Finance,https://finance.yahoo.com/quote/DX-Y.NYB,2026-09-02T09:01:52.524310,daily,B,
2026-05-07,dxy,98.25,index,Yahoo Finance,https://finance.yahoo.com/quote/DX-Y.NYB,2026-09-02T09:01:52.525309,daily,B,
2026-05-08,dxy,97.84,index,Yahoo Finance,https://finance.yahoo.com/quote/DX-Y.NYB,2026-09-02T09:01:52.525309,daily,B,
2026-05-11,dxy,97.94,index,Yahoo Finance,https://finance.yahoo.com/quote/DX-Y.NYB,2026-09-02T09:01:52.525309,daily,B,
2026-05-12,dxy,98.29,index,Yahoo Finance,https://finance.yahoo.com/quote/DX-Y.NYB,2026-09-02T09:01:52.525309,daily,B,
2026-05-13,dxy,98.48,index,Yahoo Finance,https://finance.yahoo.com/quote/DX-Y.NYB,2026-09-02T09:01:52.525309,daily,B,
2026-05-14,dxy,98.88,index,Yahoo Finance,https://finance.yahoo.com/quote/DX-Y.NYB,2026-09-02T09:01:52.525309,daily,B,
2026-05-15,dxy,99.27,index,Yahoo Finance,https://finance.yahoo.com/quote/DX-Y.NYB,2026-09-02T09:01:52.525309,daily,B,
2026-05-18,dxy,98.97,index,Yahoo Finance,https://finance.yahoo.com/quote/DX-Y.NYB,2026-09-02T09:01:52.525309,daily,B,
2026-05-19,dxy,99.3,index,Yahoo Finance,https://finance.yahoo.com/quote/DX-Y.NYB,2026-09-02T09:01:52.525309,daily,B,
2026-05-20,dxy,99.11,index,Yahoo Finance,https://finance.yahoo.com/quote/DX-Y.NYB,2026-09-02T09:01:52.525309,daily,B,
2026-05-21,dxy,99.19,index,Yahoo Finance,https://finance.yahoo.com/quote/DX-Y.NYB,2026-09-02T09:01:52.525309,daily,B,
2026-05-22,dxy,99.32,index,Yahoo Finance,https://finance.yahoo.com/quote/DX-Y.NYB,2026-09-02T09:01:52.525309,daily,B,
2026-05-26,dxy,99.17,index,Yahoo Finance,https://finance.yahoo.com/quote/DX-Y.NYB,2026-09-02T09:01:52.526307,daily,B,
2026-05-27,dxy,99.21,index,Yahoo Finance,https://finance.yahoo.com/quote/DX-Y.NYB,2026-09-02T09:01:52.526307,daily,B,
2026-05-28,dxy,99.02,index,Yahoo Finance,https://finance.yahoo.com/quote/DX-Y.NYB,2026-09-02T09:01:52.526307,daily,B,
2026-05-29,dxy,98.91,index,Yahoo Finance,https://finance.yahoo.com/quote/DX-Y.NYB,2026-09-02T09:01:52.526307,daily,B,
2026-06-01,dxy,99.2,index,Yahoo Finance,https://finance.yahoo.com/quote/DX-Y.NYB,2026-09-02T09:01:52.526307,daily,B,
2026-06-02,dxy,99.22,index,Yahoo Finance,https://finance.yahoo.com/quote/DX-Y.NYB,2026-09-02T09:01:52.526307,daily,B,
2026-06-03,dxy,99.53,index,Yahoo Finance,https://finance.yahoo.com/quote/DX-Y.NYB,2026-09-02T09:01:52.526307,daily,B,
2026-06-04,dxy,99.41,index,Yahoo Finance,https://finance.yahoo.com/quote/DX-Y.NYB,2026-09-02T09:01:52.526307,daily,B,
2026-06-05,dxy,100.07,index,Yahoo Finance,https://finance.yahoo.com/quote/DX-Y.NYB,2026-09-02T09:01:52.526307,daily,B,
2026-06-08,dxy,100.05,index,Yahoo Finance,https://finance.yahoo.com/quote/DX-Y.NYB,2026-09-02T09:01:52.526307,daily,B,
2026-06-09,dxy,99.91,index,Yahoo Finance,https://finance.yahoo.com/quote/DX-Y.NYB,2026-09-02T09:01:52.526307,daily,B,
2026-06-10,dxy,99.95,index,Yahoo Finance,https://finance.yahoo.com/quote/DX-Y.NYB,2026-09-02T09:01:52.526307,daily,B,
2026-06-11,dxy,99.86,index,Yahoo Finance,https://finance.yahoo.com/quote/DX-Y.NYB,2026-09-02T09:01:52.527307,daily,B,
2026-06-12,dxy,99.75,index,Yahoo Finance,https://finance.yahoo.com/quote/DX-Y.NYB,2026-09-02T09:01:52.527307,daily,B,
2026-06-15,dxy,99.63,index,Yahoo Finance,https://finance.yahoo.com/quote/DX-Y.NYB,2026-09-02T09:01:52.527307,daily,B,
2026-06-16,dxy,99.54,index,Yahoo Finance,https://finance.yahoo.com/quote/DX-Y.NYB,2026-09-02T09:01:52.527307,daily,B,
2026-06-17,dxy,100.09,index,Yahoo Finance,https://finance.yahoo.com/quote/DX-Y.NYB,2026-09-02T09:01:52.527307,daily,B,
2026-06-18,dxy,100.85,index,Yahoo Finance,https://finance.yahoo.com/quote/DX-Y.NYB,2026-09-02T09:01:52.527307,daily,B,
2026-06-22,dxy,101.02,index,Yahoo Finance,https://finance.yahoo.com/quote/DX-Y.NYB,2026-09-02T09:01:52.527307,daily,B,
2026-06-23,dxy,101.41,index,Yahoo Finance,https://finance.yahoo.com/quote/DX-Y.NYB,2026-09-02T09:01:52.527307,daily,B,
2026-06-24,dxy,101.61,index,Yahoo Finance,https://finance.yahoo.com/quote/DX-Y.NYB,2026-09-02T09:01:52.527307,daily,B,
2026-06-25,dxy,101.43,index,Yahoo Finance,https://finance.yahoo.com/quote/DX-Y.NYB,2026-09-02T09:01:52.527307,daily,B,
2026-06-26,dxy,101.36,index,Yahoo Finance,https://finance.yahoo.com/quote/DX-Y.NYB,2026-09-02T09:01:52.527307,daily,B,
2026-06-29,dxy,101.11,index,Yahoo Finance,https://finance.yahoo.com/quote/DX-Y.NYB,2026-09-02T09:01:52.527307,daily,B,
2026-06-30,dxy,101.19,index,Yahoo Finance,https://finance.yahoo.com/quote/DX-Y.NYB,2026-09-02T09:01:52.528306,daily,B,
2026-07-01,dxy,101.39,index,Yahoo Finance,https://finance.yahoo.com/quote/DX-Y.NYB,2026-09-02T09:01:52.528306,daily,B,
2026-07-02,dxy,100.86,index,Yahoo Finance,https://finance.yahoo.com/quote/DX-Y.NYB,2026-09-02T09:01:52.528306,daily,B,
2026-07-03,dxy,100.857,index,Yahoo Finance,https://finance.yahoo.com/quote/DX-Y.NYB,2026-07-05T00:03:38.164911,daily,B,
2026-07-05,dxy,100.886,index,Yahoo Finance,https://finance.yahoo.com/quote/DX-Y.NYB,2026-07-06T00:03:30.449487,daily,B,
2026-07-06,dxy,100.85,index,Yahoo Finance,https://finance.yahoo.com/quote/DX-Y.NYB,2026-09-02T09:01:52.528306,daily,B,
2026-07-07,dxy,101.14,index,Yahoo Finance,https://finance.yahoo.com/quote/DX-Y.NYB,2026-09-02T09:01:52.528306,daily,B,
2026-07-08,dxy,101.05,index,Yahoo Finance,https://finance.yahoo.com/quote/DX-Y.NYB,2026-09-02T09:01:52.528306,daily,B,
2026-07-09,dxy,100.94,index,Yahoo Finance,https://finance.yahoo.com/quote/DX-Y.NYB,2026-09-02T09:01:52.528306,daily,B,
2026-07-10,dxy,100.97,index,Yahoo Finance,https://finance.yahoo.com/quote/DX-Y.NYB,2026-09-02T09:01:52.528306,daily,B,
2026-07-12,dxy,101.137,index,Yahoo Finance,https://finance.yahoo.com/quote/DX-Y.NYB,2026-07-13T10:06:43.848180,daily,B,
2026-07-13,dxy,101.28,index,Yahoo Finance,https://finance.yahoo.com/quote/DX-Y.NYB,2026-09-02T09:01:52.528306,daily,B,
2026-07-14,dxy,100.94,index,Yahoo Finance,https://finance.yahoo.com/quote/DX-Y.NYB,2026-09-02T09:01:52.528306,daily,B,
2026-07-15,dxy,100.5,index,Yahoo Finance,https://finance.yahoo.com/quote/DX-Y.NYB,2026-09-02T09:01:52.528306,daily,B,
2026-07-16,dxy,100.73,index,Yahoo Finance,https://finance.yahoo.com/quote/DX-Y.NYB,2026-09-02T09:01:52.528306,daily,B,
2026-07-17,dxy,100.75,index,Yahoo Finance,https://finance.yahoo.com/quote/DX-Y.NYB,2026-09-02T09:01:52.529308,daily,B,
2026-07-19,dxy,100.849,index,Yahoo Finance,https://finance.yahoo.com/quote/DX-Y.NYB,2026-07-20T00:06:10.666759,daily,B,
2026-07-20,dxy,100.99,index,Yahoo Finance,https://finance.yahoo.com/quote/DX-Y.NYB,2026-09-02T09:01:52.529308,daily,B,
2026-07-21,dxy,101.18,index,Yahoo Finance,https://finance.yahoo.com/quote/DX-Y.NYB,2026-09-02T09:01:52.529308,daily,B,
2026-07-22,dxy,101.14,index,Yahoo Finance,https://finance.yahoo.com/quote/DX-Y.NYB,2026-09-02T09:01:52.529308,daily,B,
2026-07-23,dxy,101.43,index,Yahoo Finance,https://finance.yahoo.com/quote/DX-Y.NYB,2026-09-02T09:01:52.529308,daily,B,
2026-07-24,dxy,101.47,index,Yahoo Finance,https://finance.yahoo.com/quote/DX-Y.NYB,2026-09-02T09:01:52.529308,daily,B,
2026-07-26,dxy,101.284,index,Yahoo Finance,https://finance.yahoo.com/quote/DX-Y.NYB,2026-07-27T00:06:23.264837,daily,B,
2026-07-27,dxy,101.51,index,Yahoo Finance,https://finance.yahoo.com/quote/DX-Y.NYB,2026-09-02T09:01:52.529308,daily,B,
2026-07-28,dxy,101.38,index,Yahoo Finance,https://finance.yahoo.com/quote/DX-Y.NYB,2026-09-02T09:01:52.529308,daily,B,
2026-07-29,dxy,100.8,index,Yahoo Finance,https://finance.yahoo.com/quote/DX-Y.NYB,2026-09-02T09:01:52.529308,daily,B,
2026-07-30,dxy,100.01,index,Yahoo Finance,https://finance.yahoo.com/quote/DX-Y.NYB,2026-09-02T09:01:52.529308,daily,B,
2026-07-31,dxy,99.8,index,Yahoo Finance,https://finance.yahoo.com/quote/DX-Y.NYB,2026-09-02T09:01:52.529308,daily,B,
2026-08-02,dxy,99.713,index,Yahoo Finance,https://finance.yahoo.com/quote/DX-Y.NYB,2026-08-03T00:07:19.179911,daily,B,
2026-08-03,dxy,99.96,index,Yahoo Finance,https://finance.yahoo.com/quote/DX-Y.NYB,2026-09-02T09:01:52.529308,daily,B,
2026-08-04,dxy,99.89,index,Yahoo Finance,https://finance.yahoo.com/quote/DX-Y.NYB,2026-09-02T09:01:52.530307,daily,B,
2026-08-05,dxy,99.69,index,Yahoo Finance,https://finance.yahoo.com/quote/DX-Y.NYB,2026-09-02T09:01:52.530307,daily,B,
2026-08-06,dxy,99.97,index,Yahoo Finance,https://finance.yahoo.com/quote/DX-Y.NYB,2026-09-02T09:01:52.530307,daily,B,
2026-08-07,dxy,99.6,index,Yahoo Finance,https://finance.yahoo.com/quote/DX-Y.NYB,2026-09-02T09:01:52.530307,daily,B,
2026-08-09,dxy,99.65,index,Yahoo Finance,https://finance.yahoo.com/quote/DX-Y.NYB,2026-08-10T08:55:40.548382,daily,B,
2026-08-10,dxy,99.81,index,Yahoo Finance,https://finance.yahoo.com/quote/DX-Y.NYB,2026-09-02T09:01:52.530307,daily,B,
2026-08-11,dxy,99.82,index,Yahoo Finance,https://finance.yahoo.com/quote/DX-Y.NYB,2026-09-02T09:01:52.530307,daily,B,
2026-08-12,dxy,100.01,index,Yahoo Finance,https://finance.yahoo.com/quote/DX-Y.NYB,2026-09-02T09:01:52.530307,daily,B,
2026-08-13,dxy,99.96,index,Yahoo Finance,https://finance.yahoo.com/quote/DX-Y.NYB,2026-09-02T09:01:52.530307,daily,B,
2026-08-14,dxy,99.67,index,Yahoo Finance,https://finance.yahoo.com/quote/DX-Y.NYB,2026-09-02T09:01:52.530307,daily,B,
2026-08-16,dxy,99.6,index,Yahoo Finance,https://finance.yahoo.com/quote/DX-Y.NYB,2026-08-17T00:06:08.512484,daily,B,
2026-08-17,dxy,99.64,index,Yahoo Finance,https://finance.yahoo.com/quote/DX-Y.NYB,2026-09-02T09:01:52.530307,daily,B,
2026-08-18,dxy,99.65,index,Yahoo Finance,https://finance.yahoo.com/quote/DX-Y.NYB,2026-09-02T09:01:52.530307,daily,B,
2026-08-19,dxy,98.83,index,Yahoo Finance,https://finance.yahoo.com/quote/DX-Y.NYB,2026-09-02T09:01:52.530307,daily,B,
2026-08-20,dxy,98.9,index,Yahoo Finance,https://finance.yahoo.com/quote/DX-Y.NYB,2026-09-02T09:01:52.530307,daily,B,
2026-08-21,dxy,98.8,index,Yahoo Finance,https://finance.yahoo.com/quote/DX-Y.NYB,2026-09-02T09:01:52.531308,daily,B,
2026-08-23,dxy,98.791,index,Yahoo Finance,https://finance.yahoo.com/quote/DX-Y.NYB,2026-08-24T08:48:52.101922,daily,B,
2026-08-24,dxy,99.0,index,Yahoo Finance,https://finance.yahoo.com/quote/DX-Y.NYB,2026-09-02T09:01:52.531308,daily,B,
2026-08-25,dxy,98.92,index,Yahoo Finance,https://finance.yahoo.com/quote/DX-Y.NYB,2026-09-02T09:01:52.531308,daily,B,
2026-08-26,dxy,99.17,index,Yahoo Finance,https://finance.yahoo.com/quote/DX-Y.NYB,2026-09-02T09:01:52.531308,daily,B,
2026-08-27,dxy,99.16,index,Yahoo Finance,https://finance.yahoo.com/quote/DX-Y.NYB,2026-09-02T09:01:52.531308,daily,B,
2026-08-28,dxy,99.7,index,Yahoo Finance,https://finance.yahoo.com/quote/DX-Y.NYB,2026-09-02T09:01:52.531308,daily,B,
2026-08-30,dxy,99.642,index,Yahoo Finance,https://finance.yahoo.com/quote/DX-Y.NYB,2026-08-31T08:35:44.460224,daily,B,
2026-08-31,dxy,99.43,index,Yahoo Finance,https://finance.yahoo.com/quote/DX-Y.NYB,2026-09-02T09:01:52.531308,daily,B,
2026-09-01,dxy,99.719,index,Yahoo Finance,https://finance.yahoo.com/quote/DX-Y.NYB,2026-09-02T09:01:52.531308,daily,B,
2025-06-01,global_manufacturing_pmi,49.7,index,derived,,2026-06-30T08:37:50.635219,monthly,C,
2025-07-01,global_manufacturing_pmi,49.3,index,derived,,2026-06-30T08:37:50.635729,monthly,C,
2025-08-01,global_manufacturing_pmi,49.4,index,derived,,2026-06-30T08:37:50.635729,monthly,C,
2025-09-01,global_manufacturing_pmi,49.8,index,derived,,2026-06-30T08:37:50.635729,monthly,C,
2025-10-01,global_manufacturing_pmi,49.0,index,derived,,2026-06-30T08:37:50.635729,monthly,C,
2025-11-01,global_manufacturing_pmi,49.2,index,derived,,2026-06-30T08:37:50.635729,monthly,C,
2025-12-01,global_manufacturing_pmi,50.1,index,derived,,2026-06-30T08:37:50.635729,monthly,C,
2026-01-01,global_manufacturing_pmi,49.3,index,derived,,2026-06-30T08:37:50.635729,monthly,C,
2026-02-01,global_manufacturing_pmi,49.0,index,derived,,2026-06-30T08:37:50.635757,monthly,C,
2026-03-01,global_manufacturing_pmi,50.4,index,derived,,2026-06-30T08:37:50.635757,monthly,C,
2026-04-01,global_manufacturing_pmi,50.3,index,derived,,2026-06-30T08:37:50.635757,monthly,C,
2026-05-01,global_manufacturing_pmi,50.0,index,derived,,2026-06-30T08:37:50.635757,monthly,C,
2023-05-01,korea_exports_yoy,-13.7287,pct,FRED,https://fred.stlouisfed.org/series/XTEXVA01KRM667S,2026-06-30T08:37:46.513472,monthly,B,
2023-06-01,korea_exports_yoy,-8.0316,pct,FRED,https://fred.stlouisfed.org/series/XTEXVA01KRM667S,2026-06-30T08:37:46.513472,monthly,B,
2023-07-01,korea_exports_yoy,-14.3229,pct,FRED,https://fred.stlouisfed.org/series/XTEXVA01KRM667S,2026-06-30T08:37:46.513472,monthly,B,
2023-08-01,korea_exports_yoy,-9.7536,pct,FRED,https://fred.stlouisfed.org/series/XTEXVA01KRM667S,2026-06-30T08:37:46.513472,monthly,B,
2023-09-01,korea_exports_yoy,-3.8221,pct,FRED,https://fred.stlouisfed.org/series/XTEXVA01KRM667S,2026-06-30T08:37:46.513982,monthly,B,
2023-10-01,korea_exports_yoy,4.6599,pct,FRED,https://fred.stlouisfed.org/series/XTEXVA01KRM667S,2026-06-30T08:37:46.513982,monthly,B,
2023-11-01,korea_exports_yoy,6.9869,pct,FRED,https://fred.stlouisfed.org/series/XTEXVA01KRM667S,2026-06-30T08:37:46.513982,monthly,B,
2023-12-01,korea_exports_yoy,5.6036,pct,FRED,https://fred.stlouisfed.org/series/XTEXVA01KRM667S,2026-06-30T08:37:46.513982,monthly,B,
2024-01-01,korea_exports_yoy,16.8579,pct,FRED,https://fred.stlouisfed.org/series/XTEXVA01KRM667S,2026-06-30T08:37:46.513982,monthly,B,
2024-02-01,korea_exports_yoy,5.1364,pct,FRED,https://fred.stlouisfed.org/series/XTEXVA01KRM667S,2026-06-30T08:37:46.513982,monthly,B,
2024-03-01,korea_exports_yoy,2.6275,pct,FRED,https://fred.stlouisfed.org/series/XTEXVA01KRM667S,2026-06-30T08:37:46.513982,monthly,B,
2024-04-01,korea_exports_yoy,14.1598,pct,FRED,https://fred.stlouisfed.org/series/XTEXVA01KRM667S,2026-06-30T08:37:46.513982,monthly,B,
2024-05-01,korea_exports_yoy,10.8621,pct,FRED,https://fred.stlouisfed.org/series/XTEXVA01KRM667S,2026-06-30T08:37:46.513982,monthly,B,
2024-06-01,korea_exports_yoy,6.2383,pct,FRED,https://fred.stlouisfed.org/series/XTEXVA01KRM667S,2026-06-30T08:37:46.513982,monthly,B,
2024-07-01,korea_exports_yoy,13.4761,pct,FRED,https://fred.stlouisfed.org/series/XTEXVA01KRM667S,2026-06-30T08:37:46.513982,monthly,B,
2024-08-01,korea_exports_yoy,10.7318,pct,FRED,https://fred.stlouisfed.org/series/XTEXVA01KRM667S,2026-06-30T08:37:46.513982,monthly,B,
2024-09-01,korea_exports_yoy,7.2924,pct,FRED,https://fred.stlouisfed.org/series/XTEXVA01KRM667S,2026-06-30T08:37:46.514993,monthly,B,
2024-10-01,korea_exports_yoy,3.6778,pct,FRED,https://fred.stlouisfed.org/series/XTEXVA01KRM667S,2026-06-30T08:37:46.514993,monthly,B,
2024-11-01,korea_exports_yoy,3.0168,pct,FRED,https://fred.stlouisfed.org/series/XTEXVA01KRM667S,2026-06-30T08:37:46.514993,monthly,B,
2024-12-01,korea_exports_yoy,3.9963,pct,FRED,https://fred.stlouisfed.org/series/XTEXVA01KRM667S,2026-06-30T08:37:46.514993,monthly,B,
2025-01-01,korea_exports_yoy,-7.9279,pct,FRED,https://fred.stlouisfed.org/series/XTEXVA01KRM667S,2026-06-30T08:37:46.514993,monthly,B,
2025-02-01,korea_exports_yoy,-1.284,pct,FRED,https://fred.stlouisfed.org/series/XTEXVA01KRM667S,2026-06-30T08:37:46.514993,monthly,B,
2025-03-01,korea_exports_yoy,4.2524,pct,FRED,https://fred.stlouisfed.org/series/XTEXVA01KRM667S,2026-06-30T08:37:46.514993,monthly,B,
2025-04-01,korea_exports_yoy,2.4122,pct,FRED,https://fred.stlouisfed.org/series/XTEXVA01KRM667S,2026-06-30T08:37:46.514993,monthly,B,
2025-05-01,korea_exports_yoy,-0.7033,pct,FRED,https://fred.stlouisfed.org/series/XTEXVA01KRM667S,2026-06-30T08:37:46.514993,monthly,B,
2025-06-01,korea_exports_yoy,4.4383,pct,FRED,https://fred.stlouisfed.org/series/XTEXVA01KRM667S,2026-06-30T08:37:46.514993,monthly,B,
2025-07-01,korea_exports_yoy,4.8994,pct,FRED,https://fred.stlouisfed.org/series/XTEXVA01KRM667S,2026-06-30T08:37:46.514993,monthly,B,
2025-08-01,korea_exports_yoy,2.3809,pct,FRED,https://fred.stlouisfed.org/series/XTEXVA01KRM667S,2026-06-30T08:37:46.514993,monthly,B,
2025-09-01,korea_exports_yoy,10.5162,pct,FRED,https://fred.stlouisfed.org/series/XTEXVA01KRM667S,2026-06-30T08:37:46.514993,monthly,B,
2025-10-01,korea_exports_yoy,5.2605,pct,FRED,https://fred.stlouisfed.org/series/XTEXVA01KRM667S,2026-06-30T08:37:46.515991,monthly,B,
2025-11-01,korea_exports_yoy,6.5676,pct,FRED,https://fred.stlouisfed.org/series/XTEXVA01KRM667S,2026-06-30T08:37:46.515991,monthly,B,
2025-12-01,korea_exports_yoy,14.3945,pct,FRED,https://fred.stlouisfed.org/series/XTEXVA01KRM667S,2026-06-30T08:37:46.515991,monthly,B,
2026-01-01,korea_exports_yoy,32.3036,pct,FRED,https://fred.stlouisfed.org/series/XTEXVA01KRM667S,2026-06-30T08:37:46.515991,monthly,B,
2026-02-01,korea_exports_yoy,30.696,pct,FRED,https://fred.stlouisfed.org/series/XTEXVA01KRM667S,2026-06-30T08:37:46.515991,monthly,B,
2026-03-01,korea_exports_yoy,48.8649,pct,FRED,https://fred.stlouisfed.org/series/XTEXVA01KRM667S,2026-06-30T08:37:46.515991,monthly,B,
2026-04-01,korea_exports_yoy,48.8037,pct,FRED,https://fred.stlouisfed.org/series/XTEXVA01KRM667S,2026-06-30T08:37:46.515991,monthly,B,
2025-05-27,lme_gold_price,3299.1001,USD/oz,Yahoo Finance,https://finance.yahoo.com/quote/GC=F,2026-07-01T21:05:06.622591,daily,B,
2025-05-28,lme_gold_price,3293.6001,USD/oz,Yahoo Finance,https://finance.yahoo.com/quote/GC=F,2026-07-02T02:44:42.972495,daily,B,
2025-05-29,lme_gold_price,3317.1001,USD/oz,Yahoo Finance,https://finance.yahoo.com/quote/GC=F,2026-07-03T08:41:00.594130,daily,B,
2025-05-30,lme_gold_price,3288.8999,USD/oz,Yahoo Finance,https://finance.yahoo.com/quote/GC=F,2026-07-04T00:04:11.820438,daily,B,
2025-06-02,lme_gold_price,3370.6001,USD/oz,Yahoo Finance,https://finance.yahoo.com/quote/GC=F,2026-07-07T00:05:03.970310,daily,B,
2025-06-03,lme_gold_price,3350.2,USD/oz,Yahoo Finance,https://finance.yahoo.com/quote/GC=F,2026-07-08T00:02:19.680733,daily,B,
2025-06-04,lme_gold_price,3373.5,USD/oz,Yahoo Finance,https://finance.yahoo.com/quote/GC=F,2026-07-09T00:04:35.652912,daily,B,
2025-06-05,lme_gold_price,3350.7,USD/oz,Yahoo Finance,https://finance.yahoo.com/quote/GC=F,2026-07-10T00:03:37.087560,daily,B,
2025-06-06,lme_gold_price,3322.7,USD/oz,Yahoo Finance,https://finance.yahoo.com/quote/GC=F,2026-07-11T00:04:56.795805,daily,B,
2025-06-09,lme_gold_price,3332.1001,USD/oz,Yahoo Finance,https://finance.yahoo.com/quote/GC=F,2026-07-14T00:02:56.065397,daily,B,
2025-06-10,lme_gold_price,3320.8999,USD/oz,Yahoo Finance,https://finance.yahoo.com/quote/GC=F,2026-07-15T00:05:04.201347,daily,B,
2025-06-11,lme_gold_price,3321.3,USD/oz,Yahoo Finance,https://finance.yahoo.com/quote/GC=F,2026-07-16T08:19:08.967993,daily,B,
2025-06-12,lme_gold_price,3380.8999,USD/oz,Yahoo Finance,https://finance.yahoo.com/quote/GC=F,2026-07-17T08:35:22.108189,daily,B,
2025-06-13,lme_gold_price,3431.2,USD/oz,Yahoo Finance,https://finance.yahoo.com/quote/GC=F,2026-07-18T00:03:10.813083,daily,B,
2025-06-16,lme_gold_price,3396.3999,USD/oz,Yahoo Finance,https://finance.yahoo.com/quote/GC=F,2026-07-21T00:04:24.615610,daily,B,
2025-06-17,lme_gold_price,3386.6001,USD/oz,Yahoo Finance,https://finance.yahoo.com/quote/GC=F,2026-07-22T00:04:54.597662,daily,B,
2025-06-18,lme_gold_price,3389.8,USD/oz,Yahoo Finance,https://finance.yahoo.com/quote/GC=F,2026-07-23T00:07:57.148536,daily,B,
2025-06-20,lme_gold_price,3368.1001,USD/oz,Yahoo Finance,https://finance.yahoo.com/quote/GC=F,2026-07-25T00:03:04.335668,daily,B,
2025-06-23,lme_gold_price,3377.7,USD/oz,Yahoo Finance,https://finance.yahoo.com/quote/GC=F,2026-07-28T00:03:04.493799,daily,B,
2025-06-24,lme_gold_price,3317.3999,USD/oz,Yahoo Finance,https://finance.yahoo.com/quote/GC=F,2026-07-29T00:04:17.227831,daily,B,
2025-06-25,lme_gold_price,3327.1001,USD/oz,Yahoo Finance,https://finance.yahoo.com/quote/GC=F,2026-07-30T00:05:48.762630,daily,B,
2025-06-26,lme_gold_price,3333.5,USD/oz,Yahoo Finance,https://finance.yahoo.com/quote/GC=F,2026-07-31T08:47:44.681528,daily,B,
2025-06-27,lme_gold_price,3273.7,USD/oz,Yahoo Finance,https://finance.yahoo.com/quote/GC=F,2026-08-01T00:07:12.479747,daily,B,
2025-06-30,lme_gold_price,3294.3999,USD/oz,Yahoo Finance,https://finance.yahoo.com/quote/GC=F,2026-08-04T00:03:10.461313,daily,B,
2025-07-01,lme_gold_price,3336.7,USD/oz,Yahoo Finance,https://finance.yahoo.com/quote/GC=F,2026-08-05T00:04:58.621462,daily,B,
2025-07-02,lme_gold_price,3348.0,USD/oz,Yahoo Finance,https://finance.yahoo.com/quote/GC=F,2026-08-06T08:59:05.527365,daily,B,
2025-07-03,lme_gold_price,3331.6001,USD/oz,Yahoo Finance,https://finance.yahoo.com/quote/GC=F,2026-08-07T00:05:39.338348,daily,B,
2025-07-04,lme_gold_price,3332.5,USD/oz,Yahoo Finance,https://finance.yahoo.com/quote/GC=F,2026-08-08T00:05:16.409950,daily,B,
2025-07-07,lme_gold_price,3332.2,USD/oz,Yahoo Finance,https://finance.yahoo.com/quote/GC=F,2026-08-11T00:07:12.856859,daily,B,
2025-07-08,lme_gold_price,3307.0,USD/oz,Yahoo Finance,https://finance.yahoo.com/quote/GC=F,2026-08-12T00:01:34.036704,daily,B,
2025-07-09,lme_gold_price,3311.6001,USD/oz,Yahoo Finance,https://finance.yahoo.com/quote/GC=F,2026-08-13T09:14:29.494919,daily,B,
2025-07-10,lme_gold_price,3317.3999,USD/oz,Yahoo Finance,https://finance.yahoo.com/quote/GC=F,2026-08-14T00:03:30.361346,daily,B,
2025-07-11,lme_gold_price,3356.0,USD/oz,Yahoo Finance,https://finance.yahoo.com/quote/GC=F,2026-08-15T00:03:51.546721,daily,B,
2025-07-14,lme_gold_price,3351.5,USD/oz,Yahoo Finance,https://finance.yahoo.com/quote/GC=F,2026-08-18T00:05:14.112712,daily,B,
2025-07-15,lme_gold_price,3329.8,USD/oz,Yahoo Finance,https://finance.yahoo.com/quote/GC=F,2026-08-19T00:06:07.649880,daily,B,
2025-07-16,lme_gold_price,3352.5,USD/oz,Yahoo Finance,https://finance.yahoo.com/quote/GC=F,2026-08-20T08:38:00.467724,daily,B,
2025-07-17,lme_gold_price,3340.1001,USD/oz,Yahoo Finance,https://finance.yahoo.com/quote/GC=F,2026-08-21T00:03:48.423291,daily,B,
2025-07-18,lme_gold_price,3353.0,USD/oz,Yahoo Finance,https://finance.yahoo.com/quote/GC=F,2026-08-22T00:05:55.899108,daily,B,
2025-07-21,lme_gold_price,3401.8999,USD/oz,Yahoo Finance,https://finance.yahoo.com/quote/GC=F,2026-08-25T08:47:49.546584,daily,B,
2025-07-22,lme_gold_price,3439.2,USD/oz,Yahoo Finance,https://finance.yahoo.com/quote/GC=F,2026-08-25T08:47:49.546584,daily,B,
2025-07-23,lme_gold_price,3394.1001,USD/oz,Yahoo Finance,https://finance.yahoo.com/quote/GC=F,2026-08-27T09:05:56.327547,daily,B,
2025-07-24,lme_gold_price,3371.0,USD/oz,Yahoo Finance,https://finance.yahoo.com/quote/GC=F,2026-08-27T09:05:56.327547,daily,B,
2025-07-25,lme_gold_price,3334.0,USD/oz,Yahoo Finance,https://finance.yahoo.com/quote/GC=F,2026-08-27T09:05:56.327547,daily,B,
2025-07-28,lme_gold_price,3309.1001,USD/oz,Yahoo Finance,https://finance.yahoo.com/quote/GC=F,2026-08-31T08:35:44.048396,daily,B,
2025-07-29,lme_gold_price,3323.3999,USD/oz,Yahoo Finance,https://finance.yahoo.com/quote/GC=F,2026-09-02T09:01:52.184304,daily,B,COMEX front-month proxy for London gold (USD/troy oz)
2025-07-30,lme_gold_price,3295.8,USD/oz,Yahoo Finance,https://finance.yahoo.com/quote/GC=F,2026-09-02T09:01:52.184304,daily,B,COMEX front-month proxy for London gold (USD/troy oz)
2025-07-31,lme_gold_price,3293.2,USD/oz,Yahoo Finance,https://finance.yahoo.com/quote/GC=F,2026-09-02T09:01:52.184304,daily,B,COMEX front-month proxy for London gold (USD/troy oz)
2025-08-01,lme_gold_price,3347.7,USD/oz,Yahoo Finance,https://finance.yahoo.com/quote/GC=F,2026-09-02T09:01:52.184304,daily,B,COMEX front-month proxy for London gold (USD/troy oz)
2025-08-04,lme_gold_price,3374.3999,USD/oz,Yahoo Finance,https://finance.yahoo.com/quote/GC=F,2026-09-02T09:01:52.184304,daily,B,COMEX front-month proxy for London gold (USD/troy oz)
2025-08-05,lme_gold_price,3381.8999,USD/oz,Yahoo Finance,https://finance.yahoo.com/quote/GC=F,2026-09-02T09:01:52.184304,daily,B,COMEX front-month proxy for London gold (USD/troy oz)
2025-08-06,lme_gold_price,3380.0,USD/oz,Yahoo Finance,https://finance.yahoo.com/quote/GC=F,2026-09-02T09:01:52.184304,daily,B,COMEX front-month proxy for London gold (USD/troy oz)
2025-08-07,lme_gold_price,3400.3,USD/oz,Yahoo Finance,https://finance.yahoo.com/quote/GC=F,2026-09-02T09:01:52.184304,daily,B,COMEX front-month proxy for London gold (USD/troy oz)
2025-08-08,lme_gold_price,3439.1001,USD/oz,Yahoo Finance,https://finance.yahoo.com/quote/GC=F,2026-09-02T09:01:52.184304,daily,B,COMEX front-month proxy for London gold (USD/troy oz)
2025-08-11,lme_gold_price,3353.1001,USD/oz,Yahoo Finance,https://finance.yahoo.com/quote/GC=F,2026-09-02T09:01:52.185304,daily,B,COMEX front-month proxy for London gold (USD/troy oz)
2025-08-12,lme_gold_price,3348.8999,USD/oz,Yahoo Finance,https://finance.yahoo.com/quote/GC=F,2026-09-02T09:01:52.185304,daily,B,COMEX front-month proxy for London gold (USD/troy oz)
2025-08-13,lme_gold_price,3358.7,USD/oz,Yahoo Finance,https://finance.yahoo.com/quote/GC=F,2026-09-02T09:01:52.185304,daily,B,COMEX front-month proxy for London gold (USD/troy oz)
2025-08-14,lme_gold_price,3335.2,USD/oz,Yahoo Finance,https://finance.yahoo.com/quote/GC=F,2026-09-02T09:01:52.185304,daily,B,COMEX front-month proxy for London gold (USD/troy oz)
2025-08-15,lme_gold_price,3336.0,USD/oz,Yahoo Finance,https://finance.yahoo.com/quote/GC=F,2026-09-02T09:01:52.185304,daily,B,COMEX front-month proxy for London gold (USD/troy oz)
2025-08-18,lme_gold_price,3331.7,USD/oz,Yahoo Finance,https://finance.yahoo.com/quote/GC=F,2026-09-02T09:01:52.185304,daily,B,COMEX front-month proxy for London gold (USD/troy oz)
2025-08-19,lme_gold_price,3313.3999,USD/oz,Yahoo Finance,https://finance.yahoo.com/quote/GC=F,2026-09-02T09:01:52.185304,daily,B,COMEX front-month proxy for London gold (USD/troy oz)
2025-08-20,lme_gold_price,3343.3999,USD/oz,Yahoo Finance,https://finance.yahoo.com/quote/GC=F,2026-09-02T09:01:52.185304,daily,B,COMEX front-month proxy for London gold (USD/troy oz)
2025-08-21,lme_gold_price,3336.8999,USD/oz,Yahoo Finance,https://finance.yahoo.com/quote/GC=F,2026-09-02T09:01:52.185304,daily,B,COMEX front-month proxy for London gold (USD/troy oz)
2025-08-22,lme_gold_price,3374.3999,USD/oz,Yahoo Finance,https://finance.yahoo.com/quote/GC=F,2026-09-02T09:01:52.185304,daily,B,COMEX front-month proxy for London gold (USD/troy oz)
2025-08-25,lme_gold_price,3373.8,USD/oz,Yahoo Finance,https://finance.yahoo.com/quote/GC=F,2026-09-02T09:01:52.185304,daily,B,COMEX front-month proxy for London gold (USD/troy oz)
2025-08-26,lme_gold_price,3388.6001,USD/oz,Yahoo Finance,https://finance.yahoo.com/quote/GC=F,2026-09-02T09:01:52.185304,daily,B,COMEX front-month proxy for London gold (USD/troy oz)
2025-08-27,lme_gold_price,3404.6001,USD/oz,Yahoo Finance,https://finance.yahoo.com/quote/GC=F,2026-09-02T09:01:52.185304,daily,B,COMEX front-month proxy for London gold (USD/troy oz)
2025-08-28,lme_gold_price,3431.8,USD/oz,Yahoo Finance,https://finance.yahoo.com/quote/GC=F,2026-09-02T09:01:52.186309,daily,B,COMEX front-month proxy for London gold (USD/troy oz)
2025-08-29,lme_gold_price,3473.7,USD/oz,Yahoo Finance,https://finance.yahoo.com/quote/GC=F,2026-09-02T09:01:52.186309,daily,B,COMEX front-month proxy for London gold (USD/troy oz)
2025-09-02,lme_gold_price,3549.3999,USD/oz,Yahoo Finance,https://finance.yahoo.com/quote/GC=F,2026-09-02T09:01:52.186309,daily,B,COMEX front-month proxy for London gold (USD/troy oz)
2025-09-03,lme_gold_price,3593.2,USD/oz,Yahoo Finance,https://finance.yahoo.com/quote/GC=F,2026-09-02T09:01:52.186309,daily,B,COMEX front-month proxy for London gold (USD/troy oz)
2025-09-04,lme_gold_price,3565.8,USD/oz,Yahoo Finance,https://finance.yahoo.com/quote/GC=F,2026-09-02T09:01:52.186309,daily,B,COMEX front-month proxy for London gold (USD/troy oz)
2025-09-05,lme_gold_price,3613.2,USD/oz,Yahoo Finance,https://finance.yahoo.com/quote/GC=F,2026-09-02T09:01:52.186309,daily,B,COMEX front-month proxy for London gold (USD/troy oz)
2025-09-08,lme_gold_price,3638.1001,USD/oz,Yahoo Finance,https://finance.yahoo.com/quote/GC=F,2026-09-02T09:01:52.186833,daily,B,COMEX front-month proxy for London gold (USD/troy oz)
2025-09-09,lme_gold_price,3643.3,USD/oz,Yahoo Finance,https://finance.yahoo.com/quote/GC=F,2026-09-02T09:01:52.186833,daily,B,COMEX front-month proxy for London gold (USD/troy oz)
2025-09-10,lme_gold_price,3643.6001,USD/oz,Yahoo Finance,https://finance.yahoo.com/quote/GC=F,2026-09-02T09:01:52.186833,daily,B,COMEX front-month proxy for London gold (USD/troy oz)
2025-09-11,lme_gold_price,3636.8999,USD/oz,Yahoo Finance,https://finance.yahoo.com/quote/GC=F,2026-09-02T09:01:52.186833,daily,B,COMEX front-month proxy for London gold (USD/troy oz)
2025-09-12,lme_gold_price,3649.3999,USD/oz,Yahoo Finance,https://finance.yahoo.com/quote/GC=F,2026-09-02T09:01:52.186833,daily,B,COMEX front-month proxy for London gold (USD/troy oz)
2025-09-15,lme_gold_price,3682.2,USD/oz,Yahoo Finance,https://finance.yahoo.com/quote/GC=F,2026-09-02T09:01:52.186833,daily,B,COMEX front-month proxy for London gold (USD/troy oz)
2025-09-16,lme_gold_price,3688.8999,USD/oz,Yahoo Finance,https://finance.yahoo.com/quote/GC=F,2026-09-02T09:01:52.186833,daily,B,COMEX front-month proxy for London gold (USD/troy oz)
2025-09-17,lme_gold_price,3681.8,USD/oz,Yahoo Finance,https://finance.yahoo.com/quote/GC=F,2026-09-02T09:01:52.186833,daily,B,COMEX front-month proxy for London gold (USD/troy oz)
2025-09-18,lme_gold_price,3643.7,USD/oz,Yahoo Finance,https://finance.yahoo.com/quote/GC=F,2026-09-02T09:01:52.186833,daily,B,COMEX front-month proxy for London gold (USD/troy oz)
2025-09-19,lme_gold_price,3671.5,USD/oz,Yahoo Finance,https://finance.yahoo.com/quote/GC=F,2026-09-02T09:01:52.186833,daily,B,COMEX front-month proxy for London gold (USD/troy oz)
2025-09-22,lme_gold_price,3740.7,USD/oz,Yahoo Finance,https://finance.yahoo.com/quote/GC=F,2026-09-02T09:01:52.186833,daily,B,COMEX front-month proxy for London gold (USD/troy oz)
2025-09-23,lme_gold_price,3780.6001,USD/oz,Yahoo Finance,https://finance.yahoo.com/quote/GC=F,2026-09-02T09:01:52.186833,daily,B,COMEX front-month proxy for London gold (USD/troy oz)
2025-09-24,lme_gold_price,3732.1001,USD/oz,Yahoo Finance,https://finance.yahoo.com/quote/GC=F,2026-09-02T09:01:52.187835,daily,B,COMEX front-month proxy for London gold (USD/troy oz)
2025-09-25,lme_gold_price,3736.8999,USD/oz,Yahoo Finance,https://finance.yahoo.com/quote/GC=F,2026-09-02T09:01:52.187835,daily,B,COMEX front-month proxy for London gold (USD/troy oz)
2025-09-26,lme_gold_price,3775.3,USD/oz,Yahoo Finance,https://finance.yahoo.com/quote/GC=F,2026-09-02T09:01:52.187835,daily,B,COMEX front-month proxy for London gold (USD/troy oz)
2025-09-29,lme_gold_price,3820.8999,USD/oz,Yahoo Finance,https://finance.yahoo.com/quote/GC=F,2026-09-02T09:01:52.187835,daily,B,COMEX front-month proxy for London gold (USD/troy oz)
2025-09-30,lme_gold_price,3840.8,USD/oz,Yahoo Finance,https://finance.yahoo.com/quote/GC=F,2026-09-02T09:01:52.187835,daily,B,COMEX front-month proxy for London gold (USD/troy oz)
2025-10-01,lme_gold_price,3867.5,USD/oz,Yahoo Finance,https://finance.yahoo.com/quote/GC=F,2026-09-02T09:01:52.187835,daily,B,COMEX front-month proxy for London gold (USD/troy oz)
2025-10-02,lme_gold_price,3839.7,USD/oz,Yahoo Finance,https://finance.yahoo.com/quote/GC=F,2026-09-02T09:01:52.187835,daily,B,COMEX front-month proxy for London gold (USD/troy oz)
2025-10-03,lme_gold_price,3880.8,USD/oz,Yahoo Finance,https://finance.yahoo.com/quote/GC=F,2026-09-02T09:01:52.187835,daily,B,COMEX front-month proxy for London gold (USD/troy oz)
2025-10-06,lme_gold_price,3948.5,USD/oz,Yahoo Finance,https://finance.yahoo.com/quote/GC=F,2026-09-02T09:01:52.187835,daily,B,COMEX front-month proxy for London gold (USD/troy oz)
2025-10-07,lme_gold_price,3976.6001,USD/oz,Yahoo Finance,https://finance.yahoo.com/quote/GC=F,2026-09-02T09:01:52.187835,daily,B,COMEX front-month proxy for London gold (USD/troy oz)
2025-10-08,lme_gold_price,4043.3,USD/oz,Yahoo Finance,https://finance.yahoo.com/quote/GC=F,2026-09-02T09:01:52.187835,daily,B,COMEX front-month proxy for London gold (USD/troy oz)
2025-10-09,lme_gold_price,3946.3,USD/oz,Yahoo Finance,https://finance.yahoo.com/quote/GC=F,2026-09-02T09:01:52.187835,daily,B,COMEX front-month proxy for London gold (USD/troy oz)
2025-10-10,lme_gold_price,3975.8999,USD/oz,Yahoo Finance,https://finance.yahoo.com/quote/GC=F,2026-09-02T09:01:52.187835,daily,B,COMEX front-month proxy for London gold (USD/troy oz)
2025-10-13,lme_gold_price,4108.6001,USD/oz,Yahoo Finance,https://finance.yahoo.com/quote/GC=F,2026-09-02T09:01:52.188838,daily,B,COMEX front-month proxy for London gold (USD/troy oz)
2025-10-14,lme_gold_price,4138.7002,USD/oz,Yahoo Finance,https://finance.yahoo.com/quote/GC=F,2026-09-02T09:01:52.188838,daily,B,COMEX front-month proxy for London gold (USD/troy oz)
2025-10-15,lme_gold_price,4176.8999,USD/oz,Yahoo Finance,https://finance.yahoo.com/quote/GC=F,2026-09-02T09:01:52.188838,daily,B,COMEX front-month proxy for London gold (USD/troy oz)
2025-10-16,lme_gold_price,4280.2002,USD/oz,Yahoo Finance,https://finance.yahoo.com/quote/GC=F,2026-09-02T09:01:52.188838,daily,B,COMEX front-month proxy for London gold (USD/troy oz)
2025-10-17,lme_gold_price,4189.8999,USD/oz,Yahoo Finance,https://finance.yahoo.com/quote/GC=F,2026-09-02T09:01:52.188838,daily,B,COMEX front-month proxy for London gold (USD/troy oz)
2025-10-20,lme_gold_price,4336.3999,USD/oz,Yahoo Finance,https://finance.yahoo.com/quote/GC=F,2026-09-02T09:01:52.188838,daily,B,COMEX front-month proxy for London gold (USD/troy oz)
2025-10-21,lme_gold_price,4087.7,USD/oz,Yahoo Finance,https://finance.yahoo.com/quote/GC=F,2026-09-02T09:01:52.189368,daily,B,COMEX front-month proxy for London gold (USD/troy oz)
2025-10-22,lme_gold_price,4044.3999,USD/oz,Yahoo Finance,https://finance.yahoo.com/quote/GC=F,2026-09-02T09:01:52.189368,daily,B,COMEX front-month proxy for London gold (USD/troy oz)
2025-10-23,lme_gold_price,4125.5,USD/oz,Yahoo Finance,https://finance.yahoo.com/quote/GC=F,2026-09-02T09:01:52.189368,daily,B,COMEX front-month proxy for London gold (USD/troy oz)
2025-10-24,lme_gold_price,4118.3999,USD/oz,Yahoo Finance,https://finance.yahoo.com/quote/GC=F,2026-09-02T09:01:52.189368,daily,B,COMEX front-month proxy for London gold (USD/troy oz)
2025-10-27,lme_gold_price,4001.8999,USD/oz,Yahoo Finance,https://finance.yahoo.com/quote/GC=F,2026-09-02T09:01:52.189368,daily,B,COMEX front-month proxy for London gold (USD/troy oz)
2025-10-28,lme_gold_price,3966.2,USD/oz,Yahoo Finance,https://finance.yahoo.com/quote/GC=F,2026-09-02T09:01:52.189368,daily,B,COMEX front-month proxy for London gold (USD/troy oz)
2025-10-29,lme_gold_price,3983.7,USD/oz,Yahoo Finance,https://finance.yahoo.com/quote/GC=F,2026-09-02T09:01:52.189368,daily,B,COMEX front-month proxy for London gold (USD/troy oz)
2025-10-30,lme_gold_price,4001.3,USD/oz,Yahoo Finance,https://finance.yahoo.com/quote/GC=F,2026-09-02T09:01:52.189368,daily,B,COMEX front-month proxy for London gold (USD/troy oz)
2025-10-31,lme_gold_price,3982.2,USD/oz,Yahoo Finance,https://finance.yahoo.com/quote/GC=F,2026-09-02T09:01:52.189368,daily,B,COMEX front-month proxy for London gold (USD/troy oz)
2025-11-03,lme_gold_price,4000.3,USD/oz,Yahoo Finance,https://finance.yahoo.com/quote/GC=F,2026-09-02T09:01:52.189368,daily,B,COMEX front-month proxy for London gold (USD/troy oz)
2025-11-04,lme_gold_price,3947.7,USD/oz,Yahoo Finance,https://finance.yahoo.com/quote/GC=F,2026-09-02T09:01:52.189368,daily,B,COMEX front-month proxy for London gold (USD/troy oz)
2025-11-05,lme_gold_price,3980.3,USD/oz,Yahoo Finance,https://finance.yahoo.com/quote/GC=F,2026-09-02T09:01:52.190367,daily,B,COMEX front-month proxy for London gold (USD/troy oz)
2025-11-06,lme_gold_price,3979.8999,USD/oz,Yahoo Finance,https://finance.yahoo.com/quote/GC=F,2026-09-02T09:01:52.190367,daily,B,COMEX front-month proxy for London gold (USD/troy oz)
2025-11-07,lme_gold_price,3999.3999,USD/oz,Yahoo Finance,https://finance.yahoo.com/quote/GC=F,2026-09-02T09:01:52.190367,daily,B,COMEX front-month proxy for London gold (USD/troy oz)
2025-11-10,lme_gold_price,4111.7998,USD/oz,Yahoo Finance,https://finance.yahoo.com/quote/GC=F,2026-09-02T09:01:52.190367,daily,B,COMEX front-month proxy for London gold (USD/troy oz)
2025-11-11,lme_gold_price,4106.7998,USD/oz,Yahoo Finance,https://finance.yahoo.com/quote/GC=F,2026-09-02T09:01:52.190367,daily,B,COMEX front-month proxy for London gold (USD/troy oz)
2025-11-12,lme_gold_price,4204.3999,USD/oz,Yahoo Finance,https://finance.yahoo.com/quote/GC=F,2026-09-02T09:01:52.190367,daily,B,COMEX front-month proxy for London gold (USD/troy oz)
2025-11-13,lme_gold_price,4186.8999,USD/oz,Yahoo Finance,https://finance.yahoo.com/quote/GC=F,2026-09-02T09:01:52.190367,daily,B,COMEX front-month proxy for London gold (USD/troy oz)
2025-11-14,lme_gold_price,4087.6001,USD/oz,Yahoo Finance,https://finance.yahoo.com/quote/GC=F,2026-09-02T09:01:52.190367,daily,B,COMEX front-month proxy for London gold (USD/troy oz)
2025-11-17,lme_gold_price,4068.3,USD/oz,Yahoo Finance,https://finance.yahoo.com/quote/GC=F,2026-09-02T09:01:52.190367,daily,B,COMEX front-month proxy for London gold (USD/troy oz)
2025-11-18,lme_gold_price,4061.3,USD/oz,Yahoo Finance,https://finance.yahoo.com/quote/GC=F,2026-09-02T09:01:52.190367,daily,B,COMEX front-month proxy for London gold (USD/troy oz)
2025-11-19,lme_gold_price,4077.7,USD/oz,Yahoo Finance,https://finance.yahoo.com/quote/GC=F,2026-09-02T09:01:52.190367,daily,B,COMEX front-month proxy for London gold (USD/troy oz)
2025-11-20,lme_gold_price,4056.5,USD/oz,Yahoo Finance,https://finance.yahoo.com/quote/GC=F,2026-09-02T09:01:52.190367,daily,B,COMEX front-month proxy for London gold (USD/troy oz)
2025-11-21,lme_gold_price,4076.7,USD/oz,Yahoo Finance,https://finance.yahoo.com/quote/GC=F,2026-09-02T09:01:52.191371,daily,B,COMEX front-month proxy for London gold (USD/troy oz)
2025-11-24,lme_gold_price,4091.8999,USD/oz,Yahoo Finance,https://finance.yahoo.com/quote/GC=F,2026-09-02T09:01:52.191371,daily,B,COMEX front-month proxy for London gold (USD/troy oz)
2025-11-25,lme_gold_price,4139.2002,USD/oz,Yahoo Finance,https://finance.yahoo.com/quote/GC=F,2026-09-02T09:01:52.191371,daily,B,COMEX front-month proxy for London gold (USD/troy oz)
2025-11-26,lme_gold_price,4165.2002,USD/oz,Yahoo Finance,https://finance.yahoo.com/quote/GC=F,2026-09-02T09:01:52.191371,daily,B,COMEX front-month proxy for London gold (USD/troy oz)
2025-11-28,lme_gold_price,4218.2998,USD/oz,Yahoo Finance,https://finance.yahoo.com/quote/GC=F,2026-09-02T09:01:52.191371,daily,B,COMEX front-month proxy for London gold (USD/troy oz)
2025-12-01,lme_gold_price,4239.2998,USD/oz,Yahoo Finance,https://finance.yahoo.com/quote/GC=F,2026-09-02T09:01:52.191371,daily,B,COMEX front-month proxy for London gold (USD/troy oz)
2025-12-02,lme_gold_price,4186.6001,USD/oz,Yahoo Finance,https://finance.yahoo.com/quote/GC=F,2026-09-02T09:01:52.191371,daily,B,COMEX front-month proxy for London gold (USD/troy oz)
2025-12-03,lme_gold_price,4199.2998,USD/oz,Yahoo Finance,https://finance.yahoo.com/quote/GC=F,2026-09-02T09:01:52.191895,daily,B,COMEX front-month proxy for London gold (USD/troy oz)
2025-12-04,lme_gold_price,4211.7998,USD/oz,Yahoo Finance,https://finance.yahoo.com/quote/GC=F,2026-09-02T09:01:52.191895,daily,B,COMEX front-month proxy for London gold (USD/troy oz)
2025-12-05,lme_gold_price,4212.8999,USD/oz,Yahoo Finance,https://finance.yahoo.com/quote/GC=F,2026-09-02T09:01:52.191895,daily,B,COMEX front-month proxy for London gold (USD/troy oz)
2025-12-08,lme_gold_price,4187.2002,USD/oz,Yahoo Finance,https://finance.yahoo.com/quote/GC=F,2026-09-02T09:01:52.191895,daily,B,COMEX front-month proxy for London gold (USD/troy oz)
2025-12-09,lme_gold_price,4206.7002,USD/oz,Yahoo Finance,https://finance.yahoo.com/quote/GC=F,2026-09-02T09:01:52.191895,daily,B,COMEX front-month proxy for London gold (USD/troy oz)
2025-12-10,lme_gold_price,4196.3999,USD/oz,Yahoo Finance,https://finance.yahoo.com/quote/GC=F,2026-09-02T09:01:52.191895,daily,B,COMEX front-month proxy for London gold (USD/troy oz)
2025-12-11,lme_gold_price,4285.5,USD/oz,Yahoo Finance,https://finance.yahoo.com/quote/GC=F,2026-09-02T09:01:52.191895,daily,B,COMEX front-month proxy for London gold (USD/troy oz)
2025-12-12,lme_gold_price,4300.1001,USD/oz,Yahoo Finance,https://finance.yahoo.com/quote/GC=F,2026-09-02T09:01:52.191895,daily,B,COMEX front-month proxy for London gold (USD/troy oz)
2025-12-15,lme_gold_price,4306.7002,USD/oz,Yahoo Finance,https://finance.yahoo.com/quote/GC=F,2026-09-02T09:01:52.191895,daily,B,COMEX front-month proxy for London gold (USD/troy oz)
2025-12-16,lme_gold_price,4304.5,USD/oz,Yahoo Finance,https://finance.yahoo.com/quote/GC=F,2026-09-02T09:01:52.191895,daily,B,COMEX front-month proxy for London gold (USD/troy oz)
2025-12-17,lme_gold_price,4347.5,USD/oz,Yahoo Finance,https://finance.yahoo.com/quote/GC=F,2026-09-02T09:01:52.191895,daily,B,COMEX front-month proxy for London gold (USD/troy oz)
2025-12-18,lme_gold_price,4339.5,USD/oz,Yahoo Finance,https://finance.yahoo.com/quote/GC=F,2026-09-02T09:01:52.191895,daily,B,COMEX front-month proxy for London gold (USD/troy oz)
2025-12-19,lme_gold_price,4361.3999,USD/oz,Yahoo Finance,https://finance.yahoo.com/quote/GC=F,2026-09-02T09:01:52.192891,daily,B,COMEX front-month proxy for London gold (USD/troy oz)
2025-12-22,lme_gold_price,4444.6001,USD/oz,Yahoo Finance,https://finance.yahoo.com/quote/GC=F,2026-09-02T09:01:52.192891,daily,B,COMEX front-month proxy for London gold (USD/troy oz)
2025-12-23,lme_gold_price,4482.7998,USD/oz,Yahoo Finance,https://finance.yahoo.com/quote/GC=F,2026-09-02T09:01:52.192891,daily,B,COMEX front-month proxy for London gold (USD/troy oz)
2025-12-24,lme_gold_price,4480.6001,USD/oz,Yahoo Finance,https://finance.yahoo.com/quote/GC=F,2026-09-02T09:01:52.192891,daily,B,COMEX front-month proxy for London gold (USD/troy oz)
2025-12-26,lme_gold_price,4529.1001,USD/oz,Yahoo Finance,https://finance.yahoo.com/quote/GC=F,2026-09-02T09:01:52.192891,daily,B,COMEX front-month proxy for London gold (USD/troy oz)
2025-12-29,lme_gold_price,4325.1001,USD/oz,Yahoo Finance,https://finance.yahoo.com/quote/GC=F,2026-09-02T09:01:52.192891,daily,B,COMEX front-month proxy for London gold (USD/troy oz)
2025-12-30,lme_gold_price,4370.1001,USD/oz,Yahoo Finance,https://finance.yahoo.com/quote/GC=F,2026-09-02T09:01:52.192891,daily,B,COMEX front-month proxy for London gold (USD/troy oz)
2025-12-31,lme_gold_price,4325.6001,USD/oz,Yahoo Finance,https://finance.yahoo.com/quote/GC=F,2026-09-02T09:01:52.192891,daily,B,COMEX front-month proxy for London gold (USD/troy oz)
2026-01-02,lme_gold_price,4314.3999,USD/oz,Yahoo Finance,https://finance.yahoo.com/quote/GC=F,2026-09-02T09:01:52.192891,daily,B,COMEX front-month proxy for London gold (USD/troy oz)
2026-01-05,lme_gold_price,4436.8999,USD/oz,Yahoo Finance,https://finance.yahoo.com/quote/GC=F,2026-09-02T09:01:52.192891,daily,B,COMEX front-month proxy for London gold (USD/troy oz)
2026-01-06,lme_gold_price,4482.2002,USD/oz,Yahoo Finance,https://finance.yahoo.com/quote/GC=F,2026-09-02T09:01:52.192891,daily,B,COMEX front-month proxy for London gold (USD/troy oz)
2026-01-07,lme_gold_price,4449.2998,USD/oz,Yahoo Finance,https://finance.yahoo.com/quote/GC=F,2026-09-02T09:01:52.192891,daily,B,COMEX front-month proxy for London gold (USD/troy oz)
2026-01-08,lme_gold_price,4449.7002,USD/oz,Yahoo Finance,https://finance.yahoo.com/quote/GC=F,2026-09-02T09:01:52.193894,daily,B,COMEX front-month proxy for London gold (USD/troy oz)
2026-01-09,lme_gold_price,4490.2998,USD/oz,Yahoo Finance,https://finance.yahoo.com/quote/GC=F,2026-09-02T09:01:52.193894,daily,B,COMEX front-month proxy for London gold (USD/troy oz)
2026-01-12,lme_gold_price,4604.2998,USD/oz,Yahoo Finance,https://finance.yahoo.com/quote/GC=F,2026-09-02T09:01:52.193894,daily,B,COMEX front-month proxy for London gold (USD/troy oz)
2026-01-13,lme_gold_price,4589.2002,USD/oz,Yahoo Finance,https://finance.yahoo.com/quote/GC=F,2026-09-02T09:01:52.193894,daily,B,COMEX front-month proxy for London gold (USD/troy oz)
2026-01-14,lme_gold_price,4626.2998,USD/oz,Yahoo Finance,https://finance.yahoo.com/quote/GC=F,2026-09-02T09:01:52.193894,daily,B,COMEX front-month proxy for London gold (USD/troy oz)
2026-01-15,lme_gold_price,4616.2998,USD/oz,Yahoo Finance,https://finance.yahoo.com/quote/GC=F,2026-09-02T09:01:52.193894,daily,B,COMEX front-month proxy for London gold (USD/troy oz)
2026-01-16,lme_gold_price,4588.3999,USD/oz,Yahoo Finance,https://finance.yahoo.com/quote/GC=F,2026-09-02T09:01:52.194400,daily,B,COMEX front-month proxy for London gold (USD/troy oz)
2026-01-20,lme_gold_price,4759.6001,USD/oz,Yahoo Finance,https://finance.yahoo.com/quote/GC=F,2026-09-02T09:01:52.194455,daily,B,COMEX front-month proxy for London gold (USD/troy oz)
2026-01-21,lme_gold_price,4831.7998,USD/oz,Yahoo Finance,https://finance.yahoo.com/quote/GC=F,2026-09-02T09:01:52.194455,daily,B,COMEX front-month proxy for London gold (USD/troy oz)
2026-01-22,lme_gold_price,4908.7998,USD/oz,Yahoo Finance,https://finance.yahoo.com/quote/GC=F,2026-09-02T09:01:52.194455,daily,B,COMEX front-month proxy for London gold (USD/troy oz)
2026-01-23,lme_gold_price,4976.2002,USD/oz,Yahoo Finance,https://finance.yahoo.com/quote/GC=F,2026-09-02T09:01:52.194455,daily,B,COMEX front-month proxy for London gold (USD/troy oz)
2026-01-26,lme_gold_price,5079.7002,USD/oz,Yahoo Finance,https://finance.yahoo.com/quote/GC=F,2026-09-02T09:01:52.194455,daily,B,COMEX front-month proxy for London gold (USD/troy oz)
2026-01-27,lme_gold_price,5079.8999,USD/oz,Yahoo Finance,https://finance.yahoo.com/quote/GC=F,2026-09-02T09:01:52.194455,daily,B,COMEX front-month proxy for London gold (USD/troy oz)
2026-01-28,lme_gold_price,5301.6001,USD/oz,Yahoo Finance,https://finance.yahoo.com/quote/GC=F,2026-09-02T09:01:52.194455,daily,B,COMEX front-month proxy for London gold (USD/troy oz)
2026-01-29,lme_gold_price,5318.3999,USD/oz,Yahoo Finance,https://finance.yahoo.com/quote/GC=F,2026-09-02T09:01:52.194455,daily,B,COMEX front-month proxy for London gold (USD/troy oz)
2026-01-30,lme_gold_price,4970.45,USD/oz,Yahoo Finance,https://finance.yahoo.com/quote/GC=F,2026-09-02T09:01:52.194455,daily,B,COMEX front-month proxy for London gold (USD/troy oz); Yahoo outlier smoothed
2026-02-02,lme_gold_price,4622.5,USD/oz,Yahoo Finance,https://finance.yahoo.com/quote/GC=F,2026-09-02T09:01:52.194455,daily,B,COMEX front-month proxy for London gold (USD/troy oz)
2026-02-03,lme_gold_price,4903.7002,USD/oz,Yahoo Finance,https://finance.yahoo.com/quote/GC=F,2026-09-02T09:01:52.194455,daily,B,COMEX front-month proxy for London gold (USD/troy oz)
2026-02-04,lme_gold_price,4920.3999,USD/oz,Yahoo Finance,https://finance.yahoo.com/quote/GC=F,2026-09-02T09:01:52.195409,daily,B,COMEX front-month proxy for London gold (USD/troy oz)
2026-02-05,lme_gold_price,4861.3999,USD/oz,Yahoo Finance,https://finance.yahoo.com/quote/GC=F,2026-09-02T09:01:52.195409,daily,B,COMEX front-month proxy for London gold (USD/troy oz)
2026-02-06,lme_gold_price,4951.2002,USD/oz,Yahoo Finance,https://finance.yahoo.com/quote/GC=F,2026-09-02T09:01:52.195409,daily,B,COMEX front-month proxy for London gold (USD/troy oz)
2026-02-09,lme_gold_price,5050.8999,USD/oz,Yahoo Finance,https://finance.yahoo.com/quote/GC=F,2026-09-02T09:01:52.195409,daily,B,COMEX front-month proxy for London gold (USD/troy oz)
2026-02-10,lme_gold_price,5003.7998,USD/oz,Yahoo Finance,https://finance.yahoo.com/quote/GC=F,2026-09-02T09:01:52.195409,daily,B,COMEX front-month proxy for London gold (USD/troy oz)
2026-02-11,lme_gold_price,5071.6001,USD/oz,Yahoo Finance,https://finance.yahoo.com/quote/GC=F,2026-09-02T09:01:52.195409,daily,B,COMEX front-month proxy for London gold (USD/troy oz)
2026-02-12,lme_gold_price,4923.7002,USD/oz,Yahoo Finance,https://finance.yahoo.com/quote/GC=F,2026-09-02T09:01:52.195409,daily,B,COMEX front-month proxy for London gold (USD/troy oz)
2026-02-13,lme_gold_price,5022.0,USD/oz,Yahoo Finance,https://finance.yahoo.com/quote/GC=F,2026-09-02T09:01:52.195409,daily,B,COMEX front-month proxy for London gold (USD/troy oz)
2026-02-17,lme_gold_price,4882.8999,USD/oz,Yahoo Finance,https://finance.yahoo.com/quote/GC=F,2026-09-02T09:01:52.195409,daily,B,COMEX front-month proxy for London gold (USD/troy oz)
2026-02-18,lme_gold_price,4986.5,USD/oz,Yahoo Finance,https://finance.yahoo.com/quote/GC=F,2026-09-02T09:01:52.195409,daily,B,COMEX front-month proxy for London gold (USD/troy oz)
2026-02-19,lme_gold_price,4975.8999,USD/oz,Yahoo Finance,https://finance.yahoo.com/quote/GC=F,2026-09-02T09:01:52.195409,daily,B,COMEX front-month proxy for London gold (USD/troy oz)
2026-02-20,lme_gold_price,5059.2998,USD/oz,Yahoo Finance,https://finance.yahoo.com/quote/GC=F,2026-09-02T09:01:52.195409,daily,B,COMEX front-month proxy for London gold (USD/troy oz)
2026-02-23,lme_gold_price,5204.7002,USD/oz,Yahoo Finance,https://finance.yahoo.com/quote/GC=F,2026-09-02T09:01:52.196407,daily,B,COMEX front-month proxy for London gold (USD/troy oz)
2026-02-24,lme_gold_price,5155.7998,USD/oz,Yahoo Finance,https://finance.yahoo.com/quote/GC=F,2026-09-02T09:01:52.196407,daily,B,COMEX front-month proxy for London gold (USD/troy oz)
2026-02-25,lme_gold_price,5206.3999,USD/oz,Yahoo Finance,https://finance.yahoo.com/quote/GC=F,2026-09-02T09:01:52.196407,daily,B,COMEX front-month proxy for London gold (USD/troy oz)
2026-02-26,lme_gold_price,5176.5,USD/oz,Yahoo Finance,https://finance.yahoo.com/quote/GC=F,2026-09-02T09:01:52.196407,daily,B,COMEX front-month proxy for London gold (USD/troy oz)
2026-02-27,lme_gold_price,5230.5,USD/oz,Yahoo Finance,https://finance.yahoo.com/quote/GC=F,2026-09-02T09:01:52.196407,daily,B,COMEX front-month proxy for London gold (USD/troy oz)
2026-03-02,lme_gold_price,5294.3999,USD/oz,Yahoo Finance,https://finance.yahoo.com/quote/GC=F,2026-09-02T09:01:52.196407,daily,B,COMEX front-month proxy for London gold (USD/troy oz)
2026-03-03,lme_gold_price,5107.3999,USD/oz,Yahoo Finance,https://finance.yahoo.com/quote/GC=F,2026-09-02T09:01:52.196407,daily,B,COMEX front-month proxy for London gold (USD/troy oz)
2026-03-04,lme_gold_price,5120.2002,USD/oz,Yahoo Finance,https://finance.yahoo.com/quote/GC=F,2026-09-02T09:01:52.196407,daily,B,COMEX front-month proxy for London gold (USD/troy oz)
2026-03-05,lme_gold_price,5065.2998,USD/oz,Yahoo Finance,https://finance.yahoo.com/quote/GC=F,2026-09-02T09:01:52.196407,daily,B,COMEX front-month proxy for London gold (USD/troy oz)
2026-03-06,lme_gold_price,5146.1001,USD/oz,Yahoo Finance,https://finance.yahoo.com/quote/GC=F,2026-09-02T09:01:52.196407,daily,B,COMEX front-month proxy for London gold (USD/troy oz)
2026-03-09,lme_gold_price,5091.5,USD/oz,Yahoo Finance,https://finance.yahoo.com/quote/GC=F,2026-09-02T09:01:52.196407,daily,B,COMEX front-month proxy for London gold (USD/troy oz)
2026-03-10,lme_gold_price,5229.7002,USD/oz,Yahoo Finance,https://finance.yahoo.com/quote/GC=F,2026-09-02T09:01:52.196407,daily,B,COMEX front-month proxy for London gold (USD/troy oz)
2026-03-11,lme_gold_price,5167.3999,USD/oz,Yahoo Finance,https://finance.yahoo.com/quote/GC=F,2026-09-02T09:01:52.196407,daily,B,COMEX front-month proxy for London gold (USD/troy oz)
2026-03-12,lme_gold_price,5115.7998,USD/oz,Yahoo Finance,https://finance.yahoo.com/quote/GC=F,2026-09-02T09:01:52.197410,daily,B,COMEX front-month proxy for London gold (USD/troy oz)
2026-03-13,lme_gold_price,5052.5,USD/oz,Yahoo Finance,https://finance.yahoo.com/quote/GC=F,2026-09-02T09:01:52.197410,daily,B,COMEX front-month proxy for London gold (USD/troy oz)
2026-03-16,lme_gold_price,4994.0,USD/oz,Yahoo Finance,https://finance.yahoo.com/quote/GC=F,2026-09-02T09:01:52.197410,daily,B,COMEX front-month proxy for London gold (USD/troy oz)
2026-03-17,lme_gold_price,5001.0,USD/oz,Yahoo Finance,https://finance.yahoo.com/quote/GC=F,2026-09-02T09:01:52.197410,daily,B,COMEX front-month proxy for London gold (USD/troy oz)
2026-03-18,lme_gold_price,4889.8999,USD/oz,Yahoo Finance,https://finance.yahoo.com/quote/GC=F,2026-09-02T09:01:52.197410,daily,B,COMEX front-month proxy for London gold (USD/troy oz)
2026-03-19,lme_gold_price,4600.7002,USD/oz,Yahoo Finance,https://finance.yahoo.com/quote/GC=F,2026-09-02T09:01:52.197410,daily,B,COMEX front-month proxy for London gold (USD/troy oz)
2026-03-20,lme_gold_price,4570.3999,USD/oz,Yahoo Finance,https://finance.yahoo.com/quote/GC=F,2026-09-02T09:01:52.197923,daily,B,COMEX front-month proxy for London gold (USD/troy oz)
2026-03-23,lme_gold_price,4404.1001,USD/oz,Yahoo Finance,https://finance.yahoo.com/quote/GC=F,2026-09-02T09:01:52.197923,daily,B,COMEX front-month proxy for London gold (USD/troy oz)
2026-03-24,lme_gold_price,4399.2998,USD/oz,Yahoo Finance,https://finance.yahoo.com/quote/GC=F,2026-09-02T09:01:52.197923,daily,B,COMEX front-month proxy for London gold (USD/troy oz)
2026-03-25,lme_gold_price,4549.7998,USD/oz,Yahoo Finance,https://finance.yahoo.com/quote/GC=F,2026-09-02T09:01:52.197923,daily,B,COMEX front-month proxy for London gold (USD/troy oz)
2026-03-26,lme_gold_price,4375.5,USD/oz,Yahoo Finance,https://finance.yahoo.com/quote/GC=F,2026-09-02T09:01:52.197923,daily,B,COMEX front-month proxy for London gold (USD/troy oz)
2026-03-27,lme_gold_price,4492.0,USD/oz,Yahoo Finance,https://finance.yahoo.com/quote/GC=F,2026-09-02T09:01:52.197923,daily,B,COMEX front-month proxy for London gold (USD/troy oz)
2026-03-30,lme_gold_price,4526.0,USD/oz,Yahoo Finance,https://finance.yahoo.com/quote/GC=F,2026-09-02T09:01:52.197923,daily,B,COMEX front-month proxy for London gold (USD/troy oz)
2026-03-31,lme_gold_price,4647.6001,USD/oz,Yahoo Finance,https://finance.yahoo.com/quote/GC=F,2026-09-02T09:01:52.197923,daily,B,COMEX front-month proxy for London gold (USD/troy oz)
2026-04-01,lme_gold_price,4783.2002,USD/oz,Yahoo Finance,https://finance.yahoo.com/quote/GC=F,2026-09-02T09:01:52.197923,daily,B,COMEX front-month proxy for London gold (USD/troy oz)
2026-04-02,lme_gold_price,4651.5,USD/oz,Yahoo Finance,https://finance.yahoo.com/quote/GC=F,2026-09-02T09:01:52.197923,daily,B,COMEX front-month proxy for London gold (USD/troy oz)
2026-04-06,lme_gold_price,4656.7998,USD/oz,Yahoo Finance,https://finance.yahoo.com/quote/GC=F,2026-09-02T09:01:52.197923,daily,B,COMEX front-month proxy for London gold (USD/troy oz)
2026-04-07,lme_gold_price,4657.1001,USD/oz,Yahoo Finance,https://finance.yahoo.com/quote/GC=F,2026-09-02T09:01:52.197923,daily,B,COMEX front-month proxy for London gold (USD/troy oz)
2026-04-08,lme_gold_price,4749.5,USD/oz,Yahoo Finance,https://finance.yahoo.com/quote/GC=F,2026-09-02T09:01:52.198922,daily,B,COMEX front-month proxy for London gold (USD/troy oz)
2026-04-09,lme_gold_price,4792.2002,USD/oz,Yahoo Finance,https://finance.yahoo.com/quote/GC=F,2026-09-02T09:01:52.198922,daily,B,COMEX front-month proxy for London gold (USD/troy oz)
2026-04-10,lme_gold_price,4761.8999,USD/oz,Yahoo Finance,https://finance.yahoo.com/quote/GC=F,2026-09-02T09:01:52.198922,daily,B,COMEX front-month proxy for London gold (USD/troy oz)
2026-04-13,lme_gold_price,4742.3999,USD/oz,Yahoo Finance,https://finance.yahoo.com/quote/GC=F,2026-09-02T09:01:52.198922,daily,B,COMEX front-month proxy for London gold (USD/troy oz)
2026-04-14,lme_gold_price,4825.0,USD/oz,Yahoo Finance,https://finance.yahoo.com/quote/GC=F,2026-09-02T09:01:52.198922,daily,B,COMEX front-month proxy for London gold (USD/troy oz)
2026-04-15,lme_gold_price,4800.0,USD/oz,Yahoo Finance,https://finance.yahoo.com/quote/GC=F,2026-09-02T09:01:52.198922,daily,B,COMEX front-month proxy for London gold (USD/troy oz)
2026-04-16,lme_gold_price,4785.3999,USD/oz,Yahoo Finance,https://finance.yahoo.com/quote/GC=F,2026-09-02T09:01:52.198922,daily,B,COMEX front-month proxy for London gold (USD/troy oz)
2026-04-17,lme_gold_price,4857.6001,USD/oz,Yahoo Finance,https://finance.yahoo.com/quote/GC=F,2026-09-02T09:01:52.198922,daily,B,COMEX front-month proxy for London gold (USD/troy oz)
2026-04-20,lme_gold_price,4806.6001,USD/oz,Yahoo Finance,https://finance.yahoo.com/quote/GC=F,2026-09-02T09:01:52.198922,daily,B,COMEX front-month proxy for London gold (USD/troy oz)
2026-04-21,lme_gold_price,4698.3999,USD/oz,Yahoo Finance,https://finance.yahoo.com/quote/GC=F,2026-09-02T09:01:52.198922,daily,B,COMEX front-month proxy for London gold (USD/troy oz)
2026-04-22,lme_gold_price,4732.5,USD/oz,Yahoo Finance,https://finance.yahoo.com/quote/GC=F,2026-09-02T09:01:52.198922,daily,B,COMEX front-month proxy for London gold (USD/troy oz)
2026-04-23,lme_gold_price,4705.1001,USD/oz,Yahoo Finance,https://finance.yahoo.com/quote/GC=F,2026-09-02T09:01:52.198922,daily,B,COMEX front-month proxy for London gold (USD/troy oz)
2026-04-24,lme_gold_price,4722.2998,USD/oz,Yahoo Finance,https://finance.yahoo.com/quote/GC=F,2026-09-02T09:01:52.198922,daily,B,COMEX front-month proxy for London gold (USD/troy oz)
2026-04-27,lme_gold_price,4675.3999,USD/oz,Yahoo Finance,https://finance.yahoo.com/quote/GC=F,2026-09-02T09:01:52.199925,daily,B,COMEX front-month proxy for London gold (USD/troy oz)
2026-04-28,lme_gold_price,4591.5,USD/oz,Yahoo Finance,https://finance.yahoo.com/quote/GC=F,2026-09-02T09:01:52.199925,daily,B,COMEX front-month proxy for London gold (USD/troy oz)
2026-04-29,lme_gold_price,4545.2002,USD/oz,Yahoo Finance,https://finance.yahoo.com/quote/GC=F,2026-09-02T09:01:52.199925,daily,B,COMEX front-month proxy for London gold (USD/troy oz)
2026-04-30,lme_gold_price,4614.7002,USD/oz,Yahoo Finance,https://finance.yahoo.com/quote/GC=F,2026-09-02T09:01:52.199925,daily,B,COMEX front-month proxy for London gold (USD/troy oz)
2026-05-01,lme_gold_price,4629.8999,USD/oz,Yahoo Finance,https://finance.yahoo.com/quote/GC=F,2026-09-02T09:01:52.199925,daily,B,COMEX front-month proxy for London gold (USD/troy oz)
2026-05-04,lme_gold_price,4519.5,USD/oz,Yahoo Finance,https://finance.yahoo.com/quote/GC=F,2026-09-02T09:01:52.199925,daily,B,COMEX front-month proxy for London gold (USD/troy oz)
2026-05-05,lme_gold_price,4555.7998,USD/oz,Yahoo Finance,https://finance.yahoo.com/quote/GC=F,2026-09-02T09:01:52.200439,daily,B,COMEX front-month proxy for London gold (USD/troy oz)
2026-05-06,lme_gold_price,4681.8999,USD/oz,Yahoo Finance,https://finance.yahoo.com/quote/GC=F,2026-09-02T09:01:52.200439,daily,B,COMEX front-month proxy for London gold (USD/troy oz)
2026-05-07,lme_gold_price,4699.7998,USD/oz,Yahoo Finance,https://finance.yahoo.com/quote/GC=F,2026-09-02T09:01:52.200439,daily,B,COMEX front-month proxy for London gold (USD/troy oz)
2026-05-08,lme_gold_price,4720.3999,USD/oz,Yahoo Finance,https://finance.yahoo.com/quote/GC=F,2026-09-02T09:01:52.200439,daily,B,COMEX front-month proxy for London gold (USD/troy oz)
2026-05-11,lme_gold_price,4718.7002,USD/oz,Yahoo Finance,https://finance.yahoo.com/quote/GC=F,2026-09-02T09:01:52.200439,daily,B,COMEX front-month proxy for London gold (USD/troy oz)
2026-05-12,lme_gold_price,4677.6001,USD/oz,Yahoo Finance,https://finance.yahoo.com/quote/GC=F,2026-09-02T09:01:52.200439,daily,B,COMEX front-month proxy for London gold (USD/troy oz)
2026-05-13,lme_gold_price,4697.7002,USD/oz,Yahoo Finance,https://finance.yahoo.com/quote/GC=F,2026-09-02T09:01:52.200439,daily,B,COMEX front-month proxy for London gold (USD/troy oz)
2026-05-14,lme_gold_price,4678.1001,USD/oz,Yahoo Finance,https://finance.yahoo.com/quote/GC=F,2026-09-02T09:01:52.200439,daily,B,COMEX front-month proxy for London gold (USD/troy oz)
2026-05-15,lme_gold_price,4555.7998,USD/oz,Yahoo Finance,https://finance.yahoo.com/quote/GC=F,2026-09-02T09:01:52.200439,daily,B,COMEX front-month proxy for London gold (USD/troy oz)
2026-05-18,lme_gold_price,4552.5,USD/oz,Yahoo Finance,https://finance.yahoo.com/quote/GC=F,2026-09-02T09:01:52.200439,daily,B,COMEX front-month proxy for London gold (USD/troy oz)
2026-05-19,lme_gold_price,4506.2998,USD/oz,Yahoo Finance,https://finance.yahoo.com/quote/GC=F,2026-09-02T09:01:52.200439,daily,B,COMEX front-month proxy for London gold (USD/troy oz)
2026-05-20,lme_gold_price,4531.2998,USD/oz,Yahoo Finance,https://finance.yahoo.com/quote/GC=F,2026-09-02T09:01:52.200439,daily,B,COMEX front-month proxy for London gold (USD/troy oz)
2026-05-21,lme_gold_price,4539.7998,USD/oz,Yahoo Finance,https://finance.yahoo.com/quote/GC=F,2026-09-02T09:01:52.201438,daily,B,COMEX front-month proxy for London gold (USD/troy oz)
2026-05-22,lme_gold_price,4521.0,USD/oz,Yahoo Finance,https://finance.yahoo.com/quote/GC=F,2026-09-02T09:01:52.201438,daily,B,COMEX front-month proxy for London gold (USD/troy oz)
2026-05-26,lme_gold_price,4500.3999,USD/oz,Yahoo Finance,https://finance.yahoo.com/quote/GC=F,2026-09-02T09:01:52.201438,daily,B,COMEX front-month proxy for London gold (USD/troy oz)
2026-05-27,lme_gold_price,4447.5,USD/oz,Yahoo Finance,https://finance.yahoo.com/quote/GC=F,2026-09-02T09:01:52.201438,daily,B,COMEX front-month proxy for London gold (USD/troy oz)
2026-05-28,lme_gold_price,4499.2998,USD/oz,Yahoo Finance,https://finance.yahoo.com/quote/GC=F,2026-09-02T09:01:52.201438,daily,B,COMEX front-month proxy for London gold (USD/troy oz)
2026-05-29,lme_gold_price,4560.5,USD/oz,Yahoo Finance,https://finance.yahoo.com/quote/GC=F,2026-09-02T09:01:52.201438,daily,B,COMEX front-month proxy for London gold (USD/troy oz)
2026-06-01,lme_gold_price,4475.2002,USD/oz,Yahoo Finance,https://finance.yahoo.com/quote/GC=F,2026-09-02T09:01:52.201438,daily,B,COMEX front-month proxy for London gold (USD/troy oz)
2026-06-02,lme_gold_price,4489.1001,USD/oz,Yahoo Finance,https://finance.yahoo.com/quote/GC=F,2026-09-02T09:01:52.201438,daily,B,COMEX front-month proxy for London gold (USD/troy oz)
2026-06-03,lme_gold_price,4436.7002,USD/oz,Yahoo Finance,https://finance.yahoo.com/quote/GC=F,2026-09-02T09:01:52.201438,daily,B,COMEX front-month proxy for London gold (USD/troy oz)
2026-06-04,lme_gold_price,4475.7998,USD/oz,Yahoo Finance,https://finance.yahoo.com/quote/GC=F,2026-09-02T09:01:52.201438,daily,B,COMEX front-month proxy for London gold (USD/troy oz)
2026-06-05,lme_gold_price,4337.1001,USD/oz,Yahoo Finance,https://finance.yahoo.com/quote/GC=F,2026-09-02T09:01:52.201438,daily,B,COMEX front-month proxy for London gold (USD/troy oz)
2026-06-08,lme_gold_price,4335.8999,USD/oz,Yahoo Finance,https://finance.yahoo.com/quote/GC=F,2026-09-02T09:01:52.201438,daily,B,COMEX front-month proxy for London gold (USD/troy oz)
2026-06-09,lme_gold_price,4260.0,USD/oz,Yahoo Finance,https://finance.yahoo.com/quote/GC=F,2026-09-02T09:01:52.201438,daily,B,COMEX front-month proxy for London gold (USD/troy oz)
2026-06-10,lme_gold_price,4108.2002,USD/oz,Yahoo Finance,https://finance.yahoo.com/quote/GC=F,2026-09-02T09:01:52.202441,daily,B,COMEX front-month proxy for London gold (USD/troy oz)
2026-06-11,lme_gold_price,4090.3,USD/oz,Yahoo Finance,https://finance.yahoo.com/quote/GC=F,2026-09-02T09:01:52.202441,daily,B,COMEX front-month proxy for London gold (USD/troy oz)
2026-06-12,lme_gold_price,4215.0,USD/oz,Yahoo Finance,https://finance.yahoo.com/quote/GC=F,2026-09-02T09:01:52.202441,daily,B,COMEX front-month proxy for London gold (USD/troy oz)
2026-06-15,lme_gold_price,4328.0,USD/oz,Yahoo Finance,https://finance.yahoo.com/quote/GC=F,2026-09-02T09:01:52.202441,daily,B,COMEX front-month proxy for London gold (USD/troy oz)
2026-06-16,lme_gold_price,4330.8999,USD/oz,Yahoo Finance,https://finance.yahoo.com/quote/GC=F,2026-09-02T09:01:52.202441,daily,B,COMEX front-month proxy for London gold (USD/troy oz)
2026-06-17,lme_gold_price,4358.8999,USD/oz,Yahoo Finance,https://finance.yahoo.com/quote/GC=F,2026-09-02T09:01:52.202441,daily,B,COMEX front-month proxy for London gold (USD/troy oz)
2026-06-18,lme_gold_price,4224.1001,USD/oz,Yahoo Finance,https://finance.yahoo.com/quote/GC=F,2026-09-02T09:01:52.202953,daily,B,COMEX front-month proxy for London gold (USD/troy oz)
2026-06-22,lme_gold_price,4181.8999,USD/oz,Yahoo Finance,https://finance.yahoo.com/quote/GC=F,2026-09-02T09:01:52.202953,daily,B,COMEX front-month proxy for London gold (USD/troy oz)
2026-06-23,lme_gold_price,4129.8999,USD/oz,Yahoo Finance,https://finance.yahoo.com/quote/GC=F,2026-09-02T09:01:52.202953,daily,B,COMEX front-month proxy for London gold (USD/troy oz)
2026-06-24,lme_gold_price,3990.3,USD/oz,Yahoo Finance,https://finance.yahoo.com/quote/GC=F,2026-09-02T09:01:52.202953,daily,B,COMEX front-month proxy for London gold (USD/troy oz)
2026-06-25,lme_gold_price,4030.5,USD/oz,Yahoo Finance,https://finance.yahoo.com/quote/GC=F,2026-09-02T09:01:52.202953,daily,B,COMEX front-month proxy for London gold (USD/troy oz)
2026-06-26,lme_gold_price,4078.7,USD/oz,Yahoo Finance,https://finance.yahoo.com/quote/GC=F,2026-09-02T09:01:52.202953,daily,B,COMEX front-month proxy for London gold (USD/troy oz)
2026-06-29,lme_gold_price,4022.3,USD/oz,Yahoo Finance,https://finance.yahoo.com/quote/GC=F,2026-09-02T09:01:52.202953,daily,B,COMEX front-month proxy for London gold (USD/troy oz)
2026-06-30,lme_gold_price,4022.8999,USD/oz,Yahoo Finance,https://finance.yahoo.com/quote/GC=F,2026-09-02T09:01:52.202953,daily,B,COMEX front-month proxy for London gold (USD/troy oz)
2026-07-01,lme_gold_price,4068.3,USD/oz,Yahoo Finance,https://finance.yahoo.com/quote/GC=F,2026-09-02T09:01:52.202953,daily,B,COMEX front-month proxy for London gold (USD/troy oz)
2026-07-02,lme_gold_price,4112.7002,USD/oz,Yahoo Finance,https://finance.yahoo.com/quote/GC=F,2026-09-02T09:01:52.202953,daily,B,COMEX front-month proxy for London gold (USD/troy oz)
2026-07-03,lme_gold_price,4187.2998,USD/oz,Yahoo Finance,https://finance.yahoo.com/quote/GC=F,2026-07-05T00:03:37.618329,daily,B,
2026-07-05,lme_gold_price,4193.7002,USD/oz,Yahoo Finance,https://finance.yahoo.com/quote/GC=F,2026-07-06T00:03:29.574119,daily,B,
2026-07-06,lme_gold_price,4155.1001,USD/oz,Yahoo Finance,https://finance.yahoo.com/quote/GC=F,2026-09-02T09:01:52.202953,daily,B,COMEX front-month proxy for London gold (USD/troy oz)
2026-07-07,lme_gold_price,4145.2998,USD/oz,Yahoo Finance,https://finance.yahoo.com/quote/GC=F,2026-09-02T09:01:52.202953,daily,B,COMEX front-month proxy for London gold (USD/troy oz)
2026-07-08,lme_gold_price,4070.8999,USD/oz,Yahoo Finance,https://finance.yahoo.com/quote/GC=F,2026-09-02T09:01:52.203955,daily,B,COMEX front-month proxy for London gold (USD/troy oz)
2026-07-09,lme_gold_price,4130.6001,USD/oz,Yahoo Finance,https://finance.yahoo.com/quote/GC=F,2026-09-02T09:01:52.203955,daily,B,COMEX front-month proxy for London gold (USD/troy oz)
2026-07-10,lme_gold_price,4104.1001,USD/oz,Yahoo Finance,https://finance.yahoo.com/quote/GC=F,2026-09-02T09:01:52.203955,daily,B,COMEX front-month proxy for London gold (USD/troy oz)
2026-07-12,lme_gold_price,4078.8999,USD/oz,Yahoo Finance,https://finance.yahoo.com/quote/GC=F,2026-07-13T10:06:43.672320,daily,B,
2026-07-13,lme_gold_price,3997.0,USD/oz,Yahoo Finance,https://finance.yahoo.com/quote/GC=F,2026-09-02T09:01:52.203955,daily,B,COMEX front-month proxy for London gold (USD/troy oz)
2026-07-14,lme_gold_price,4061.1001,USD/oz,Yahoo Finance,https://finance.yahoo.com/quote/GC=F,2026-09-02T09:01:52.203955,daily,B,COMEX front-month proxy for London gold (USD/troy oz)
2026-07-15,lme_gold_price,4044.0,USD/oz,Yahoo Finance,https://finance.yahoo.com/quote/GC=F,2026-09-02T09:01:52.203955,daily,B,COMEX front-month proxy for London gold (USD/troy oz)
2026-07-16,lme_gold_price,3985.6001,USD/oz,Yahoo Finance,https://finance.yahoo.com/quote/GC=F,2026-09-02T09:01:52.203955,daily,B,COMEX front-month proxy for London gold (USD/troy oz)
2026-07-17,lme_gold_price,4012.7,USD/oz,Yahoo Finance,https://finance.yahoo.com/quote/GC=F,2026-09-02T09:01:52.203955,daily,B,COMEX front-month proxy for London gold (USD/troy oz)
2026-07-19,lme_gold_price,3998.1001,USD/oz,Yahoo Finance,https://finance.yahoo.com/quote/GC=F,2026-07-20T00:06:10.090221,daily,B,
2026-07-20,lme_gold_price,4010.3,USD/oz,Yahoo Finance,https://finance.yahoo.com/quote/GC=F,2026-09-02T09:01:52.203955,daily,B,COMEX front-month proxy for London gold (USD/troy oz)
2026-07-21,lme_gold_price,4071.1001,USD/oz,Yahoo Finance,https://finance.yahoo.com/quote/GC=F,2026-09-02T09:01:52.203955,daily,B,COMEX front-month proxy for London gold (USD/troy oz)
2026-07-22,lme_gold_price,4146.8999,USD/oz,Yahoo Finance,https://finance.yahoo.com/quote/GC=F,2026-09-02T09:01:52.203955,daily,B,COMEX front-month proxy for London gold (USD/troy oz)
2026-07-23,lme_gold_price,4046.6001,USD/oz,Yahoo Finance,https://finance.yahoo.com/quote/GC=F,2026-09-02T09:01:52.203955,daily,B,COMEX front-month proxy for London gold (USD/troy oz)
2026-07-24,lme_gold_price,4067.6001,USD/oz,Yahoo Finance,https://finance.yahoo.com/quote/GC=F,2026-09-02T09:01:52.203955,daily,B,COMEX front-month proxy for London gold (USD/troy oz)
2026-07-26,lme_gold_price,4096.7002,USD/oz,Yahoo Finance,https://finance.yahoo.com/quote/GC=F,2026-07-27T00:06:22.710839,daily,B,
2026-07-27,lme_gold_price,4074.5,USD/oz,Yahoo Finance,https://finance.yahoo.com/quote/GC=F,2026-09-02T09:01:52.203955,daily,B,COMEX front-month proxy for London gold (USD/troy oz)
2026-07-28,lme_gold_price,4036.3,USD/oz,Yahoo Finance,https://finance.yahoo.com/quote/GC=F,2026-09-02T09:01:52.203955,daily,B,COMEX front-month proxy for London gold (USD/troy oz)
2026-07-29,lme_gold_price,4034.7,USD/oz,Yahoo Finance,https://finance.yahoo.com/quote/GC=F,2026-09-02T09:01:52.203955,daily,B,COMEX front-month proxy for London gold (USD/troy oz)
2026-07-30,lme_gold_price,4100.1001,USD/oz,Yahoo Finance,https://finance.yahoo.com/quote/GC=F,2026-09-02T09:01:52.203955,daily,B,COMEX front-month proxy for London gold (USD/troy oz)
2026-07-31,lme_gold_price,4049.1001,USD/oz,Yahoo Finance,https://finance.yahoo.com/quote/GC=F,2026-09-02T09:01:52.203955,daily,B,COMEX front-month proxy for London gold (USD/troy oz)
2026-08-02,lme_gold_price,4129.0,USD/oz,Yahoo Finance,https://finance.yahoo.com/quote/GC=F,2026-08-03T00:07:18.181399,daily,B,
2026-08-03,lme_gold_price,4033.7,USD/oz,Yahoo Finance,https://finance.yahoo.com/quote/GC=F,2026-09-02T09:01:52.205446,daily,B,COMEX front-month proxy for London gold (USD/troy oz)
2026-08-04,lme_gold_price,4095.3999,USD/oz,Yahoo Finance,https://finance.yahoo.com/quote/GC=F,2026-09-02T09:01:52.205446,daily,B,COMEX front-month proxy for London gold (USD/troy oz)
2026-08-05,lme_gold_price,4245.7998,USD/oz,Yahoo Finance,https://finance.yahoo.com/quote/GC=F,2026-09-02T09:01:52.205446,daily,B,COMEX front-month proxy for London gold (USD/troy oz)
2026-08-06,lme_gold_price,4242.0,USD/oz,Yahoo Finance,https://finance.yahoo.com/quote/GC=F,2026-09-02T09:01:52.205446,daily,B,COMEX front-month proxy for London gold (USD/troy oz)
2026-08-07,lme_gold_price,4340.7002,USD/oz,Yahoo Finance,https://finance.yahoo.com/quote/GC=F,2026-09-02T09:01:52.205446,daily,B,COMEX front-month proxy for London gold (USD/troy oz)
2026-08-09,lme_gold_price,4394.6001,USD/oz,Yahoo Finance,https://finance.yahoo.com/quote/GC=F,2026-08-10T08:55:40.218499,daily,B,
2026-08-10,lme_gold_price,4361.7998,USD/oz,Yahoo Finance,https://finance.yahoo.com/quote/GC=F,2026-09-02T09:01:52.205446,daily,B,COMEX front-month proxy for London gold (USD/troy oz)
2026-08-11,lme_gold_price,4383.0,USD/oz,Yahoo Finance,https://finance.yahoo.com/quote/GC=F,2026-09-02T09:01:52.205446,daily,B,COMEX front-month proxy for London gold (USD/troy oz)
2026-08-12,lme_gold_price,4408.8999,USD/oz,Yahoo Finance,https://finance.yahoo.com/quote/GC=F,2026-09-02T09:01:52.205446,daily,B,COMEX front-month proxy for London gold (USD/troy oz)
2026-08-13,lme_gold_price,4363.6001,USD/oz,Yahoo Finance,https://finance.yahoo.com/quote/GC=F,2026-09-02T09:01:52.205446,daily,B,COMEX front-month proxy for London gold (USD/troy oz)
2026-08-14,lme_gold_price,4380.3999,USD/oz,Yahoo Finance,https://finance.yahoo.com/quote/GC=F,2026-09-02T09:01:52.205446,daily,B,COMEX front-month proxy for London gold (USD/troy oz)
2026-08-16,lme_gold_price,4426.6001,USD/oz,Yahoo Finance,https://finance.yahoo.com/quote/GC=F,2026-08-17T00:06:07.886887,daily,B,
2026-08-17,lme_gold_price,4417.7998,USD/oz,Yahoo Finance,https://finance.yahoo.com/quote/GC=F,2026-09-02T09:01:52.205446,daily,B,COMEX front-month proxy for London gold (USD/troy oz)
2026-08-18,lme_gold_price,4366.0,USD/oz,Yahoo Finance,https://finance.yahoo.com/quote/GC=F,2026-09-02T09:01:52.205446,daily,B,COMEX front-month proxy for London gold (USD/troy oz)
2026-08-19,lme_gold_price,4489.3999,USD/oz,Yahoo Finance,https://finance.yahoo.com/quote/GC=F,2026-09-02T09:01:52.206438,daily,B,COMEX front-month proxy for London gold (USD/troy oz)
2026-08-20,lme_gold_price,4516.2998,USD/oz,Yahoo Finance,https://finance.yahoo.com/quote/GC=F,2026-09-02T09:01:52.206438,daily,B,COMEX front-month proxy for London gold (USD/troy oz)
2026-08-21,lme_gold_price,4624.1001,USD/oz,Yahoo Finance,https://finance.yahoo.com/quote/GC=F,2026-09-02T09:01:52.206438,daily,B,COMEX front-month proxy for London gold (USD/troy oz)
2026-08-23,lme_gold_price,4660.6001,USD/oz,Yahoo Finance,https://finance.yahoo.com/quote/GC=F,2026-08-24T08:48:51.930849,daily,B,
2026-08-24,lme_gold_price,4640.7998,USD/oz,Yahoo Finance,https://finance.yahoo.com/quote/GC=F,2026-09-02T09:01:52.206438,daily,B,COMEX front-month proxy for London gold (USD/troy oz)
2026-08-25,lme_gold_price,4638.1001,USD/oz,Yahoo Finance,https://finance.yahoo.com/quote/GC=F,2026-09-02T09:01:52.206438,daily,B,COMEX front-month proxy for London gold (USD/troy oz)
2026-08-26,lme_gold_price,4598.2002,USD/oz,Yahoo Finance,https://finance.yahoo.com/quote/GC=F,2026-09-02T09:01:52.206438,daily,B,COMEX front-month proxy for London gold (USD/troy oz)
2026-08-27,lme_gold_price,4609.7002,USD/oz,Yahoo Finance,https://finance.yahoo.com/quote/GC=F,2026-09-02T09:01:52.206438,daily,B,COMEX front-month proxy for London gold (USD/troy oz)
2026-08-28,lme_gold_price,4478.1001,USD/oz,Yahoo Finance,https://finance.yahoo.com/quote/GC=F,2026-09-02T09:01:52.206438,daily,B,COMEX front-month proxy for London gold (USD/troy oz)
2026-08-30,lme_gold_price,4506.2998,USD/oz,Yahoo Finance,https://finance.yahoo.com/quote/GC=F,2026-08-31T08:35:44.071395,daily,B,
2026-08-31,lme_gold_price,4431.1001,USD/oz,Yahoo Finance,https://finance.yahoo.com/quote/GC=F,2026-09-02T09:01:52.206438,daily,B,COMEX front-month proxy for London gold (USD/troy oz)
2026-09-01,lme_gold_price,4368.3999,USD/oz,Yahoo Finance,https://finance.yahoo.com/quote/GC=F,2026-09-02T09:01:52.206438,daily,B,COMEX front-month proxy for London gold (USD/troy oz)
2026-01-02,lme_inventory,8755.42,ton,手动维护-LME,https://www.lme.com/Market-data/Reports-and-data/Warehouse-and-stock-reports,2026-07-13T10:06:58.443606,daily,B,
2026-01-03,lme_inventory,8755.84,ton,手动维护-LME,https://www.lme.com/Market-data/Reports-and-data/Warehouse-and-stock-reports,2026-07-13T10:06:58.443606,daily,B,
2026-01-04,lme_inventory,8756.26,ton,手动维护-LME,https://www.lme.com/Market-data/Reports-and-data/Warehouse-and-stock-reports,2026-07-13T10:06:58.443606,daily,B,
2026-01-05,lme_inventory,8756.68,ton,手动维护-LME,https://www.lme.com/Market-data/Reports-and-data/Warehouse-and-stock-reports,2026-07-13T10:06:58.443606,daily,B,
2026-01-06,lme_inventory,8757.1,ton,手动维护-LME,https://www.lme.com/Market-data/Reports-and-data/Warehouse-and-stock-reports,2026-07-13T10:06:58.443606,daily,B,
2026-01-07,lme_inventory,8757.52,ton,手动维护-LME,https://www.lme.com/Market-data/Reports-and-data/Warehouse-and-stock-reports,2026-07-13T10:06:58.444606,daily,B,
2026-01-08,lme_inventory,8757.94,ton,手动维护-LME,https://www.lme.com/Market-data/Reports-and-data/Warehouse-and-stock-reports,2026-07-13T10:06:58.444606,daily,B,
2026-01-09,lme_inventory,8758.35,ton,手动维护-LME,https://www.lme.com/Market-data/Reports-and-data/Warehouse-and-stock-reports,2026-07-13T10:06:58.444606,daily,B,
2026-01-10,lme_inventory,8758.77,ton,手动维护-LME,https://www.lme.com/Market-data/Reports-and-data/Warehouse-and-stock-reports,2026-07-13T10:06:58.444606,daily,B,
2026-01-11,lme_inventory,8759.19,ton,手动维护-LME,https://www.lme.com/Market-data/Reports-and-data/Warehouse-and-stock-reports,2026-07-13T10:06:58.444606,daily,B,
2026-01-12,lme_inventory,8759.61,ton,手动维护-LME,https://www.lme.com/Market-data/Reports-and-data/Warehouse-and-stock-reports,2026-07-13T10:06:58.445609,daily,B,
2026-01-13,lme_inventory,8760.03,ton,手动维护-LME,https://www.lme.com/Market-data/Reports-and-data/Warehouse-and-stock-reports,2026-07-13T10:06:58.445700,daily,B,
2026-01-14,lme_inventory,8760.45,ton,手动维护-LME,https://www.lme.com/Market-data/Reports-and-data/Warehouse-and-stock-reports,2026-07-13T10:06:58.445700,daily,B,
2026-01-15,lme_inventory,8760.87,ton,手动维护-LME,https://www.lme.com/Market-data/Reports-and-data/Warehouse-and-stock-reports,2026-07-13T10:06:58.445700,daily,B,
2026-01-16,lme_inventory,8761.29,ton,手动维护-LME,https://www.lme.com/Market-data/Reports-and-data/Warehouse-and-stock-reports,2026-07-13T10:06:58.445700,daily,B,
2026-01-17,lme_inventory,8761.71,ton,手动维护-LME,https://www.lme.com/Market-data/Reports-and-data/Warehouse-and-stock-reports,2026-07-13T10:06:58.446214,daily,B,
2026-01-18,lme_inventory,8762.13,ton,手动维护-LME,https://www.lme.com/Market-data/Reports-and-data/Warehouse-and-stock-reports,2026-07-13T10:06:58.446244,daily,B,
2026-01-19,lme_inventory,8762.55,ton,手动维护-LME,https://www.lme.com/Market-data/Reports-and-data/Warehouse-and-stock-reports,2026-07-13T10:06:58.446244,daily,B,
2026-01-20,lme_inventory,8762.97,ton,手动维护-LME,https://www.lme.com/Market-data/Reports-and-data/Warehouse-and-stock-reports,2026-07-13T10:06:58.446244,daily,B,
2026-01-21,lme_inventory,8763.39,ton,手动维护-LME,https://www.lme.com/Market-data/Reports-and-data/Warehouse-and-stock-reports,2026-07-13T10:06:58.446244,daily,B,
2026-01-22,lme_inventory,8763.81,ton,手动维护-LME,https://www.lme.com/Market-data/Reports-and-data/Warehouse-and-stock-reports,2026-07-13T10:06:58.446244,daily,B,
2026-01-23,lme_inventory,8764.23,ton,手动维护-LME,https://www.lme.com/Market-data/Reports-and-data/Warehouse-and-stock-reports,2026-07-13T10:06:58.446244,daily,B,
2026-01-24,lme_inventory,8764.65,ton,手动维护-LME,https://www.lme.com/Market-data/Reports-and-data/Warehouse-and-stock-reports,2026-07-13T10:06:58.446244,daily,B,
2026-01-25,lme_inventory,8765.06,ton,手动维护-LME,https://www.lme.com/Market-data/Reports-and-data/Warehouse-and-stock-reports,2026-07-13T10:06:58.447236,daily,B,
2026-01-26,lme_inventory,8765.48,ton,手动维护-LME,https://www.lme.com/Market-data/Reports-and-data/Warehouse-and-stock-reports,2026-07-13T10:06:58.447236,daily,B,
2026-01-27,lme_inventory,8765.9,ton,手动维护-LME,https://www.lme.com/Market-data/Reports-and-data/Warehouse-and-stock-reports,2026-07-13T10:06:58.447236,daily,B,
2026-01-28,lme_inventory,8766.32,ton,手动维护-LME,https://www.lme.com/Market-data/Reports-and-data/Warehouse-and-stock-reports,2026-07-13T10:06:58.447236,daily,B,
2026-01-29,lme_inventory,8766.74,ton,手动维护-LME,https://www.lme.com/Market-data/Reports-and-data/Warehouse-and-stock-reports,2026-07-13T10:06:58.447236,daily,B,
2026-01-30,lme_inventory,8767.16,ton,手动维护-LME,https://www.lme.com/Market-data/Reports-and-data/Warehouse-and-stock-reports,2026-07-13T10:06:58.447236,daily,B,
2026-01-31,lme_inventory,8767.58,ton,手动维护-LME,https://www.lme.com/Market-data/Reports-and-data/Warehouse-and-stock-reports,2026-07-13T10:06:58.447236,daily,B,
2026-02-01,lme_inventory,8768.0,ton,手动维护-LME,https://www.lme.com/Market-data/Reports-and-data/Warehouse-and-stock-reports,2026-07-13T10:06:58.448235,daily,B,
2026-02-02,lme_inventory,8768.43,ton,手动维护-LME,https://www.lme.com/Market-data/Reports-and-data/Warehouse-and-stock-reports,2026-07-13T10:06:58.448235,daily,B,
2026-02-03,lme_inventory,8768.86,ton,手动维护-LME,https://www.lme.com/Market-data/Reports-and-data/Warehouse-and-stock-reports,2026-07-13T10:06:58.448235,daily,B,
2026-02-04,lme_inventory,8769.29,ton,手动维护-LME,https://www.lme.com/Market-data/Reports-and-data/Warehouse-and-stock-reports,2026-07-13T10:06:58.448235,daily,B,
2026-02-05,lme_inventory,8769.71,ton,手动维护-LME,https://www.lme.com/Market-data/Reports-and-data/Warehouse-and-stock-reports,2026-07-13T10:06:58.448235,daily,B,
2026-02-06,lme_inventory,8770.14,ton,手动维护-LME,https://www.lme.com/Market-data/Reports-and-data/Warehouse-and-stock-reports,2026-07-13T10:06:58.448235,daily,B,
2026-02-07,lme_inventory,8770.57,ton,手动维护-LME,https://www.lme.com/Market-data/Reports-and-data/Warehouse-and-stock-reports,2026-07-13T10:06:58.448235,daily,B,
2026-02-08,lme_inventory,8771.0,ton,手动维护-LME,https://www.lme.com/Market-data/Reports-and-data/Warehouse-and-stock-reports,2026-07-13T10:06:58.448235,daily,B,
2026-02-09,lme_inventory,8771.43,ton,手动维护-LME,https://www.lme.com/Market-data/Reports-and-data/Warehouse-and-stock-reports,2026-07-13T10:06:58.448235,daily,B,
2026-02-10,lme_inventory,8771.86,ton,手动维护-LME,https://www.lme.com/Market-data/Reports-and-data/Warehouse-and-stock-reports,2026-07-13T10:06:58.448235,daily,B,
2026-02-11,lme_inventory,8772.29,ton,手动维护-LME,https://www.lme.com/Market-data/Reports-and-data/Warehouse-and-stock-reports,2026-07-13T10:06:58.449236,daily,B,
2026-02-12,lme_inventory,8772.71,ton,手动维护-LME,https://www.lme.com/Market-data/Reports-and-data/Warehouse-and-stock-reports,2026-07-13T10:06:58.449236,daily,B,
2026-02-13,lme_inventory,8773.14,ton,手动维护-LME,https://www.lme.com/Market-data/Reports-and-data/Warehouse-and-stock-reports,2026-07-13T10:06:58.449236,daily,B,
2026-02-14,lme_inventory,8773.57,ton,手动维护-LME,https://www.lme.com/Market-data/Reports-and-data/Warehouse-and-stock-reports,2026-07-13T10:06:58.449236,daily,B,
2026-02-15,lme_inventory,8774.0,ton,手动维护-LME,https://www.lme.com/Market-data/Reports-and-data/Warehouse-and-stock-reports,2026-07-13T10:06:58.449236,daily,B,
2026-02-16,lme_inventory,8774.43,ton,手动维护-LME,https://www.lme.com/Market-data/Reports-and-data/Warehouse-and-stock-reports,2026-07-13T10:06:58.449236,daily,B,
2026-02-17,lme_inventory,8774.86,ton,手动维护-LME,https://www.lme.com/Market-data/Reports-and-data/Warehouse-and-stock-reports,2026-07-13T10:06:58.449236,daily,B,
2026-02-18,lme_inventory,8775.29,ton,手动维护-LME,https://www.lme.com/Market-data/Reports-and-data/Warehouse-and-stock-reports,2026-07-13T10:06:58.449236,daily,B,
2026-02-19,lme_inventory,8775.71,ton,手动维护-LME,https://www.lme.com/Market-data/Reports-and-data/Warehouse-and-stock-reports,2026-07-13T10:06:58.449236,daily,B,
2026-02-20,lme_inventory,8776.14,ton,手动维护-LME,https://www.lme.com/Market-data/Reports-and-data/Warehouse-and-stock-reports,2026-07-13T10:06:58.449236,daily,B,
2026-02-21,lme_inventory,8776.57,ton,手动维护-LME,https://www.lme.com/Market-data/Reports-and-data/Warehouse-and-stock-reports,2026-07-13T10:06:58.449236,daily,B,
2026-02-22,lme_inventory,8777.0,ton,手动维护-LME,https://www.lme.com/Market-data/Reports-and-data/Warehouse-and-stock-reports,2026-07-13T10:06:58.450229,daily,B,
2026-02-23,lme_inventory,8777.43,ton,手动维护-LME,https://www.lme.com/Market-data/Reports-and-data/Warehouse-and-stock-reports,2026-07-13T10:06:58.450229,daily,B,
2026-02-24,lme_inventory,8777.86,ton,手动维护-LME,https://www.lme.com/Market-data/Reports-and-data/Warehouse-and-stock-reports,2026-07-13T10:06:58.450229,daily,B,
2026-02-25,lme_inventory,8778.29,ton,手动维护-LME,https://www.lme.com/Market-data/Reports-and-data/Warehouse-and-stock-reports,2026-07-13T10:06:58.450229,daily,B,
2026-02-26,lme_inventory,8778.71,ton,手动维护-LME,https://www.lme.com/Market-data/Reports-and-data/Warehouse-and-stock-reports,2026-07-13T10:06:58.450229,daily,B,
2026-02-27,lme_inventory,8779.14,ton,手动维护-LME,https://www.lme.com/Market-data/Reports-and-data/Warehouse-and-stock-reports,2026-07-13T10:06:58.450229,daily,B,
2026-02-28,lme_inventory,8779.57,ton,手动维护-LME,https://www.lme.com/Market-data/Reports-and-data/Warehouse-and-stock-reports,2026-07-13T10:06:58.450229,daily,B,
2026-03-01,lme_inventory,8780.0,ton,手动维护-LME,https://www.lme.com/Market-data/Reports-and-data/Warehouse-and-stock-reports,2026-07-13T10:06:58.450229,daily,B,
2026-03-02,lme_inventory,8780.48,ton,手动维护-LME,https://www.lme.com/Market-data/Reports-and-data/Warehouse-and-stock-reports,2026-07-13T10:06:58.450229,daily,B,
2026-03-03,lme_inventory,8780.97,ton,手动维护-LME,https://www.lme.com/Market-data/Reports-and-data/Warehouse-and-stock-reports,2026-07-13T10:06:58.451230,daily,B,
2026-03-04,lme_inventory,8781.45,ton,手动维护-LME,https://www.lme.com/Market-data/Reports-and-data/Warehouse-and-stock-reports,2026-07-13T10:06:58.451230,daily,B,
2026-03-05,lme_inventory,8781.94,ton,手动维护-LME,https://www.lme.com/Market-data/Reports-and-data/Warehouse-and-stock-reports,2026-07-13T10:06:58.451230,daily,B,
2026-03-06,lme_inventory,8782.42,ton,手动维护-LME,https://www.lme.com/Market-data/Reports-and-data/Warehouse-and-stock-reports,2026-07-13T10:06:58.451230,daily,B,
2026-03-07,lme_inventory,8782.9,ton,手动维护-LME,https://www.lme.com/Market-data/Reports-and-data/Warehouse-and-stock-reports,2026-07-13T10:06:58.451230,daily,B,
2026-03-08,lme_inventory,8783.39,ton,手动维护-LME,https://www.lme.com/Market-data/Reports-and-data/Warehouse-and-stock-reports,2026-07-13T10:06:58.451230,daily,B,
2026-03-09,lme_inventory,8783.87,ton,手动维护-LME,https://www.lme.com/Market-data/Reports-and-data/Warehouse-and-stock-reports,2026-07-13T10:06:58.451230,daily,B,
2026-03-10,lme_inventory,8784.35,ton,手动维护-LME,https://www.lme.com/Market-data/Reports-and-data/Warehouse-and-stock-reports,2026-07-13T10:06:58.451230,daily,B,
2026-03-11,lme_inventory,8784.84,ton,手动维护-LME,https://www.lme.com/Market-data/Reports-and-data/Warehouse-and-stock-reports,2026-07-13T10:06:58.451230,daily,B,
2026-03-12,lme_inventory,8785.32,ton,手动维护-LME,https://www.lme.com/Market-data/Reports-and-data/Warehouse-and-stock-reports,2026-07-13T10:06:58.452230,daily,B,
2026-03-13,lme_inventory,8785.81,ton,手动维护-LME,https://www.lme.com/Market-data/Reports-and-data/Warehouse-and-stock-reports,2026-07-13T10:06:58.452230,daily,B,
2026-03-14,lme_inventory,8786.29,ton,手动维护-LME,https://www.lme.com/Market-data/Reports-and-data/Warehouse-and-stock-reports,2026-07-13T10:06:58.452230,daily,B,
2026-03-15,lme_inventory,8786.77,ton,手动维护-LME,https://www.lme.com/Market-data/Reports-and-data/Warehouse-and-stock-reports,2026-07-13T10:06:58.452230,daily,B,
2026-03-16,lme_inventory,8650.0,ton,手动维护-LBMA,https://www.lbma.org.uk/prices-and-data/london-vault-data,2026-09-02T09:02:06.132220,daily,B,LBMA London vault stocks loaded from gold_inventory.csv (legacy LME column still supported)
2026-03-17,lme_inventory,8647.0,ton,手动维护-LBMA,https://www.lbma.org.uk/prices-and-data/london-vault-data,2026-09-02T09:02:06.132220,daily,B,LBMA London vault stocks loaded from gold_inventory.csv (legacy LME column still supported)
2026-03-18,lme_inventory,8652.0,ton,手动维护-LBMA,https://www.lbma.org.uk/prices-and-data/london-vault-data,2026-09-02T09:02:06.132220,daily,B,LBMA London vault stocks loaded from gold_inventory.csv (legacy LME column still supported)
2026-03-19,lme_inventory,8649.0,ton,手动维护-LBMA,https://www.lbma.org.uk/prices-and-data/london-vault-data,2026-09-02T09:02:06.132220,daily,B,LBMA London vault stocks loaded from gold_inventory.csv (legacy LME column still supported)
2026-03-20,lme_inventory,8655.0,ton,手动维护-LBMA,https://www.lbma.org.uk/prices-and-data/london-vault-data,2026-09-02T09:02:06.132220,daily,B,LBMA London vault stocks loaded from gold_inventory.csv (legacy LME column still supported)
2026-03-21,lme_inventory,8658.0,ton,手动维护-LBMA,https://www.lbma.org.uk/prices-and-data/london-vault-data,2026-09-02T09:02:06.132220,daily,B,LBMA London vault stocks loaded from gold_inventory.csv (legacy LME column still supported)
2026-03-22,lme_inventory,8660.0,ton,手动维护-LBMA,https://www.lbma.org.uk/prices-and-data/london-vault-data,2026-09-02T09:02:06.132220,daily,B,LBMA London vault stocks loaded from gold_inventory.csv (legacy LME column still supported)
2026-03-23,lme_inventory,8659.0,ton,手动维护-LBMA,https://www.lbma.org.uk/prices-and-data/london-vault-data,2026-09-02T09:02:06.132220,daily,B,LBMA London vault stocks loaded from gold_inventory.csv (legacy LME column still supported)
2026-03-24,lme_inventory,8662.0,ton,手动维护-LBMA,https://www.lbma.org.uk/prices-and-data/london-vault-data,2026-09-02T09:02:06.133220,daily,B,LBMA London vault stocks loaded from gold_inventory.csv (legacy LME column still supported)
2026-03-25,lme_inventory,8662.0,ton,手动维护-LBMA,https://www.lbma.org.uk/prices-and-data/london-vault-data,2026-09-02T09:02:06.133220,daily,B,LBMA London vault stocks loaded from gold_inventory.csv (legacy LME column still supported)
2026-03-26,lme_inventory,8662.0,ton,手动维护-LBMA,https://www.lbma.org.uk/prices-and-data/london-vault-data,2026-09-02T09:02:06.133220,daily,B,LBMA London vault stocks loaded from gold_inventory.csv (legacy LME column still supported)
2026-03-27,lme_inventory,8647.0,ton,手动维护-LBMA,https://www.lbma.org.uk/prices-and-data/london-vault-data,2026-09-02T09:02:06.133220,daily,B,LBMA London vault stocks loaded from gold_inventory.csv (legacy LME column still supported)
2026-03-28,lme_inventory,8643.0,ton,手动维护-LBMA,https://www.lbma.org.uk/prices-and-data/london-vault-data,2026-09-02T09:02:06.133220,daily,B,LBMA London vault stocks loaded from gold_inventory.csv (legacy LME column still supported)
2026-03-29,lme_inventory,8663.0,ton,手动维护-LBMA,https://www.lbma.org.uk/prices-and-data/london-vault-data,2026-09-02T09:02:06.133220,daily,B,LBMA London vault stocks loaded from gold_inventory.csv (legacy LME column still supported)
2026-03-30,lme_inventory,8649.0,ton,手动维护-LBMA,https://www.lbma.org.uk/prices-and-data/london-vault-data,2026-09-02T09:02:06.133220,daily,B,LBMA London vault stocks loaded from gold_inventory.csv (legacy LME column still supported)
2026-03-31,lme_inventory,8647.0,ton,手动维护-LBMA,https://www.lbma.org.uk/prices-and-data/london-vault-data,2026-09-02T09:02:06.133220,daily,B,LBMA London vault stocks loaded from gold_inventory.csv (legacy LME column still supported)
2026-04-01,lme_inventory,8635.0,ton,手动维护-LBMA,https://www.lbma.org.uk/prices-and-data/london-vault-data,2026-09-02T09:02:06.133220,daily,B,LBMA London vault stocks loaded from gold_inventory.csv (legacy LME column still supported)
2026-04-02,lme_inventory,8659.0,ton,手动维护-LBMA,https://www.lbma.org.uk/prices-and-data/london-vault-data,2026-09-02T09:02:06.133220,daily,B,LBMA London vault stocks loaded from gold_inventory.csv (legacy LME column still supported)
2026-04-03,lme_inventory,8641.0,ton,手动维护-LBMA,https://www.lbma.org.uk/prices-and-data/london-vault-data,2026-09-02T09:02:06.133220,daily,B,LBMA London vault stocks loaded from gold_inventory.csv (legacy LME column still supported)
2026-04-04,lme_inventory,8643.0,ton,手动维护-LBMA,https://www.lbma.org.uk/prices-and-data/london-vault-data,2026-09-02T09:02:06.133220,daily,B,LBMA London vault stocks loaded from gold_inventory.csv (legacy LME column still supported)
2026-04-05,lme_inventory,8658.0,ton,手动维护-LBMA,https://www.lbma.org.uk/prices-and-data/london-vault-data,2026-09-02T09:02:06.134220,daily,B,LBMA London vault stocks loaded from gold_inventory.csv (legacy LME column still supported)
2026-04-06,lme_inventory,8635.0,ton,手动维护-LBMA,https://www.lbma.org.uk/prices-and-data/london-vault-data,2026-09-02T09:02:06.134220,daily,B,LBMA London vault stocks loaded from gold_inventory.csv (legacy LME column still supported)
2026-04-07,lme_inventory,8646.0,ton,手动维护-LBMA,https://www.lbma.org.uk/prices-and-data/london-vault-data,2026-09-02T09:02:06.134220,daily,B,LBMA London vault stocks loaded from gold_inventory.csv (legacy LME column still supported)
2026-04-08,lme_inventory,8642.0,ton,手动维护-LBMA,https://www.lbma.org.uk/prices-and-data/london-vault-data,2026-09-02T09:02:06.134220,daily,B,LBMA London vault stocks loaded from gold_inventory.csv (legacy LME column still supported)
2026-04-09,lme_inventory,8658.0,ton,手动维护-LBMA,https://www.lbma.org.uk/prices-and-data/london-vault-data,2026-09-02T09:02:06.134220,daily,B,LBMA London vault stocks loaded from gold_inventory.csv (legacy LME column still supported)
2026-04-10,lme_inventory,8645.0,ton,手动维护-LBMA,https://www.lbma.org.uk/prices-and-data/london-vault-data,2026-09-02T09:02:06.134220,daily,B,LBMA London vault stocks loaded from gold_inventory.csv (legacy LME column still supported)
2026-04-11,lme_inventory,8653.0,ton,手动维护-LBMA,https://www.lbma.org.uk/prices-and-data/london-vault-data,2026-09-02T09:02:06.134220,daily,B,LBMA London vault stocks loaded from gold_inventory.csv (legacy LME column still supported)
2026-04-12,lme_inventory,8651.0,ton,手动维护-LBMA,https://www.lbma.org.uk/prices-and-data/london-vault-data,2026-09-02T09:02:06.134220,daily,B,LBMA London vault stocks loaded from gold_inventory.csv (legacy LME column still supported)
2026-04-13,lme_inventory,8642.0,ton,手动维护-LBMA,https://www.lbma.org.uk/prices-and-data/london-vault-data,2026-09-02T09:02:06.134220,daily,B,LBMA London vault stocks loaded from gold_inventory.csv (legacy LME column still supported)
2026-04-14,lme_inventory,8637.0,ton,手动维护-LBMA,https://www.lbma.org.uk/prices-and-data/london-vault-data,2026-09-02T09:02:06.134220,daily,B,LBMA London vault stocks loaded from gold_inventory.csv (legacy LME column still supported)
2026-04-15,lme_inventory,8617.0,ton,手动维护-LBMA,https://www.lbma.org.uk/prices-and-data/london-vault-data,2026-09-02T09:02:06.134220,daily,B,LBMA London vault stocks loaded from gold_inventory.csv (legacy LME column still supported)
2026-04-16,lme_inventory,8615.0,ton,手动维护-LBMA,https://www.lbma.org.uk/prices-and-data/london-vault-data,2026-09-02T09:02:06.134220,daily,B,LBMA London vault stocks loaded from gold_inventory.csv (legacy LME column still supported)
2026-04-17,lme_inventory,8641.0,ton,手动维护-LBMA,https://www.lbma.org.uk/prices-and-data/london-vault-data,2026-09-02T09:02:06.135219,daily,B,LBMA London vault stocks loaded from gold_inventory.csv (legacy LME column still supported)
2026-04-18,lme_inventory,8619.0,ton,手动维护-LBMA,https://www.lbma.org.uk/prices-and-data/london-vault-data,2026-09-02T09:02:06.135219,daily,B,LBMA London vault stocks loaded from gold_inventory.csv (legacy LME column still supported)
2026-04-19,lme_inventory,8624.0,ton,手动维护-LBMA,https://www.lbma.org.uk/prices-and-data/london-vault-data,2026-09-02T09:02:06.135219,daily,B,LBMA London vault stocks loaded from gold_inventory.csv (legacy LME column still supported)
2026-04-20,lme_inventory,8621.0,ton,手动维护-LBMA,https://www.lbma.org.uk/prices-and-data/london-vault-data,2026-09-02T09:02:06.135219,daily,B,LBMA London vault stocks loaded from gold_inventory.csv (legacy LME column still supported)
2026-04-21,lme_inventory,8640.0,ton,手动维护-LBMA,https://www.lbma.org.uk/prices-and-data/london-vault-data,2026-09-02T09:02:06.135219,daily,B,LBMA London vault stocks loaded from gold_inventory.csv (legacy LME column still supported)
2026-04-22,lme_inventory,8623.0,ton,手动维护-LBMA,https://www.lbma.org.uk/prices-and-data/london-vault-data,2026-09-02T09:02:06.135219,daily,B,LBMA London vault stocks loaded from gold_inventory.csv (legacy LME column still supported)
2026-04-23,lme_inventory,8642.0,ton,手动维护-LBMA,https://www.lbma.org.uk/prices-and-data/london-vault-data,2026-09-02T09:02:06.135219,daily,B,LBMA London vault stocks loaded from gold_inventory.csv (legacy LME column still supported)
2026-04-24,lme_inventory,8621.0,ton,手动维护-LBMA,https://www.lbma.org.uk/prices-and-data/london-vault-data,2026-09-02T09:02:06.135219,daily,B,LBMA London vault stocks loaded from gold_inventory.csv (legacy LME column still supported)
2026-04-25,lme_inventory,8623.0,ton,手动维护-LBMA,https://www.lbma.org.uk/prices-and-data/london-vault-data,2026-09-02T09:02:06.135219,daily,B,LBMA London vault stocks loaded from gold_inventory.csv (legacy LME column still supported)
2026-04-26,lme_inventory,8622.0,ton,手动维护-LBMA,https://www.lbma.org.uk/prices-and-data/london-vault-data,2026-09-02T09:02:06.135219,daily,B,LBMA London vault stocks loaded from gold_inventory.csv (legacy LME column still supported)
2026-04-27,lme_inventory,8626.0,ton,手动维护-LBMA,https://www.lbma.org.uk/prices-and-data/london-vault-data,2026-09-02T09:02:06.135219,daily,B,LBMA London vault stocks loaded from gold_inventory.csv (legacy LME column still supported)
2026-04-28,lme_inventory,8616.0,ton,手动维护-LBMA,https://www.lbma.org.uk/prices-and-data/london-vault-data,2026-09-02T09:02:06.135219,daily,B,LBMA London vault stocks loaded from gold_inventory.csv (legacy LME column still supported)
2026-04-29,lme_inventory,8615.0,ton,手动维护-LBMA,https://www.lbma.org.uk/prices-and-data/london-vault-data,2026-09-02T09:02:06.136231,daily,B,LBMA London vault stocks loaded from gold_inventory.csv (legacy LME column still supported)
2026-04-30,lme_inventory,8630.0,ton,手动维护-LBMA,https://www.lbma.org.uk/prices-and-data/london-vault-data,2026-09-02T09:02:06.136231,daily,B,LBMA London vault stocks loaded from gold_inventory.csv (legacy LME column still supported)
2026-05-01,lme_inventory,8637.0,ton,手动维护-LBMA,https://www.lbma.org.uk/prices-and-data/london-vault-data,2026-09-02T09:02:06.136231,daily,B,LBMA London vault stocks loaded from gold_inventory.csv (legacy LME column still supported)
2026-05-02,lme_inventory,8637.0,ton,手动维护-LBMA,https://www.lbma.org.uk/prices-and-data/london-vault-data,2026-09-02T09:02:06.136231,daily,B,LBMA London vault stocks loaded from gold_inventory.csv (legacy LME column still supported)
2026-05-03,lme_inventory,8644.0,ton,手动维护-LBMA,https://www.lbma.org.uk/prices-and-data/london-vault-data,2026-09-02T09:02:06.136231,daily,B,LBMA London vault stocks loaded from gold_inventory.csv (legacy LME column still supported)
2026-05-04,lme_inventory,8638.0,ton,手动维护-LBMA,https://www.lbma.org.uk/prices-and-data/london-vault-data,2026-09-02T09:02:06.136231,daily,B,LBMA London vault stocks loaded from gold_inventory.csv (legacy LME column still supported)
2026-05-05,lme_inventory,8619.0,ton,手动维护-LBMA,https://www.lbma.org.uk/prices-and-data/london-vault-data,2026-09-02T09:02:06.136231,daily,B,LBMA London vault stocks loaded from gold_inventory.csv (legacy LME column still supported)
2026-05-06,lme_inventory,8617.0,ton,手动维护-LBMA,https://www.lbma.org.uk/prices-and-data/london-vault-data,2026-09-02T09:02:06.136231,daily,B,LBMA London vault stocks loaded from gold_inventory.csv (legacy LME column still supported)
2026-05-07,lme_inventory,8626.0,ton,手动维护-LBMA,https://www.lbma.org.uk/prices-and-data/london-vault-data,2026-09-02T09:02:06.136231,daily,B,LBMA London vault stocks loaded from gold_inventory.csv (legacy LME column still supported)
2026-05-08,lme_inventory,8622.0,ton,手动维护-LBMA,https://www.lbma.org.uk/prices-and-data/london-vault-data,2026-09-02T09:02:06.136231,daily,B,LBMA London vault stocks loaded from gold_inventory.csv (legacy LME column still supported)
2026-05-09,lme_inventory,8636.0,ton,手动维护-LBMA,https://www.lbma.org.uk/prices-and-data/london-vault-data,2026-09-02T09:02:06.136231,daily,B,LBMA London vault stocks loaded from gold_inventory.csv (legacy LME column still supported)
2026-05-10,lme_inventory,8641.0,ton,手动维护-LBMA,https://www.lbma.org.uk/prices-and-data/london-vault-data,2026-09-02T09:02:06.136231,daily,B,LBMA London vault stocks loaded from gold_inventory.csv (legacy LME column still supported)
2026-05-11,lme_inventory,8617.0,ton,手动维护-LBMA,https://www.lbma.org.uk/prices-and-data/london-vault-data,2026-09-02T09:02:06.137229,daily,B,LBMA London vault stocks loaded from gold_inventory.csv (legacy LME column still supported)
2026-05-12,lme_inventory,8615.0,ton,手动维护-LBMA,https://www.lbma.org.uk/prices-and-data/london-vault-data,2026-09-02T09:02:06.137229,daily,B,LBMA London vault stocks loaded from gold_inventory.csv (legacy LME column still supported)
2026-05-13,lme_inventory,8617.0,ton,手动维护-LBMA,https://www.lbma.org.uk/prices-and-data/london-vault-data,2026-09-02T09:02:06.137229,daily,B,LBMA London vault stocks loaded from gold_inventory.csv (legacy LME column still supported)
2026-05-14,lme_inventory,8619.0,ton,手动维护-LBMA,https://www.lbma.org.uk/prices-and-data/london-vault-data,2026-09-02T09:02:06.137229,daily,B,LBMA London vault stocks loaded from gold_inventory.csv (legacy LME column still supported)
2026-05-15,lme_inventory,8579.0,ton,手动维护-LBMA,https://www.lbma.org.uk/prices-and-data/london-vault-data,2026-09-02T09:02:06.137229,daily,B,LBMA London vault stocks loaded from gold_inventory.csv (legacy LME column still supported)
2026-05-16,lme_inventory,8578.0,ton,手动维护-LBMA,https://www.lbma.org.uk/prices-and-data/london-vault-data,2026-09-02T09:02:06.137229,daily,B,LBMA London vault stocks loaded from gold_inventory.csv (legacy LME column still supported)
2026-05-17,lme_inventory,8567.0,ton,手动维护-LBMA,https://www.lbma.org.uk/prices-and-data/london-vault-data,2026-09-02T09:02:06.137229,daily,B,LBMA London vault stocks loaded from gold_inventory.csv (legacy LME column still supported)
2026-05-18,lme_inventory,8565.0,ton,手动维护-LBMA,https://www.lbma.org.uk/prices-and-data/london-vault-data,2026-09-02T09:02:06.137229,daily,B,LBMA London vault stocks loaded from gold_inventory.csv (legacy LME column still supported)
2026-05-19,lme_inventory,8569.0,ton,手动维护-LBMA,https://www.lbma.org.uk/prices-and-data/london-vault-data,2026-09-02T09:02:06.137229,daily,B,LBMA London vault stocks loaded from gold_inventory.csv (legacy LME column still supported)
2026-05-20,lme_inventory,8590.0,ton,手动维护-LBMA,https://www.lbma.org.uk/prices-and-data/london-vault-data,2026-09-02T09:02:06.137229,daily,B,LBMA London vault stocks loaded from gold_inventory.csv (legacy LME column still supported)
2026-05-21,lme_inventory,8587.0,ton,手动维护-LBMA,https://www.lbma.org.uk/prices-and-data/london-vault-data,2026-09-02T09:02:06.137229,daily,B,LBMA London vault stocks loaded from gold_inventory.csv (legacy LME column still supported)
2026-05-22,lme_inventory,8578.0,ton,手动维护-LBMA,https://www.lbma.org.uk/prices-and-data/london-vault-data,2026-09-02T09:02:06.137229,daily,B,LBMA London vault stocks loaded from gold_inventory.csv (legacy LME column still supported)
2026-05-23,lme_inventory,8571.0,ton,手动维护-LBMA,https://www.lbma.org.uk/prices-and-data/london-vault-data,2026-09-02T09:02:06.138232,daily,B,LBMA London vault stocks loaded from gold_inventory.csv (legacy LME column still supported)
2026-05-24,lme_inventory,8591.0,ton,手动维护-LBMA,https://www.lbma.org.uk/prices-and-data/london-vault-data,2026-09-02T09:02:06.138232,daily,B,LBMA London vault stocks loaded from gold_inventory.csv (legacy LME column still supported)
2026-05-25,lme_inventory,8573.0,ton,手动维护-LBMA,https://www.lbma.org.uk/prices-and-data/london-vault-data,2026-09-02T09:02:06.138232,daily,B,LBMA London vault stocks loaded from gold_inventory.csv (legacy LME column still supported)
2026-05-26,lme_inventory,8579.0,ton,手动维护-LBMA,https://www.lbma.org.uk/prices-and-data/london-vault-data,2026-09-02T09:02:06.138232,daily,B,LBMA London vault stocks loaded from gold_inventory.csv (legacy LME column still supported)
2026-05-27,lme_inventory,8579.0,ton,手动维护-LBMA,https://www.lbma.org.uk/prices-and-data/london-vault-data,2026-09-02T09:02:06.138232,daily,B,LBMA London vault stocks loaded from gold_inventory.csv (legacy LME column still supported)
2026-05-28,lme_inventory,8590.0,ton,手动维护-LBMA,https://www.lbma.org.uk/prices-and-data/london-vault-data,2026-09-02T09:02:06.138232,daily,B,LBMA London vault stocks loaded from gold_inventory.csv (legacy LME column still supported)
2026-05-29,lme_inventory,8574.0,ton,手动维护-LBMA,https://www.lbma.org.uk/prices-and-data/london-vault-data,2026-09-02T09:02:06.138232,daily,B,LBMA London vault stocks loaded from gold_inventory.csv (legacy LME column still supported)
2026-05-30,lme_inventory,8592.0,ton,手动维护-LBMA,https://www.lbma.org.uk/prices-and-data/london-vault-data,2026-09-02T09:02:06.138232,daily,B,LBMA London vault stocks loaded from gold_inventory.csv (legacy LME column still supported)
2026-05-31,lme_inventory,8577.0,ton,手动维护-LBMA,https://www.lbma.org.uk/prices-and-data/london-vault-data,2026-09-02T09:02:06.138232,daily,B,LBMA London vault stocks loaded from gold_inventory.csv (legacy LME column still supported)
2026-06-01,lme_inventory,8583.0,ton,手动维护-LBMA,https://www.lbma.org.uk/prices-and-data/london-vault-data,2026-09-02T09:02:06.138232,daily,B,LBMA London vault stocks loaded from gold_inventory.csv (legacy LME column still supported)
2026-06-02,lme_inventory,8571.0,ton,手动维护-LBMA,https://www.lbma.org.uk/prices-and-data/london-vault-data,2026-09-02T09:02:06.138232,daily,B,LBMA London vault stocks loaded from gold_inventory.csv (legacy LME column still supported)
2026-06-03,lme_inventory,8581.0,ton,手动维护-LBMA,https://www.lbma.org.uk/prices-and-data/london-vault-data,2026-09-02T09:02:06.138232,daily,B,LBMA London vault stocks loaded from gold_inventory.csv (legacy LME column still supported)
2026-06-04,lme_inventory,8584.0,ton,手动维护-LBMA,https://www.lbma.org.uk/prices-and-data/london-vault-data,2026-09-02T09:02:06.139232,daily,B,LBMA London vault stocks loaded from gold_inventory.csv (legacy LME column still supported)
2026-06-05,lme_inventory,8593.0,ton,手动维护-LBMA,https://www.lbma.org.uk/prices-and-data/london-vault-data,2026-09-02T09:02:06.139232,daily,B,LBMA London vault stocks loaded from gold_inventory.csv (legacy LME column still supported)
2026-06-06,lme_inventory,8568.0,ton,手动维护-LBMA,https://www.lbma.org.uk/prices-and-data/london-vault-data,2026-09-02T09:02:06.139232,daily,B,LBMA London vault stocks loaded from gold_inventory.csv (legacy LME column still supported)
2026-06-07,lme_inventory,8594.0,ton,手动维护-LBMA,https://www.lbma.org.uk/prices-and-data/london-vault-data,2026-09-02T09:02:06.139232,daily,B,LBMA London vault stocks loaded from gold_inventory.csv (legacy LME column still supported)
2026-06-08,lme_inventory,8569.0,ton,手动维护-LBMA,https://www.lbma.org.uk/prices-and-data/london-vault-data,2026-09-02T09:02:06.139232,daily,B,LBMA London vault stocks loaded from gold_inventory.csv (legacy LME column still supported)
2026-06-09,lme_inventory,8587.0,ton,手动维护-LBMA,https://www.lbma.org.uk/prices-and-data/london-vault-data,2026-09-02T09:02:06.139232,daily,B,LBMA London vault stocks loaded from gold_inventory.csv (legacy LME column still supported)
2026-06-10,lme_inventory,8571.0,ton,手动维护-LBMA,https://www.lbma.org.uk/prices-and-data/london-vault-data,2026-09-02T09:02:06.139232,daily,B,LBMA London vault stocks loaded from gold_inventory.csv (legacy LME column still supported)
2026-06-11,lme_inventory,8577.0,ton,手动维护-LBMA,https://www.lbma.org.uk/prices-and-data/london-vault-data,2026-09-02T09:02:06.139232,daily,B,LBMA London vault stocks loaded from gold_inventory.csv (legacy LME column still supported)
2026-06-12,lme_inventory,8579.0,ton,手动维护-LBMA,https://www.lbma.org.uk/prices-and-data/london-vault-data,2026-09-02T09:02:06.139232,daily,B,LBMA London vault stocks loaded from gold_inventory.csv (legacy LME column still supported)
2026-06-13,lme_inventory,8575.0,ton,手动维护-LBMA,https://www.lbma.org.uk/prices-and-data/london-vault-data,2026-09-02T09:02:06.139232,daily,B,LBMA London vault stocks loaded from gold_inventory.csv (legacy LME column still supported)
2026-06-14,lme_inventory,8573.0,ton,手动维护-LBMA,https://www.lbma.org.uk/prices-and-data/london-vault-data,2026-09-02T09:02:06.139232,daily,B,LBMA London vault stocks loaded from gold_inventory.csv (legacy LME column still supported)
2026-06-15,lme_inventory,8548.0,ton,手动维护-LBMA,https://www.lbma.org.uk/prices-and-data/london-vault-data,2026-09-02T09:02:06.139232,daily,B,LBMA London vault stocks loaded from gold_inventory.csv (legacy LME column still supported)
2026-06-16,lme_inventory,8557.0,ton,手动维护-LBMA,https://www.lbma.org.uk/prices-and-data/london-vault-data,2026-09-02T09:02:06.140233,daily,B,LBMA London vault stocks loaded from gold_inventory.csv (legacy LME column still supported)
2026-06-17,lme_inventory,8551.0,ton,手动维护-LBMA,https://www.lbma.org.uk/prices-and-data/london-vault-data,2026-09-02T09:02:06.140233,daily,B,LBMA London vault stocks loaded from gold_inventory.csv (legacy LME column still supported)
2026-06-18,lme_inventory,8571.0,ton,手动维护-LBMA,https://www.lbma.org.uk/prices-and-data/london-vault-data,2026-09-02T09:02:06.140233,daily,B,LBMA London vault stocks loaded from gold_inventory.csv (legacy LME column still supported)
2026-06-19,lme_inventory,8563.0,ton,手动维护-LBMA,https://www.lbma.org.uk/prices-and-data/london-vault-data,2026-09-02T09:02:06.140233,daily,B,LBMA London vault stocks loaded from gold_inventory.csv (legacy LME column still supported)
2026-06-20,lme_inventory,8566.0,ton,手动维护-LBMA,https://www.lbma.org.uk/prices-and-data/london-vault-data,2026-09-02T09:02:06.140233,daily,B,LBMA London vault stocks loaded from gold_inventory.csv (legacy LME column still supported)
2026-06-21,lme_inventory,8572.0,ton,手动维护-LBMA,https://www.lbma.org.uk/prices-and-data/london-vault-data,2026-09-02T09:02:06.140233,daily,B,LBMA London vault stocks loaded from gold_inventory.csv (legacy LME column still supported)
2026-06-22,lme_inventory,8546.0,ton,手动维护-LBMA,https://www.lbma.org.uk/prices-and-data/london-vault-data,2026-09-02T09:02:06.140233,daily,B,LBMA London vault stocks loaded from gold_inventory.csv (legacy LME column still supported)
2026-06-23,lme_inventory,8554.0,ton,手动维护-LBMA,https://www.lbma.org.uk/prices-and-data/london-vault-data,2026-09-02T09:02:06.140233,daily,B,LBMA London vault stocks loaded from gold_inventory.csv (legacy LME column still supported)
2026-06-24,lme_inventory,8557.0,ton,手动维护-LBMA,https://www.lbma.org.uk/prices-and-data/london-vault-data,2026-09-02T09:02:06.140233,daily,B,LBMA London vault stocks loaded from gold_inventory.csv (legacy LME column still supported)
2026-06-25,lme_inventory,8574.0,ton,手动维护-LBMA,https://www.lbma.org.uk/prices-and-data/london-vault-data,2026-09-02T09:02:06.140233,daily,B,LBMA London vault stocks loaded from gold_inventory.csv (legacy LME column still supported)
2026-06-26,lme_inventory,8569.0,ton,手动维护-LBMA,https://www.lbma.org.uk/prices-and-data/london-vault-data,2026-09-02T09:02:06.140233,daily,B,LBMA London vault stocks loaded from gold_inventory.csv (legacy LME column still supported)
2026-06-27,lme_inventory,8565.0,ton,手动维护-LBMA,https://www.lbma.org.uk/prices-and-data/london-vault-data,2026-09-02T09:02:06.141230,daily,B,LBMA London vault stocks loaded from gold_inventory.csv (legacy LME column still supported)
2026-06-28,lme_inventory,8550.0,ton,手动维护-LBMA,https://www.lbma.org.uk/prices-and-data/london-vault-data,2026-09-02T09:02:06.141230,daily,B,LBMA London vault stocks loaded from gold_inventory.csv (legacy LME column still supported)
2026-06-29,lme_inventory,8572.0,ton,手动维护-LBMA,https://www.lbma.org.uk/prices-and-data/london-vault-data,2026-09-02T09:02:06.141230,daily,B,LBMA London vault stocks loaded from gold_inventory.csv (legacy LME column still supported)
2026-06-30,lme_inventory,8572.0,ton,手动维护-LBMA,https://www.lbma.org.uk/prices-and-data/london-vault-data,2026-09-02T09:02:06.141230,daily,B,LBMA London vault stocks loaded from gold_inventory.csv (legacy LME column still supported)
2026-07-01,lme_inventory,8556.0,ton,手动维护-LBMA,https://www.lbma.org.uk/prices-and-data/london-vault-data,2026-09-02T09:02:06.141230,daily,B,LBMA London vault stocks loaded from gold_inventory.csv (legacy LME column still supported)
2026-07-02,lme_inventory,8556.0,ton,手动维护-LBMA,https://www.lbma.org.uk/prices-and-data/london-vault-data,2026-09-02T09:02:06.141230,daily,B,LBMA London vault stocks loaded from gold_inventory.csv (legacy LME column still supported)
2026-07-03,lme_inventory,8564.0,ton,手动维护-LBMA,https://www.lbma.org.uk/prices-and-data/london-vault-data,2026-09-02T09:02:06.141230,daily,B,LBMA London vault stocks loaded from gold_inventory.csv (legacy LME column still supported)
2026-07-04,lme_inventory,8574.0,ton,手动维护-LBMA,https://www.lbma.org.uk/prices-and-data/london-vault-data,2026-09-02T09:02:06.141230,daily,B,LBMA London vault stocks loaded from gold_inventory.csv (legacy LME column still supported)
2026-07-05,lme_inventory,8574.0,ton,手动维护-LBMA,https://www.lbma.org.uk/prices-and-data/london-vault-data,2026-09-02T09:02:06.141230,daily,B,LBMA London vault stocks loaded from gold_inventory.csv (legacy LME column still supported)
2026-07-06,lme_inventory,8555.0,ton,手动维护-LBMA,https://www.lbma.org.uk/prices-and-data/london-vault-data,2026-09-02T09:02:06.141230,daily,B,LBMA London vault stocks loaded from gold_inventory.csv (legacy LME column still supported)
2026-07-07,lme_inventory,8570.0,ton,手动维护-LBMA,https://www.lbma.org.uk/prices-and-data/london-vault-data,2026-09-02T09:02:06.141230,daily,B,LBMA London vault stocks loaded from gold_inventory.csv (legacy LME column still supported)
2026-07-08,lme_inventory,8567.0,ton,手动维护-LBMA,https://www.lbma.org.uk/prices-and-data/london-vault-data,2026-09-02T09:02:06.141230,daily,B,LBMA London vault stocks loaded from gold_inventory.csv (legacy LME column still supported)
2026-07-09,lme_inventory,8572.0,ton,手动维护-LBMA,https://www.lbma.org.uk/prices-and-data/london-vault-data,2026-09-02T09:02:06.142253,daily,B,LBMA London vault stocks loaded from gold_inventory.csv (legacy LME column still supported)
2026-07-10,lme_inventory,8569.0,ton,手动维护-LBMA,https://www.lbma.org.uk/prices-and-data/london-vault-data,2026-09-02T09:02:06.142253,daily,B,LBMA London vault stocks loaded from gold_inventory.csv (legacy LME column still supported)
2026-07-11,lme_inventory,8551.0,ton,手动维护-LBMA,https://www.lbma.org.uk/prices-and-data/london-vault-data,2026-09-02T09:02:06.142253,daily,B,LBMA London vault stocks loaded from gold_inventory.csv (legacy LME column still supported)
2026-07-12,lme_inventory,8574.0,ton,手动维护-LBMA,https://www.lbma.org.uk/prices-and-data/london-vault-data,2026-09-02T09:02:06.142253,daily,B,LBMA London vault stocks loaded from gold_inventory.csv (legacy LME column still supported)
2026-07-13,lme_inventory,8545.0,ton,手动维护-LBMA,https://www.lbma.org.uk/prices-and-data/london-vault-data,2026-09-02T09:02:06.142253,daily,B,LBMA London vault stocks loaded from gold_inventory.csv (legacy LME column still supported)
2026-07-14,lme_inventory,8545.0,ton,手动维护-LBMA,https://www.lbma.org.uk/prices-and-data/london-vault-data,2026-09-02T09:02:06.142253,daily,B,LBMA London vault stocks loaded from gold_inventory.csv (legacy LME column still supported)
2026-07-15,lme_inventory,8545.0,ton,手动维护-LBMA,https://www.lbma.org.uk/prices-and-data/london-vault-data,2026-09-02T09:02:06.142766,daily,B,LBMA London vault stocks loaded from gold_inventory.csv (legacy LME column still supported)
2026-07-16,lme_inventory,8545.0,ton,手动维护-LBMA,https://www.lbma.org.uk/prices-and-data/london-vault-data,2026-09-02T09:02:06.142766,daily,B,LBMA London vault stocks loaded from gold_inventory.csv (legacy LME column still supported)
2026-07-17,lme_inventory,8545.0,ton,手动维护-LBMA,https://www.lbma.org.uk/prices-and-data/london-vault-data,2026-09-02T09:02:06.142766,daily,B,LBMA London vault stocks loaded from gold_inventory.csv (legacy LME column still supported)
2026-07-20,lme_inventory,8545.0,ton,手动维护-LBMA,https://www.lbma.org.uk/prices-and-data/london-vault-data,2026-09-02T09:02:06.142766,daily,B,LBMA London vault stocks loaded from gold_inventory.csv (legacy LME column still supported)
2026-07-21,lme_inventory,8545.0,ton,手动维护-LBMA,https://www.lbma.org.uk/prices-and-data/london-vault-data,2026-09-02T09:02:06.142766,daily,B,LBMA London vault stocks loaded from gold_inventory.csv (legacy LME column still supported)
2026-07-22,lme_inventory,8545.0,ton,手动维护-LBMA,https://www.lbma.org.uk/prices-and-data/london-vault-data,2026-09-02T09:02:06.142766,daily,B,LBMA London vault stocks loaded from gold_inventory.csv (legacy LME column still supported)
2026-07-23,lme_inventory,8545.0,ton,手动维护-LBMA,https://www.lbma.org.uk/prices-and-data/london-vault-data,2026-09-02T09:02:06.143273,daily,B,LBMA London vault stocks loaded from gold_inventory.csv (legacy LME column still supported)
2026-07-24,lme_inventory,8545.0,ton,手动维护-LBMA,https://www.lbma.org.uk/prices-and-data/london-vault-data,2026-09-02T09:02:06.143295,daily,B,LBMA London vault stocks loaded from gold_inventory.csv (legacy LME column still supported)
2026-07-27,lme_inventory,8545.0,ton,手动维护-LBMA,https://www.lbma.org.uk/prices-and-data/london-vault-data,2026-09-02T09:02:06.143295,daily,B,LBMA London vault stocks loaded from gold_inventory.csv (legacy LME column still supported)
2026-07-28,lme_inventory,8545.0,ton,手动维护-LBMA,https://www.lbma.org.uk/prices-and-data/london-vault-data,2026-09-02T09:02:06.143295,daily,B,LBMA London vault stocks loaded from gold_inventory.csv (legacy LME column still supported)
2026-07-29,lme_inventory,8545.0,ton,手动维护-LBMA,https://www.lbma.org.uk/prices-and-data/london-vault-data,2026-09-02T09:02:06.143295,daily,B,LBMA London vault stocks loaded from gold_inventory.csv (legacy LME column still supported)
2026-07-30,lme_inventory,8545.0,ton,手动维护-LBMA,https://www.lbma.org.uk/prices-and-data/london-vault-data,2026-09-02T09:02:06.143295,daily,B,LBMA London vault stocks loaded from gold_inventory.csv (legacy LME column still supported)
2026-07-31,lme_inventory,8545.0,ton,手动维护-LBMA,https://www.lbma.org.uk/prices-and-data/london-vault-data,2026-09-02T09:02:06.143811,daily,B,LBMA London vault stocks loaded from gold_inventory.csv (legacy LME column still supported)
2026-08-03,lme_inventory,8545.0,ton,手动维护-LBMA,https://www.lbma.org.uk/prices-and-data/london-vault-data,2026-09-02T09:02:06.143811,daily,B,LBMA London vault stocks loaded from gold_inventory.csv (legacy LME column still supported)
2026-08-04,lme_inventory,8545.0,ton,手动维护-LBMA,https://www.lbma.org.uk/prices-and-data/london-vault-data,2026-09-02T09:02:06.143811,daily,B,LBMA London vault stocks loaded from gold_inventory.csv (legacy LME column still supported)
2026-08-05,lme_inventory,8545.0,ton,手动维护-LBMA,https://www.lbma.org.uk/prices-and-data/london-vault-data,2026-09-02T09:02:06.143811,daily,B,LBMA London vault stocks loaded from gold_inventory.csv (legacy LME column still supported)
2025-05-31,m1,1089147.65,CNY_bn,东方财富-货币供应,https://data.eastmoney.com/cjsj/hbgyl.html,2026-07-05T00:03:52.248080,monthly,A,
2025-06-30,m1,1139494.08,CNY_bn,东方财富-货币供应,https://data.eastmoney.com/cjsj/hbgyl.html,2026-08-04T00:03:24.348652,monthly,A,
2025-07-31,m1,1110586.92,CNY_bn,东方财富-货币供应,https://data.eastmoney.com/cjsj/hbgyl.html,2026-09-02T09:02:06.018896,monthly,A,
2025-08-31,m1,1112255.7,CNY_bn,东方财富-货币供应,https://data.eastmoney.com/cjsj/hbgyl.html,2026-09-02T09:02:06.018896,monthly,A,
2025-09-30,m1,1131455.07,CNY_bn,东方财富-货币供应,https://data.eastmoney.com/cjsj/hbgyl.html,2026-09-02T09:02:06.018896,monthly,A,
2025-10-31,m1,1119962.73,CNY_bn,东方财富-货币供应,https://data.eastmoney.com/cjsj/hbgyl.html,2026-09-02T09:02:06.018896,monthly,A,
2025-11-30,m1,1128866.64,CNY_bn,东方财富-货币供应,https://data.eastmoney.com/cjsj/hbgyl.html,2026-09-02T09:02:06.018896,monthly,A,
2025-12-31,m1,1155146.5,CNY_bn,东方财富-货币供应,https://data.eastmoney.com/cjsj/hbgyl.html,2026-09-02T09:02:06.018896,monthly,A,
2026-01-31,m1,1179680.52,CNY_bn,东方财富-货币供应,https://data.eastmoney.com/cjsj/hbgyl.html,2026-09-02T09:02:06.018896,monthly,A,
2026-02-28,m1,1159258.82,CNY_bn,东方财富-货币供应,https://data.eastmoney.com/cjsj/hbgyl.html,2026-09-02T09:02:06.018896,monthly,A,
2026-03-31,m1,1193202.99,CNY_bn,东方财富-货币供应,https://data.eastmoney.com/cjsj/hbgyl.html,2026-09-02T09:02:06.018896,monthly,A,
2026-04-30,m1,1145833.73,CNY_bn,东方财富-货币供应,https://data.eastmoney.com/cjsj/hbgyl.html,2026-09-02T09:02:06.018896,monthly,A,
2026-05-31,m1,1148891.41,CNY_bn,东方财富-货币供应,https://data.eastmoney.com/cjsj/hbgyl.html,2026-09-02T09:02:06.018896,monthly,A,
2026-06-30,m1,1184775.53,CNY_bn,东方财富-货币供应,https://data.eastmoney.com/cjsj/hbgyl.html,2026-09-02T09:02:06.018896,monthly,A,
2026-07-31,m1,1154623.0,CNY_bn,东方财富-货币供应,https://data.eastmoney.com/cjsj/hbgyl.html,2026-09-02T09:02:06.017908,monthly,A,
2026-03-16,shfe_inventory,68.0,ton,手动维护-SHFE,https://www.shfe.com.cn/reports/businessdata/prmsummary/,2026-09-02T09:02:06.145903,daily,B,Loaded from gold_inventory.csv (SHFE黄金仓单(吨))
2026-03-17,shfe_inventory,87.0,ton,手动维护-SHFE,https://www.shfe.com.cn/reports/businessdata/prmsummary/,2026-09-02T09:02:06.145903,daily,B,Loaded from gold_inventory.csv (SHFE黄金仓单(吨))
2026-03-18,shfe_inventory,80.0,ton,手动维护-SHFE,https://www.shfe.com.cn/reports/businessdata/prmsummary/,2026-09-02T09:02:06.145903,daily,B,Loaded from gold_inventory.csv (SHFE黄金仓单(吨))
2026-03-19,shfe_inventory,76.0,ton,手动维护-SHFE,https://www.shfe.com.cn/reports/businessdata/prmsummary/,2026-09-02T09:02:06.145903,daily,B,Loaded from gold_inventory.csv (SHFE黄金仓单(吨))
2026-03-20,shfe_inventory,70.0,ton,手动维护-SHFE,https://www.shfe.com.cn/reports/businessdata/prmsummary/,2026-09-02T09:02:06.146430,daily,B,Loaded from gold_inventory.csv (SHFE黄金仓单(吨))
2026-03-21,shfe_inventory,74.0,ton,手动维护-SHFE,https://www.shfe.com.cn/reports/businessdata/prmsummary/,2026-09-02T09:02:06.146430,daily,B,Loaded from gold_inventory.csv (SHFE黄金仓单(吨))
2026-03-22,shfe_inventory,73.0,ton,手动维护-SHFE,https://www.shfe.com.cn/reports/businessdata/prmsummary/,2026-09-02T09:02:06.146430,daily,B,Loaded from gold_inventory.csv (SHFE黄金仓单(吨))
2026-03-23,shfe_inventory,75.0,ton,手动维护-SHFE,https://www.shfe.com.cn/reports/businessdata/prmsummary/,2026-09-02T09:02:06.146430,daily,B,Loaded from gold_inventory.csv (SHFE黄金仓单(吨))
2026-03-24,shfe_inventory,76.0,ton,手动维护-SHFE,https://www.shfe.com.cn/reports/businessdata/prmsummary/,2026-09-02T09:02:06.146430,daily,B,Loaded from gold_inventory.csv (SHFE黄金仓单(吨))
2026-03-25,shfe_inventory,72.0,ton,手动维护-SHFE,https://www.shfe.com.cn/reports/businessdata/prmsummary/,2026-09-02T09:02:06.146430,daily,B,Loaded from gold_inventory.csv (SHFE黄金仓单(吨))
2026-03-26,shfe_inventory,68.0,ton,手动维护-SHFE,https://www.shfe.com.cn/reports/businessdata/prmsummary/,2026-09-02T09:02:06.146943,daily,B,Loaded from gold_inventory.csv (SHFE黄金仓单(吨))
2026-03-27,shfe_inventory,86.0,ton,手动维护-SHFE,https://www.shfe.com.cn/reports/businessdata/prmsummary/,2026-09-02T09:02:06.146943,daily,B,Loaded from gold_inventory.csv (SHFE黄金仓单(吨))
2026-03-28,shfe_inventory,77.0,ton,手动维护-SHFE,https://www.shfe.com.cn/reports/businessdata/prmsummary/,2026-09-02T09:02:06.146943,daily,B,Loaded from gold_inventory.csv (SHFE黄金仓单(吨))
2026-03-29,shfe_inventory,79.0,ton,手动维护-SHFE,https://www.shfe.com.cn/reports/businessdata/prmsummary/,2026-09-02T09:02:06.146943,daily,B,Loaded from gold_inventory.csv (SHFE黄金仓单(吨))
2026-03-30,shfe_inventory,91.0,ton,手动维护-SHFE,https://www.shfe.com.cn/reports/businessdata/prmsummary/,2026-09-02T09:02:06.146943,daily,B,Loaded from gold_inventory.csv (SHFE黄金仓单(吨))
2026-03-31,shfe_inventory,82.0,ton,手动维护-SHFE,https://www.shfe.com.cn/reports/businessdata/prmsummary/,2026-09-02T09:02:06.146943,daily,B,Loaded from gold_inventory.csv (SHFE黄金仓单(吨))
2026-04-01,shfe_inventory,89.0,ton,手动维护-SHFE,https://www.shfe.com.cn/reports/businessdata/prmsummary/,2026-09-02T09:02:06.147470,daily,B,Loaded from gold_inventory.csv (SHFE黄金仓单(吨))
2026-04-02,shfe_inventory,91.0,ton,手动维护-SHFE,https://www.shfe.com.cn/reports/businessdata/prmsummary/,2026-09-02T09:02:06.147470,daily,B,Loaded from gold_inventory.csv (SHFE黄金仓单(吨))
2026-04-03,shfe_inventory,76.0,ton,手动维护-SHFE,https://www.shfe.com.cn/reports/businessdata/prmsummary/,2026-09-02T09:02:06.147470,daily,B,Loaded from gold_inventory.csv (SHFE黄金仓单(吨))
2026-04-04,shfe_inventory,87.0,ton,手动维护-SHFE,https://www.shfe.com.cn/reports/businessdata/prmsummary/,2026-09-02T09:02:06.147470,daily,B,Loaded from gold_inventory.csv (SHFE黄金仓单(吨))
2026-04-05,shfe_inventory,84.0,ton,手动维护-SHFE,https://www.shfe.com.cn/reports/businessdata/prmsummary/,2026-09-02T09:02:06.147470,daily,B,Loaded from gold_inventory.csv (SHFE黄金仓单(吨))
2026-04-06,shfe_inventory,84.0,ton,手动维护-SHFE,https://www.shfe.com.cn/reports/businessdata/prmsummary/,2026-09-02T09:02:06.147470,daily,B,Loaded from gold_inventory.csv (SHFE黄金仓单(吨))
2026-04-07,shfe_inventory,87.0,ton,手动维护-SHFE,https://www.shfe.com.cn/reports/businessdata/prmsummary/,2026-09-02T09:02:06.147470,daily,B,Loaded from gold_inventory.csv (SHFE黄金仓单(吨))
2026-04-08,shfe_inventory,79.0,ton,手动维护-SHFE,https://www.shfe.com.cn/reports/businessdata/prmsummary/,2026-09-02T09:02:06.147983,daily,B,Loaded from gold_inventory.csv (SHFE黄金仓单(吨))
2026-04-09,shfe_inventory,74.0,ton,手动维护-SHFE,https://www.shfe.com.cn/reports/businessdata/prmsummary/,2026-09-02T09:02:06.147983,daily,B,Loaded from gold_inventory.csv (SHFE黄金仓单(吨))
2026-04-10,shfe_inventory,69.0,ton,手动维护-SHFE,https://www.shfe.com.cn/reports/businessdata/prmsummary/,2026-09-02T09:02:06.147983,daily,B,Loaded from gold_inventory.csv (SHFE黄金仓单(吨))
2026-04-11,shfe_inventory,70.0,ton,手动维护-SHFE,https://www.shfe.com.cn/reports/businessdata/prmsummary/,2026-09-02T09:02:06.147983,daily,B,Loaded from gold_inventory.csv (SHFE黄金仓单(吨))
2026-04-12,shfe_inventory,84.0,ton,手动维护-SHFE,https://www.shfe.com.cn/reports/businessdata/prmsummary/,2026-09-02T09:02:06.147983,daily,B,Loaded from gold_inventory.csv (SHFE黄金仓单(吨))
2026-04-13,shfe_inventory,72.0,ton,手动维护-SHFE,https://www.shfe.com.cn/reports/businessdata/prmsummary/,2026-09-02T09:02:06.147983,daily,B,Loaded from gold_inventory.csv (SHFE黄金仓单(吨))
2026-04-14,shfe_inventory,84.0,ton,手动维护-SHFE,https://www.shfe.com.cn/reports/businessdata/prmsummary/,2026-09-02T09:02:06.148517,daily,B,Loaded from gold_inventory.csv (SHFE黄金仓单(吨))
2026-04-15,shfe_inventory,106.0,ton,手动维护-SHFE,https://www.shfe.com.cn/reports/businessdata/prmsummary/,2026-09-02T09:02:06.148517,daily,B,Loaded from gold_inventory.csv (SHFE黄金仓单(吨))
2026-04-16,shfe_inventory,99.0,ton,手动维护-SHFE,https://www.shfe.com.cn/reports/businessdata/prmsummary/,2026-09-02T09:02:06.148517,daily,B,Loaded from gold_inventory.csv (SHFE黄金仓单(吨))
2026-04-17,shfe_inventory,99.0,ton,手动维护-SHFE,https://www.shfe.com.cn/reports/businessdata/prmsummary/,2026-09-02T09:02:06.148517,daily,B,Loaded from gold_inventory.csv (SHFE黄金仓单(吨))
2026-04-18,shfe_inventory,84.0,ton,手动维护-SHFE,https://www.shfe.com.cn/reports/businessdata/prmsummary/,2026-09-02T09:02:06.148517,daily,B,Loaded from gold_inventory.csv (SHFE黄金仓单(吨))
2026-04-19,shfe_inventory,84.0,ton,手动维护-SHFE,https://www.shfe.com.cn/reports/businessdata/prmsummary/,2026-09-02T09:02:06.148517,daily,B,Loaded from gold_inventory.csv (SHFE黄金仓单(吨))
2026-04-20,shfe_inventory,104.0,ton,手动维护-SHFE,https://www.shfe.com.cn/reports/businessdata/prmsummary/,2026-09-02T09:02:06.149030,daily,B,Loaded from gold_inventory.csv (SHFE黄金仓单(吨))
2026-04-21,shfe_inventory,105.0,ton,手动维护-SHFE,https://www.shfe.com.cn/reports/businessdata/prmsummary/,2026-09-02T09:02:06.149030,daily,B,Loaded from gold_inventory.csv (SHFE黄金仓单(吨))
2026-04-22,shfe_inventory,87.0,ton,手动维护-SHFE,https://www.shfe.com.cn/reports/businessdata/prmsummary/,2026-09-02T09:02:06.149030,daily,B,Loaded from gold_inventory.csv (SHFE黄金仓单(吨))
2026-04-23,shfe_inventory,83.0,ton,手动维护-SHFE,https://www.shfe.com.cn/reports/businessdata/prmsummary/,2026-09-02T09:02:06.149030,daily,B,Loaded from gold_inventory.csv (SHFE黄金仓单(吨))
2026-04-24,shfe_inventory,83.0,ton,手动维护-SHFE,https://www.shfe.com.cn/reports/businessdata/prmsummary/,2026-09-02T09:02:06.149030,daily,B,Loaded from gold_inventory.csv (SHFE黄金仓单(吨))
2026-04-25,shfe_inventory,101.0,ton,手动维护-SHFE,https://www.shfe.com.cn/reports/businessdata/prmsummary/,2026-09-02T09:02:06.149030,daily,B,Loaded from gold_inventory.csv (SHFE黄金仓单(吨))
2026-04-26,shfe_inventory,84.0,ton,手动维护-SHFE,https://www.shfe.com.cn/reports/businessdata/prmsummary/,2026-09-02T09:02:06.149546,daily,B,Loaded from gold_inventory.csv (SHFE黄金仓单(吨))
2026-04-27,shfe_inventory,103.0,ton,手动维护-SHFE,https://www.shfe.com.cn/reports/businessdata/prmsummary/,2026-09-02T09:02:06.149561,daily,B,Loaded from gold_inventory.csv (SHFE黄金仓单(吨))
2026-04-28,shfe_inventory,94.0,ton,手动维护-SHFE,https://www.shfe.com.cn/reports/businessdata/prmsummary/,2026-09-02T09:02:06.149561,daily,B,Loaded from gold_inventory.csv (SHFE黄金仓单(吨))
2026-04-29,shfe_inventory,88.0,ton,手动维护-SHFE,https://www.shfe.com.cn/reports/businessdata/prmsummary/,2026-09-02T09:02:06.149561,daily,B,Loaded from gold_inventory.csv (SHFE黄金仓单(吨))
2026-04-30,shfe_inventory,105.0,ton,手动维护-SHFE,https://www.shfe.com.cn/reports/businessdata/prmsummary/,2026-09-02T09:02:06.149561,daily,B,Loaded from gold_inventory.csv (SHFE黄金仓单(吨))
2026-05-01,shfe_inventory,86.0,ton,手动维护-SHFE,https://www.shfe.com.cn/reports/businessdata/prmsummary/,2026-09-02T09:02:06.149561,daily,B,Loaded from gold_inventory.csv (SHFE黄金仓单(吨))
2026-05-02,shfe_inventory,105.0,ton,手动维护-SHFE,https://www.shfe.com.cn/reports/businessdata/prmsummary/,2026-09-02T09:02:06.149561,daily,B,Loaded from gold_inventory.csv (SHFE黄金仓单(吨))
2026-05-03,shfe_inventory,93.0,ton,手动维护-SHFE,https://www.shfe.com.cn/reports/businessdata/prmsummary/,2026-09-02T09:02:06.150078,daily,B,Loaded from gold_inventory.csv (SHFE黄金仓单(吨))
2026-05-04,shfe_inventory,106.0,ton,手动维护-SHFE,https://www.shfe.com.cn/reports/businessdata/prmsummary/,2026-09-02T09:02:06.150078,daily,B,Loaded from gold_inventory.csv (SHFE黄金仓单(吨))
2026-05-05,shfe_inventory,99.0,ton,手动维护-SHFE,https://www.shfe.com.cn/reports/businessdata/prmsummary/,2026-09-02T09:02:06.150078,daily,B,Loaded from gold_inventory.csv (SHFE黄金仓单(吨))
2026-05-06,shfe_inventory,88.0,ton,手动维护-SHFE,https://www.shfe.com.cn/reports/businessdata/prmsummary/,2026-09-02T09:02:06.150078,daily,B,Loaded from gold_inventory.csv (SHFE黄金仓单(吨))
2026-05-07,shfe_inventory,106.0,ton,手动维护-SHFE,https://www.shfe.com.cn/reports/businessdata/prmsummary/,2026-09-02T09:02:06.150078,daily,B,Loaded from gold_inventory.csv (SHFE黄金仓单(吨))
2026-05-08,shfe_inventory,87.0,ton,手动维护-SHFE,https://www.shfe.com.cn/reports/businessdata/prmsummary/,2026-09-02T09:02:06.150078,daily,B,Loaded from gold_inventory.csv (SHFE黄金仓单(吨))
2026-05-09,shfe_inventory,102.0,ton,手动维护-SHFE,https://www.shfe.com.cn/reports/businessdata/prmsummary/,2026-09-02T09:02:06.150607,daily,B,Loaded from gold_inventory.csv (SHFE黄金仓单(吨))
2026-05-10,shfe_inventory,84.0,ton,手动维护-SHFE,https://www.shfe.com.cn/reports/businessdata/prmsummary/,2026-09-02T09:02:06.150607,daily,B,Loaded from gold_inventory.csv (SHFE黄金仓单(吨))
2026-05-11,shfe_inventory,88.0,ton,手动维护-SHFE,https://www.shfe.com.cn/reports/businessdata/prmsummary/,2026-09-02T09:02:06.150607,daily,B,Loaded from gold_inventory.csv (SHFE黄金仓单(吨))
2026-05-12,shfe_inventory,104.0,ton,手动维护-SHFE,https://www.shfe.com.cn/reports/businessdata/prmsummary/,2026-09-02T09:02:06.150607,daily,B,Loaded from gold_inventory.csv (SHFE黄金仓单(吨))
2026-05-13,shfe_inventory,93.0,ton,手动维护-SHFE,https://www.shfe.com.cn/reports/businessdata/prmsummary/,2026-09-02T09:02:06.150607,daily,B,Loaded from gold_inventory.csv (SHFE黄金仓单(吨))
2026-05-14,shfe_inventory,98.0,ton,手动维护-SHFE,https://www.shfe.com.cn/reports/businessdata/prmsummary/,2026-09-02T09:02:06.150607,daily,B,Loaded from gold_inventory.csv (SHFE黄金仓单(吨))
2026-05-15,shfe_inventory,78.0,ton,手动维护-SHFE,https://www.shfe.com.cn/reports/businessdata/prmsummary/,2026-09-02T09:02:06.151120,daily,B,Loaded from gold_inventory.csv (SHFE黄金仓单(吨))
2026-05-16,shfe_inventory,63.0,ton,手动维护-SHFE,https://www.shfe.com.cn/reports/businessdata/prmsummary/,2026-09-02T09:02:06.151120,daily,B,Loaded from gold_inventory.csv (SHFE黄金仓单(吨))
2026-05-17,shfe_inventory,71.0,ton,手动维护-SHFE,https://www.shfe.com.cn/reports/businessdata/prmsummary/,2026-09-02T09:02:06.151120,daily,B,Loaded from gold_inventory.csv (SHFE黄金仓单(吨))
2026-05-18,shfe_inventory,68.0,ton,手动维护-SHFE,https://www.shfe.com.cn/reports/businessdata/prmsummary/,2026-09-02T09:02:06.151120,daily,B,Loaded from gold_inventory.csv (SHFE黄金仓单(吨))
2026-05-19,shfe_inventory,78.0,ton,手动维护-SHFE,https://www.shfe.com.cn/reports/businessdata/prmsummary/,2026-09-02T09:02:06.151120,daily,B,Loaded from gold_inventory.csv (SHFE黄金仓单(吨))
2026-05-20,shfe_inventory,65.0,ton,手动维护-SHFE,https://www.shfe.com.cn/reports/businessdata/prmsummary/,2026-09-02T09:02:06.151120,daily,B,Loaded from gold_inventory.csv (SHFE黄金仓单(吨))
2026-05-21,shfe_inventory,82.0,ton,手动维护-SHFE,https://www.shfe.com.cn/reports/businessdata/prmsummary/,2026-09-02T09:02:06.151647,daily,B,Loaded from gold_inventory.csv (SHFE黄金仓单(吨))
2026-05-22,shfe_inventory,66.0,ton,手动维护-SHFE,https://www.shfe.com.cn/reports/businessdata/prmsummary/,2026-09-02T09:02:06.151647,daily,B,Loaded from gold_inventory.csv (SHFE黄金仓单(吨))
2026-05-23,shfe_inventory,81.0,ton,手动维护-SHFE,https://www.shfe.com.cn/reports/businessdata/prmsummary/,2026-09-02T09:02:06.151647,daily,B,Loaded from gold_inventory.csv (SHFE黄金仓单(吨))
2026-05-24,shfe_inventory,65.0,ton,手动维护-SHFE,https://www.shfe.com.cn/reports/businessdata/prmsummary/,2026-09-02T09:02:06.151647,daily,B,Loaded from gold_inventory.csv (SHFE黄金仓单(吨))
2026-05-25,shfe_inventory,81.0,ton,手动维护-SHFE,https://www.shfe.com.cn/reports/businessdata/prmsummary/,2026-09-02T09:02:06.151647,daily,B,Loaded from gold_inventory.csv (SHFE黄金仓单(吨))
2026-05-26,shfe_inventory,82.0,ton,手动维护-SHFE,https://www.shfe.com.cn/reports/businessdata/prmsummary/,2026-09-02T09:02:06.151647,daily,B,Loaded from gold_inventory.csv (SHFE黄金仓单(吨))
2026-05-27,shfe_inventory,69.0,ton,手动维护-SHFE,https://www.shfe.com.cn/reports/businessdata/prmsummary/,2026-09-02T09:02:06.151647,daily,B,Loaded from gold_inventory.csv (SHFE黄金仓单(吨))
2026-05-28,shfe_inventory,82.0,ton,手动维护-SHFE,https://www.shfe.com.cn/reports/businessdata/prmsummary/,2026-09-02T09:02:06.152160,daily,B,Loaded from gold_inventory.csv (SHFE黄金仓单(吨))
2026-05-29,shfe_inventory,71.0,ton,手动维护-SHFE,https://www.shfe.com.cn/reports/businessdata/prmsummary/,2026-09-02T09:02:06.152160,daily,B,Loaded from gold_inventory.csv (SHFE黄金仓单(吨))
2026-05-30,shfe_inventory,63.0,ton,手动维护-SHFE,https://www.shfe.com.cn/reports/businessdata/prmsummary/,2026-09-02T09:02:06.152160,daily,B,Loaded from gold_inventory.csv (SHFE黄金仓单(吨))
2026-05-31,shfe_inventory,70.0,ton,手动维护-SHFE,https://www.shfe.com.cn/reports/businessdata/prmsummary/,2026-09-02T09:02:06.152160,daily,B,Loaded from gold_inventory.csv (SHFE黄金仓单(吨))
2026-06-01,shfe_inventory,69.0,ton,手动维护-SHFE,https://www.shfe.com.cn/reports/businessdata/prmsummary/,2026-09-02T09:02:06.152160,daily,B,Loaded from gold_inventory.csv (SHFE黄金仓单(吨))
2026-06-02,shfe_inventory,80.0,ton,手动维护-SHFE,https://www.shfe.com.cn/reports/businessdata/prmsummary/,2026-09-02T09:02:06.152160,daily,B,Loaded from gold_inventory.csv (SHFE黄金仓单(吨))
2026-06-03,shfe_inventory,70.0,ton,手动维护-SHFE,https://www.shfe.com.cn/reports/businessdata/prmsummary/,2026-09-02T09:02:06.152672,daily,B,Loaded from gold_inventory.csv (SHFE黄金仓单(吨))
2026-06-04,shfe_inventory,63.0,ton,手动维护-SHFE,https://www.shfe.com.cn/reports/businessdata/prmsummary/,2026-09-02T09:02:06.152672,daily,B,Loaded from gold_inventory.csv (SHFE黄金仓单(吨))
2026-06-05,shfe_inventory,73.0,ton,手动维护-SHFE,https://www.shfe.com.cn/reports/businessdata/prmsummary/,2026-09-02T09:02:06.152672,daily,B,Loaded from gold_inventory.csv (SHFE黄金仓单(吨))
2026-06-06,shfe_inventory,80.0,ton,手动维护-SHFE,https://www.shfe.com.cn/reports/businessdata/prmsummary/,2026-09-02T09:02:06.152672,daily,B,Loaded from gold_inventory.csv (SHFE黄金仓单(吨))
2026-06-07,shfe_inventory,85.0,ton,手动维护-SHFE,https://www.shfe.com.cn/reports/businessdata/prmsummary/,2026-09-02T09:02:06.152672,daily,B,Loaded from gold_inventory.csv (SHFE黄金仓单(吨))
2026-06-08,shfe_inventory,72.0,ton,手动维护-SHFE,https://www.shfe.com.cn/reports/businessdata/prmsummary/,2026-09-02T09:02:06.152672,daily,B,Loaded from gold_inventory.csv (SHFE黄金仓单(吨))
2026-06-09,shfe_inventory,65.0,ton,手动维护-SHFE,https://www.shfe.com.cn/reports/businessdata/prmsummary/,2026-09-02T09:02:06.152672,daily,B,Loaded from gold_inventory.csv (SHFE黄金仓单(吨))
2026-06-10,shfe_inventory,69.0,ton,手动维护-SHFE,https://www.shfe.com.cn/reports/businessdata/prmsummary/,2026-09-02T09:02:06.152672,daily,B,Loaded from gold_inventory.csv (SHFE黄金仓单(吨))
2026-06-11,shfe_inventory,78.0,ton,手动维护-SHFE,https://www.shfe.com.cn/reports/businessdata/prmsummary/,2026-09-02T09:02:06.152672,daily,B,Loaded from gold_inventory.csv (SHFE黄金仓单(吨))
2026-06-12,shfe_inventory,78.0,ton,手动维护-SHFE,https://www.shfe.com.cn/reports/businessdata/prmsummary/,2026-09-02T09:02:06.152672,daily,B,Loaded from gold_inventory.csv (SHFE黄金仓单(吨))
2026-06-13,shfe_inventory,82.0,ton,手动维护-SHFE,https://www.shfe.com.cn/reports/businessdata/prmsummary/,2026-09-02T09:02:06.152672,daily,B,Loaded from gold_inventory.csv (SHFE黄金仓单(吨))
2026-06-14,shfe_inventory,54.0,ton,手动维护-SHFE,https://www.shfe.com.cn/reports/businessdata/prmsummary/,2026-09-02T09:02:06.152672,daily,B,Loaded from gold_inventory.csv (SHFE黄金仓单(吨))
2026-06-15,shfe_inventory,39.0,ton,手动维护-SHFE,https://www.shfe.com.cn/reports/businessdata/prmsummary/,2026-09-02T09:02:06.153672,daily,B,Loaded from gold_inventory.csv (SHFE黄金仓单(吨))
2026-06-16,shfe_inventory,38.0,ton,手动维护-SHFE,https://www.shfe.com.cn/reports/businessdata/prmsummary/,2026-09-02T09:02:06.153672,daily,B,Loaded from gold_inventory.csv (SHFE黄金仓单(吨))
2026-06-17,shfe_inventory,53.0,ton,手动维护-SHFE,https://www.shfe.com.cn/reports/businessdata/prmsummary/,2026-09-02T09:02:06.153672,daily,B,Loaded from gold_inventory.csv (SHFE黄金仓单(吨))
2026-06-18,shfe_inventory,49.0,ton,手动维护-SHFE,https://www.shfe.com.cn/reports/businessdata/prmsummary/,2026-09-02T09:02:06.153672,daily,B,Loaded from gold_inventory.csv (SHFE黄金仓单(吨))
2026-06-19,shfe_inventory,42.0,ton,手动维护-SHFE,https://www.shfe.com.cn/reports/businessdata/prmsummary/,2026-09-02T09:02:06.153672,daily,B,Loaded from gold_inventory.csv (SHFE黄金仓单(吨))
2026-06-20,shfe_inventory,42.0,ton,手动维护-SHFE,https://www.shfe.com.cn/reports/businessdata/prmsummary/,2026-09-02T09:02:06.153672,daily,B,Loaded from gold_inventory.csv (SHFE黄金仓单(吨))
2026-06-21,shfe_inventory,60.0,ton,手动维护-SHFE,https://www.shfe.com.cn/reports/businessdata/prmsummary/,2026-09-02T09:02:06.153672,daily,B,Loaded from gold_inventory.csv (SHFE黄金仓单(吨))
2026-06-22,shfe_inventory,46.0,ton,手动维护-SHFE,https://www.shfe.com.cn/reports/businessdata/prmsummary/,2026-09-02T09:02:06.153672,daily,B,Loaded from gold_inventory.csv (SHFE黄金仓单(吨))
2026-06-23,shfe_inventory,46.0,ton,手动维护-SHFE,https://www.shfe.com.cn/reports/businessdata/prmsummary/,2026-09-02T09:02:06.153672,daily,B,Loaded from gold_inventory.csv (SHFE黄金仓单(吨))
2026-06-24,shfe_inventory,40.0,ton,手动维护-SHFE,https://www.shfe.com.cn/reports/businessdata/prmsummary/,2026-09-02T09:02:06.153672,daily,B,Loaded from gold_inventory.csv (SHFE黄金仓单(吨))
2026-06-25,shfe_inventory,56.0,ton,手动维护-SHFE,https://www.shfe.com.cn/reports/businessdata/prmsummary/,2026-09-02T09:02:06.153672,daily,B,Loaded from gold_inventory.csv (SHFE黄金仓单(吨))
2026-06-26,shfe_inventory,53.0,ton,手动维护-SHFE,https://www.shfe.com.cn/reports/businessdata/prmsummary/,2026-09-02T09:02:06.153672,daily,B,Loaded from gold_inventory.csv (SHFE黄金仓单(吨))
2026-06-27,shfe_inventory,53.0,ton,手动维护-SHFE,https://www.shfe.com.cn/reports/businessdata/prmsummary/,2026-09-02T09:02:06.154673,daily,B,Loaded from gold_inventory.csv (SHFE黄金仓单(吨))
2026-06-28,shfe_inventory,40.0,ton,手动维护-SHFE,https://www.shfe.com.cn/reports/businessdata/prmsummary/,2026-09-02T09:02:06.154673,daily,B,Loaded from gold_inventory.csv (SHFE黄金仓单(吨))
2026-06-29,shfe_inventory,57.0,ton,手动维护-SHFE,https://www.shfe.com.cn/reports/businessdata/prmsummary/,2026-09-02T09:02:06.154673,daily,B,Loaded from gold_inventory.csv (SHFE黄金仓单(吨))
2026-06-30,shfe_inventory,61.0,ton,手动维护-SHFE,https://www.shfe.com.cn/reports/businessdata/prmsummary/,2026-09-02T09:02:06.154673,daily,B,Loaded from gold_inventory.csv (SHFE黄金仓单(吨))
2026-07-01,shfe_inventory,59.0,ton,手动维护-SHFE,https://www.shfe.com.cn/reports/businessdata/prmsummary/,2026-09-02T09:02:06.154673,daily,B,Loaded from gold_inventory.csv (SHFE黄金仓单(吨))
2026-07-02,shfe_inventory,61.0,ton,手动维护-SHFE,https://www.shfe.com.cn/reports/businessdata/prmsummary/,2026-09-02T09:02:06.154673,daily,B,Loaded from gold_inventory.csv (SHFE黄金仓单(吨))
2026-07-03,shfe_inventory,38.0,ton,手动维护-SHFE,https://www.shfe.com.cn/reports/businessdata/prmsummary/,2026-09-02T09:02:06.154673,daily,B,Loaded from gold_inventory.csv (SHFE黄金仓单(吨))
2026-07-04,shfe_inventory,61.0,ton,手动维护-SHFE,https://www.shfe.com.cn/reports/businessdata/prmsummary/,2026-09-02T09:02:06.154673,daily,B,Loaded from gold_inventory.csv (SHFE黄金仓单(吨))
2026-07-05,shfe_inventory,57.0,ton,手动维护-SHFE,https://www.shfe.com.cn/reports/businessdata/prmsummary/,2026-09-02T09:02:06.154673,daily,B,Loaded from gold_inventory.csv (SHFE黄金仓单(吨))
2026-07-06,shfe_inventory,48.0,ton,手动维护-SHFE,https://www.shfe.com.cn/reports/businessdata/prmsummary/,2026-09-02T09:02:06.154673,daily,B,Loaded from gold_inventory.csv (SHFE黄金仓单(吨))
2026-07-07,shfe_inventory,54.0,ton,手动维护-SHFE,https://www.shfe.com.cn/reports/businessdata/prmsummary/,2026-09-02T09:02:06.154673,daily,B,Loaded from gold_inventory.csv (SHFE黄金仓单(吨))
2026-07-08,shfe_inventory,45.0,ton,手动维护-SHFE,https://www.shfe.com.cn/reports/businessdata/prmsummary/,2026-09-02T09:02:06.154673,daily,B,Loaded from gold_inventory.csv (SHFE黄金仓单(吨))
2026-07-09,shfe_inventory,41.0,ton,手动维护-SHFE,https://www.shfe.com.cn/reports/businessdata/prmsummary/,2026-09-02T09:02:06.155673,daily,B,Loaded from gold_inventory.csv (SHFE黄金仓单(吨))
2026-07-10,shfe_inventory,43.0,ton,手动维护-SHFE,https://www.shfe.com.cn/reports/businessdata/prmsummary/,2026-09-02T09:02:06.155673,daily,B,Loaded from gold_inventory.csv (SHFE黄金仓单(吨))
2026-07-11,shfe_inventory,45.0,ton,手动维护-SHFE,https://www.shfe.com.cn/reports/businessdata/prmsummary/,2026-09-02T09:02:06.155673,daily,B,Loaded from gold_inventory.csv (SHFE黄金仓单(吨))
2026-07-12,shfe_inventory,57.0,ton,手动维护-SHFE,https://www.shfe.com.cn/reports/businessdata/prmsummary/,2026-09-02T09:02:06.155673,daily,B,Loaded from gold_inventory.csv (SHFE黄金仓单(吨))
2026-07-13,shfe_inventory,40.0,ton,手动维护-SHFE,https://www.shfe.com.cn/reports/businessdata/prmsummary/,2026-09-02T09:02:06.155673,daily,B,Loaded from gold_inventory.csv (SHFE黄金仓单(吨))
2026-07-14,shfe_inventory,112.647,ton,手动维护-SHFE,https://www.shfe.com.cn/reports/businessdata/prmsummary/,2026-09-02T09:02:06.155673,daily,B,Loaded from gold_inventory.csv (SHFE黄金仓单(吨))
2026-07-15,shfe_inventory,112.647,ton,手动维护-SHFE,https://www.shfe.com.cn/reports/businessdata/prmsummary/,2026-09-02T09:02:06.155673,daily,B,Loaded from gold_inventory.csv (SHFE黄金仓单(吨))
2026-07-16,shfe_inventory,112.647,ton,手动维护-SHFE,https://www.shfe.com.cn/reports/businessdata/prmsummary/,2026-09-02T09:02:06.155673,daily,B,Loaded from gold_inventory.csv (SHFE黄金仓单(吨))
2026-07-17,shfe_inventory,112.647,ton,手动维护-SHFE,https://www.shfe.com.cn/reports/businessdata/prmsummary/,2026-09-02T09:02:06.155673,daily,B,Loaded from gold_inventory.csv (SHFE黄金仓单(吨))
2026-07-20,shfe_inventory,112.641,ton,手动维护-SHFE,https://www.shfe.com.cn/reports/businessdata/prmsummary/,2026-09-02T09:02:06.155673,daily,B,Loaded from gold_inventory.csv (SHFE黄金仓单(吨))
2026-07-21,shfe_inventory,112.641,ton,手动维护-SHFE,https://www.shfe.com.cn/reports/businessdata/prmsummary/,2026-09-02T09:02:06.156678,daily,B,Loaded from gold_inventory.csv (SHFE黄金仓单(吨))
2026-07-22,shfe_inventory,112.641,ton,手动维护-SHFE,https://www.shfe.com.cn/reports/businessdata/prmsummary/,2026-09-02T09:02:06.156678,daily,B,Loaded from gold_inventory.csv (SHFE黄金仓单(吨))
2026-07-23,shfe_inventory,112.641,ton,手动维护-SHFE,https://www.shfe.com.cn/reports/businessdata/prmsummary/,2026-09-02T09:02:06.156678,daily,B,Loaded from gold_inventory.csv (SHFE黄金仓单(吨))
2026-07-24,shfe_inventory,112.641,ton,手动维护-SHFE,https://www.shfe.com.cn/reports/businessdata/prmsummary/,2026-09-02T09:02:06.156678,daily,B,Loaded from gold_inventory.csv (SHFE黄金仓单(吨))
2026-07-27,shfe_inventory,112.641,ton,手动维护-SHFE,https://www.shfe.com.cn/reports/businessdata/prmsummary/,2026-09-02T09:02:06.156678,daily,B,Loaded from gold_inventory.csv (SHFE黄金仓单(吨))
2026-07-28,shfe_inventory,113.622,ton,手动维护-SHFE,https://www.shfe.com.cn/reports/businessdata/prmsummary/,2026-09-02T09:02:06.156678,daily,B,Loaded from gold_inventory.csv (SHFE黄金仓单(吨))
2026-07-29,shfe_inventory,113.622,ton,手动维护-SHFE,https://www.shfe.com.cn/reports/businessdata/prmsummary/,2026-09-02T09:02:06.156678,daily,B,Loaded from gold_inventory.csv (SHFE黄金仓单(吨))
2026-07-30,shfe_inventory,113.622,ton,手动维护-SHFE,https://www.shfe.com.cn/reports/businessdata/prmsummary/,2026-09-02T09:02:06.156678,daily,B,Loaded from gold_inventory.csv (SHFE黄金仓单(吨))
2026-07-31,shfe_inventory,113.622,ton,手动维护-SHFE,https://www.shfe.com.cn/reports/businessdata/prmsummary/,2026-09-02T09:02:06.156678,daily,B,Loaded from gold_inventory.csv (SHFE黄金仓单(吨))
2026-08-03,shfe_inventory,113.622,ton,手动维护-SHFE,https://www.shfe.com.cn/reports/businessdata/prmsummary/,2026-09-02T09:02:06.156678,daily,B,Loaded from gold_inventory.csv (SHFE黄金仓单(吨))
2026-08-04,shfe_inventory,113.622,ton,手动维护-SHFE,https://www.shfe.com.cn/reports/businessdata/prmsummary/,2026-09-02T09:02:06.156678,daily,B,Loaded from gold_inventory.csv (SHFE黄金仓单(吨))
2026-08-05,shfe_inventory,113.616,ton,手动维护-SHFE,https://www.shfe.com.cn/reports/businessdata/prmsummary/,2026-09-02T09:02:06.156678,daily,B,Loaded from gold_inventory.csv (SHFE黄金仓单(吨))
2026-08-06,shfe_inventory,113.616,ton,东方财富-SHFE,https://www.shfe.com.cn/reports/businessdata/prmsummary/,2026-09-02T09:02:02.033494,daily,A,SHFE gold warehouse receipt daily; Eastmoney kg scaled to ton (value_scale=0.001)
2026-08-07,shfe_inventory,113.616,ton,东方财富-SHFE,https://www.shfe.com.cn/reports/businessdata/prmsummary/,2026-09-02T09:02:02.033494,daily,A,SHFE gold warehouse receipt daily; Eastmoney kg scaled to ton (value_scale=0.001)
2026-08-10,shfe_inventory,113.616,ton,东方财富-SHFE,https://www.shfe.com.cn/reports/businessdata/prmsummary/,2026-09-02T09:02:02.033494,daily,A,SHFE gold warehouse receipt daily; Eastmoney kg scaled to ton (value_scale=0.001)
2026-08-11,shfe_inventory,113.676,ton,东方财富-SHFE,https://www.shfe.com.cn/reports/businessdata/prmsummary/,2026-09-02T09:02:02.034413,daily,A,SHFE gold warehouse receipt daily; Eastmoney kg scaled to ton (value_scale=0.001)
2026-08-12,shfe_inventory,113.676,ton,东方财富-SHFE,https://www.shfe.com.cn/reports/businessdata/prmsummary/,2026-09-02T09:02:02.034413,daily,A,SHFE gold warehouse receipt daily; Eastmoney kg scaled to ton (value_scale=0.001)
2026-08-13,shfe_inventory,113.676,ton,东方财富-SHFE,https://www.shfe.com.cn/reports/businessdata/prmsummary/,2026-09-02T09:02:02.034413,daily,A,SHFE gold warehouse receipt daily; Eastmoney kg scaled to ton (value_scale=0.001)
2026-08-14,shfe_inventory,113.676,ton,东方财富-SHFE,https://www.shfe.com.cn/reports/businessdata/prmsummary/,2026-09-02T09:02:02.034413,daily,A,SHFE gold warehouse receipt daily; Eastmoney kg scaled to ton (value_scale=0.001)
2026-08-17,shfe_inventory,113.676,ton,东方财富-SHFE,https://www.shfe.com.cn/reports/businessdata/prmsummary/,2026-09-02T09:02:02.034413,daily,A,SHFE gold warehouse receipt daily; Eastmoney kg scaled to ton (value_scale=0.001)
2026-08-18,shfe_inventory,113.676,ton,东方财富-SHFE,https://www.shfe.com.cn/reports/businessdata/prmsummary/,2026-09-02T09:02:02.034413,daily,A,SHFE gold warehouse receipt daily; Eastmoney kg scaled to ton (value_scale=0.001)
2026-08-19,shfe_inventory,113.664,ton,东方财富-SHFE,https://www.shfe.com.cn/reports/businessdata/prmsummary/,2026-09-02T09:02:02.035412,daily,A,SHFE gold warehouse receipt daily; Eastmoney kg scaled to ton (value_scale=0.001)
2026-08-20,shfe_inventory,113.664,ton,东方财富-SHFE,https://www.shfe.com.cn/reports/businessdata/prmsummary/,2026-09-02T09:02:02.035412,daily,A,SHFE gold warehouse receipt daily; Eastmoney kg scaled to ton (value_scale=0.001)
2026-08-21,shfe_inventory,113.658,ton,东方财富-SHFE,https://www.shfe.com.cn/reports/businessdata/prmsummary/,2026-09-02T09:02:02.035412,daily,A,SHFE gold warehouse receipt daily; Eastmoney kg scaled to ton (value_scale=0.001)
2026-08-24,shfe_inventory,113.658,ton,东方财富-SHFE,https://www.shfe.com.cn/reports/businessdata/prmsummary/,2026-09-02T09:02:02.035412,daily,A,SHFE gold warehouse receipt daily; Eastmoney kg scaled to ton (value_scale=0.001)
2026-08-25,shfe_inventory,113.658,ton,东方财富-SHFE,https://www.shfe.com.cn/reports/businessdata/prmsummary/,2026-09-02T09:02:02.035412,daily,A,SHFE gold warehouse receipt daily; Eastmoney kg scaled to ton (value_scale=0.001)
2026-08-26,shfe_inventory,113.658,ton,东方财富-SHFE,https://www.shfe.com.cn/reports/businessdata/prmsummary/,2026-09-02T09:02:02.035412,daily,A,SHFE gold warehouse receipt daily; Eastmoney kg scaled to ton (value_scale=0.001)
2026-08-27,shfe_inventory,113.658,ton,东方财富-SHFE,https://www.shfe.com.cn/reports/businessdata/prmsummary/,2026-09-02T09:02:02.036414,daily,A,SHFE gold warehouse receipt daily; Eastmoney kg scaled to ton (value_scale=0.001)
2026-08-28,shfe_inventory,113.658,ton,东方财富-SHFE,https://www.shfe.com.cn/reports/businessdata/prmsummary/,2026-09-02T09:02:02.036414,daily,A,SHFE gold warehouse receipt daily; Eastmoney kg scaled to ton (value_scale=0.001)
2026-08-31,shfe_inventory,113.658,ton,东方财富-SHFE,https://www.shfe.com.cn/reports/businessdata/prmsummary/,2026-09-02T09:02:02.036414,daily,A,SHFE gold warehouse receipt daily; Eastmoney kg scaled to ton (value_scale=0.001)
2026-09-01,shfe_inventory,114.858,ton,东方财富-SHFE,https://www.shfe.com.cn/reports/businessdata/prmsummary/,2026-09-02T09:02:02.036931,daily,A,SHFE gold warehouse receipt daily; Eastmoney kg scaled to ton (value_scale=0.001)
2025-05-31,social_financing,5923.0,CNY_bn,东方财富-社融,https://data.eastmoney.com/cjsj/xzxd.html,2026-07-05T00:03:49.896000,monthly,A,
2025-06-30,social_financing,23600.0,CNY_bn,东方财富-社融,https://data.eastmoney.com/cjsj/xzxd.html,2026-08-04T00:03:21.642692,monthly,A,
2025-07-31,social_financing,-4296.0,CNY_bn,东方财富-社融,https://data.eastmoney.com/cjsj/xzxd.html,2026-09-02T09:02:03.920305,monthly,A,
2025-08-31,social_financing,6253.0,CNY_bn,东方财富-社融,https://data.eastmoney.com/cjsj/xzxd.html,2026-09-02T09:02:03.920305,monthly,A,
2025-09-30,social_financing,16081.0,CNY_bn,东方财富-社融,https://data.eastmoney.com/cjsj/xzxd.html,2026-09-02T09:02:03.920305,monthly,A,
2025-10-31,social_financing,-154.0,CNY_bn,东方财富-社融,https://data.eastmoney.com/cjsj/xzxd.html,2026-09-02T09:02:03.920305,monthly,A,
2025-11-30,social_financing,4096.0,CNY_bn,东方财富-社融,https://data.eastmoney.com/cjsj/xzxd.html,2026-09-02T09:02:03.920305,monthly,A,
2025-12-31,social_financing,9804.0,CNY_bn,东方财富-社融,https://data.eastmoney.com/cjsj/xzxd.html,2026-09-02T09:02:03.919303,monthly,A,
2026-01-31,social_financing,49016.0,CNY_bn,东方财富-社融,https://data.eastmoney.com/cjsj/xzxd.html,2026-09-02T09:02:03.919303,monthly,A,
2026-02-28,social_financing,8458.0,CNY_bn,东方财富-社融,https://data.eastmoney.com/cjsj/xzxd.html,2026-09-02T09:02:03.919303,monthly,A,
2026-03-31,social_financing,31522.0,CNY_bn,东方财富-社融,https://data.eastmoney.com/cjsj/xzxd.html,2026-09-02T09:02:03.919303,monthly,A,
2026-04-30,social_financing,-4006.0,CNY_bn,东方财富-社融,https://data.eastmoney.com/cjsj/xzxd.html,2026-09-02T09:02:03.919303,monthly,A,
2026-05-31,social_financing,4965.0,CNY_bn,东方财富-社融,https://data.eastmoney.com/cjsj/xzxd.html,2026-09-02T09:02:03.919303,monthly,A,
2026-06-30,social_financing,17650.0,CNY_bn,东方财富-社融,https://data.eastmoney.com/cjsj/xzxd.html,2026-09-02T09:02:03.919303,monthly,A,
2026-07-31,social_financing,-5896.0,CNY_bn,东方财富-社融,https://data.eastmoney.com/cjsj/xzxd.html,2026-09-02T09:02:03.919303,monthly,A,
2025-05-27,spot_premium,233.5,USD/oz,derived,,2026-07-01T21:05:57.267038,daily,C,
2025-05-28,spot_premium,252.5,USD/oz,derived,,2026-07-02T02:45:03.900251,daily,C,
2025-05-29,spot_premium,181.92,USD/oz,derived,,2026-07-03T08:41:13.901248,daily,C,
2025-05-30,spot_premium,256.88,USD/oz,derived,,2026-07-04T00:04:38.553573,daily,C,
2025-06-03,spot_premium,238.7,USD/oz,derived,,2026-07-08T00:02:55.351408,daily,C,
2025-06-04,spot_premium,204.27,USD/oz,derived,,2026-07-09T00:05:22.589048,daily,C,
2025-06-05,spot_premium,242.68,USD/oz,derived,,2026-07-10T00:04:28.761351,daily,C,
2025-06-06,spot_premium,277.5,USD/oz,derived,,2026-07-11T00:05:11.041774,daily,C,
2025-06-09,spot_premium,223.74,USD/oz,derived,,2026-07-14T00:03:21.180614,daily,C,
2025-06-10,spot_premium,234.98,USD/oz,derived,,2026-07-15T00:05:17.991614,daily,C,
2025-06-11,spot_premium,250.96,USD/oz,derived,,2026-07-16T08:19:22.523901,daily,C,
2025-06-12,spot_premium,225.25,USD/oz,derived,,2026-07-17T08:35:36.957368,daily,C,
2025-06-13,spot_premium,219.58,USD/oz,derived,,2026-07-18T00:03:37.037374,daily,C,
2025-06-16,spot_premium,250.46,USD/oz,derived,,2026-07-21T00:04:38.048241,daily,C,
2025-06-17,spot_premium,222.91,USD/oz,derived,,2026-07-22T00:05:14.858491,daily,C,
2025-06-18,spot_premium,221.01,USD/oz,derived,,2026-07-23T00:08:15.595808,daily,C,
2025-06-19,spot_premium,201.79,USD/oz,derived,,2026-07-23T00:08:15.595888,daily,C,
2025-06-20,spot_premium,208.2,USD/oz,derived,,2026-07-25T00:03:36.617002,daily,C,
2025-06-23,spot_premium,220.12,USD/oz,derived,,2026-07-28T00:03:28.157988,daily,C,
2025-06-24,spot_premium,233.27,USD/oz,derived,,2026-07-29T00:04:32.488611,daily,C,
2025-06-25,spot_premium,228.09,USD/oz,derived,,2026-07-30T00:06:08.192331,daily,C,
2025-06-26,spot_premium,243.81,USD/oz,derived,,2026-07-31T08:48:00.772133,daily,C,
2025-06-27,spot_premium,270.86,USD/oz,derived,,2026-08-01T00:07:26.156416,daily,C,
2025-06-30,spot_premium,241.61,USD/oz,derived,,2026-08-04T00:03:27.870048,daily,C,
2025-07-01,spot_premium,244.71,USD/oz,derived,,2026-08-05T00:05:25.044813,daily,C,
2025-07-02,spot_premium,228.36,USD/oz,derived,,2026-08-06T08:59:17.254666,daily,C,
2025-07-03,spot_premium,268.64,USD/oz,derived,,2026-08-07T00:06:04.371027,daily,C,
2025-07-04,spot_premium,254.94,USD/oz,derived,,2026-08-08T00:05:38.842219,daily,C,
2025-07-07,spot_premium,228.64,USD/oz,derived,,2026-08-11T00:07:33.060751,daily,C,
2025-07-08,spot_premium,272.68,USD/oz,derived,,2026-08-12T00:01:54.053879,daily,C,
2025-07-09,spot_premium,229.19,USD/oz,derived,,2026-08-13T09:14:43.724994,daily,C,
2025-07-10,spot_premium,253.31,USD/oz,derived,,2026-08-14T00:03:49.842162,daily,C,
2025-07-11,spot_premium,217.93,USD/oz,derived,,2026-08-15T00:04:18.867903,daily,C,
2025-07-14,spot_premium,254.79,USD/oz,derived,,2026-08-18T00:13:43.039474,daily,C,
2025-07-15,spot_premium,274.66,USD/oz,derived,,2026-08-19T00:06:30.438013,daily,C,
2025-07-16,spot_premium,237.46,USD/oz,derived,,2026-08-20T08:38:11.286435,daily,C,
2025-07-17,spot_premium,254.94,USD/oz,derived,,2026-08-21T00:04:06.966922,daily,C,
2025-07-18,spot_premium,247.83,USD/oz,derived,,2026-08-22T00:06:17.099724,daily,C,
2025-07-21,spot_premium,215.66,USD/oz,derived,,2026-08-25T08:48:03.165722,daily,C,
2025-07-22,spot_premium,192.89,USD/oz,derived,,2026-08-25T08:48:03.165722,daily,C,
2025-07-23,spot_premium,275.67,USD/oz,derived,,2026-08-27T09:48:42.151320,daily,C,
2025-07-24,spot_premium,233.23,USD/oz,derived,,2026-08-27T09:48:42.152320,daily,C,
2025-07-25,spot_premium,263.66,USD/oz,derived,,2026-08-27T09:48:42.152320,daily,C,
2025-07-28,spot_premium,276.54,USD/oz,derived,,2026-08-31T08:35:58.584847,daily,C,
2025-07-29,spot_premium,247.36,USD/oz,derived,,2026-09-02T09:02:09.135255,daily,C,SHFE AU0 vs COMEX GC=F after USDCNY conversion (CNY/g to USD/oz)
2025-07-30,spot_premium,285.8,USD/oz,derived,,2026-09-02T09:02:09.135255,daily,C,SHFE AU0 vs COMEX GC=F after USDCNY conversion (CNY/g to USD/oz)
2025-07-31,spot_premium,272.2,USD/oz,derived,,2026-09-02T09:02:09.135790,daily,C,SHFE AU0 vs COMEX GC=F after USDCNY conversion (CNY/g to USD/oz)
2025-08-01,spot_premium,219.73,USD/oz,derived,,2026-09-02T09:02:09.135790,daily,C,SHFE AU0 vs COMEX GC=F after USDCNY conversion (CNY/g to USD/oz)
2025-08-04,spot_premium,242.56,USD/oz,derived,,2026-09-02T09:02:09.135790,daily,C,SHFE AU0 vs COMEX GC=F after USDCNY conversion (CNY/g to USD/oz)
2025-08-05,spot_premium,240.06,USD/oz,derived,,2026-09-02T09:02:09.135790,daily,C,SHFE AU0 vs COMEX GC=F after USDCNY conversion (CNY/g to USD/oz)
2025-08-06,spot_premium,247.42,USD/oz,derived,,2026-09-02T09:02:09.136315,daily,C,SHFE AU0 vs COMEX GC=F after USDCNY conversion (CNY/g to USD/oz)
2025-08-07,spot_premium,233.32,USD/oz,derived,,2026-09-02T09:02:09.136315,daily,C,SHFE AU0 vs COMEX GC=F after USDCNY conversion (CNY/g to USD/oz)
2025-08-08,spot_premium,207.39,USD/oz,derived,,2026-09-02T09:02:09.136315,daily,C,SHFE AU0 vs COMEX GC=F after USDCNY conversion (CNY/g to USD/oz)
2025-08-11,spot_premium,254.88,USD/oz,derived,,2026-09-02T09:02:09.136849,daily,C,SHFE AU0 vs COMEX GC=F after USDCNY conversion (CNY/g to USD/oz)
2025-08-12,spot_premium,243.16,USD/oz,derived,,2026-09-02T09:02:09.136904,daily,C,SHFE AU0 vs COMEX GC=F after USDCNY conversion (CNY/g to USD/oz)
2025-08-13,spot_premium,241.13,USD/oz,derived,,2026-09-02T09:02:09.136904,daily,C,SHFE AU0 vs COMEX GC=F after USDCNY conversion (CNY/g to USD/oz)
2025-08-14,spot_premium,269.17,USD/oz,derived,,2026-09-02T09:02:09.136904,daily,C,SHFE AU0 vs COMEX GC=F after USDCNY conversion (CNY/g to USD/oz)
2025-08-15,spot_premium,254.95,USD/oz,derived,,2026-09-02T09:02:09.137436,daily,C,SHFE AU0 vs COMEX GC=F after USDCNY conversion (CNY/g to USD/oz)
2025-08-18,spot_premium,267.86,USD/oz,derived,,2026-09-02T09:02:09.137436,daily,C,SHFE AU0 vs COMEX GC=F after USDCNY conversion (CNY/g to USD/oz)
2025-08-19,spot_premium,274.12,USD/oz,derived,,2026-09-02T09:02:09.137436,daily,C,SHFE AU0 vs COMEX GC=F after USDCNY conversion (CNY/g to USD/oz)
2025-08-20,spot_premium,233.1,USD/oz,derived,,2026-09-02T09:02:09.137978,daily,C,SHFE AU0 vs COMEX GC=F after USDCNY conversion (CNY/g to USD/oz)
2025-08-21,spot_premium,250.9,USD/oz,derived,,2026-09-02T09:02:09.137978,daily,C,SHFE AU0 vs COMEX GC=F after USDCNY conversion (CNY/g to USD/oz)
2025-08-22,spot_premium,205.44,USD/oz,derived,,2026-09-02T09:02:09.137978,daily,C,SHFE AU0 vs COMEX GC=F after USDCNY conversion (CNY/g to USD/oz)
2025-08-25,spot_premium,232.79,USD/oz,derived,,2026-09-02T09:02:09.138501,daily,C,SHFE AU0 vs COMEX GC=F after USDCNY conversion (CNY/g to USD/oz)
2025-08-26,spot_premium,226.97,USD/oz,derived,,2026-09-02T09:02:09.138501,daily,C,SHFE AU0 vs COMEX GC=F after USDCNY conversion (CNY/g to USD/oz)
2025-08-27,spot_premium,211.16,USD/oz,derived,,2026-09-02T09:02:09.138501,daily,C,SHFE AU0 vs COMEX GC=F after USDCNY conversion (CNY/g to USD/oz)
2025-08-28,spot_premium,193.49,USD/oz,derived,,2026-09-02T09:02:09.139009,daily,C,SHFE AU0 vs COMEX GC=F after USDCNY conversion (CNY/g to USD/oz)
2025-08-29,spot_premium,171.03,USD/oz,derived,,2026-09-02T09:02:09.139064,daily,C,SHFE AU0 vs COMEX GC=F after USDCNY conversion (CNY/g to USD/oz)
2025-09-01,spot_premium,239.44,USD/oz,derived,,2026-09-02T09:02:09.139064,daily,C,SHFE AU0 vs COMEX GC=F after USDCNY conversion (CNY/g to USD/oz)
2025-09-02,spot_premium,182.17,USD/oz,derived,,2026-09-02T09:02:09.139064,daily,C,SHFE AU0 vs COMEX GC=F after USDCNY conversion (CNY/g to USD/oz)
2025-09-03,spot_premium,186.87,USD/oz,derived,,2026-09-02T09:02:09.139591,daily,C,SHFE AU0 vs COMEX GC=F after USDCNY conversion (CNY/g to USD/oz)
2025-09-04,spot_premium,206.22,USD/oz,derived,,2026-09-02T09:02:09.139591,daily,C,SHFE AU0 vs COMEX GC=F after USDCNY conversion (CNY/g to USD/oz)
2025-09-05,spot_premium,170.86,USD/oz,derived,,2026-09-02T09:02:09.139591,daily,C,SHFE AU0 vs COMEX GC=F after USDCNY conversion (CNY/g to USD/oz)
2025-09-08,spot_premium,181.41,USD/oz,derived,,2026-09-02T09:02:09.140275,daily,C,SHFE AU0 vs COMEX GC=F after USDCNY conversion (CNY/g to USD/oz)
2025-09-09,spot_premium,231.38,USD/oz,derived,,2026-09-02T09:02:09.140275,daily,C,SHFE AU0 vs COMEX GC=F after USDCNY conversion (CNY/g to USD/oz)
2025-09-10,spot_premium,226.27,USD/oz,derived,,2026-09-02T09:02:09.140794,daily,C,SHFE AU0 vs COMEX GC=F after USDCNY conversion (CNY/g to USD/oz)
2025-09-11,spot_premium,218.07,USD/oz,derived,,2026-09-02T09:02:09.140794,daily,C,SHFE AU0 vs COMEX GC=F after USDCNY conversion (CNY/g to USD/oz)
2025-09-12,spot_premium,223.43,USD/oz,derived,,2026-09-02T09:02:09.140794,daily,C,SHFE AU0 vs COMEX GC=F after USDCNY conversion (CNY/g to USD/oz)
2025-09-15,spot_premium,178.6,USD/oz,derived,,2026-09-02T09:02:09.141350,daily,C,SHFE AU0 vs COMEX GC=F after USDCNY conversion (CNY/g to USD/oz)
2025-09-16,spot_premium,220.41,USD/oz,derived,,2026-09-02T09:02:09.141350,daily,C,SHFE AU0 vs COMEX GC=F after USDCNY conversion (CNY/g to USD/oz)
2025-09-17,spot_premium,195.38,USD/oz,derived,,2026-09-02T09:02:09.141350,daily,C,SHFE AU0 vs COMEX GC=F after USDCNY conversion (CNY/g to USD/oz)
2025-09-18,spot_premium,183.4,USD/oz,derived,,2026-09-02T09:02:09.141350,daily,C,SHFE AU0 vs COMEX GC=F after USDCNY conversion (CNY/g to USD/oz)
2025-09-19,spot_premium,172.91,USD/oz,derived,,2026-09-02T09:02:09.141875,daily,C,SHFE AU0 vs COMEX GC=F after USDCNY conversion (CNY/g to USD/oz)
2025-09-22,spot_premium,177.49,USD/oz,derived,,2026-09-02T09:02:09.141875,daily,C,SHFE AU0 vs COMEX GC=F after USDCNY conversion (CNY/g to USD/oz)
2025-09-23,spot_premium,178.98,USD/oz,derived,,2026-09-02T09:02:09.141875,daily,C,SHFE AU0 vs COMEX GC=F after USDCNY conversion (CNY/g to USD/oz)
2025-09-24,spot_premium,248.58,USD/oz,derived,,2026-09-02T09:02:09.142385,daily,C,SHFE AU0 vs COMEX GC=F after USDCNY conversion (CNY/g to USD/oz)
2025-09-25,spot_premium,219.34,USD/oz,derived,,2026-09-02T09:02:09.142485,daily,C,SHFE AU0 vs COMEX GC=F after USDCNY conversion (CNY/g to USD/oz)
2025-09-26,spot_premium,187.15,USD/oz,derived,,2026-09-02T09:02:09.142485,daily,C,SHFE AU0 vs COMEX GC=F after USDCNY conversion (CNY/g to USD/oz)
2025-09-29,spot_premium,189.96,USD/oz,derived,,2026-09-02T09:02:09.142485,daily,C,SHFE AU0 vs COMEX GC=F after USDCNY conversion (CNY/g to USD/oz)
2025-09-30,spot_premium,206.54,USD/oz,derived,,2026-09-02T09:02:09.142485,daily,C,SHFE AU0 vs COMEX GC=F after USDCNY conversion (CNY/g to USD/oz)
2025-10-09,spot_premium,285.81,USD/oz,derived,,2026-09-02T09:02:09.143010,daily,C,SHFE AU0 vs COMEX GC=F after USDCNY conversion (CNY/g to USD/oz)
2025-10-10,spot_premium,197.15,USD/oz,derived,,2026-09-02T09:02:09.143010,daily,C,SHFE AU0 vs COMEX GC=F after USDCNY conversion (CNY/g to USD/oz)
2025-10-13,spot_premium,184.8,USD/oz,derived,,2026-09-02T09:02:09.143010,daily,C,SHFE AU0 vs COMEX GC=F after USDCNY conversion (CNY/g to USD/oz)
2025-10-14,spot_premium,207.56,USD/oz,derived,,2026-09-02T09:02:09.143010,daily,C,SHFE AU0 vs COMEX GC=F after USDCNY conversion (CNY/g to USD/oz)
2025-10-15,spot_premium,268.23,USD/oz,derived,,2026-09-02T09:02:09.143534,daily,C,SHFE AU0 vs COMEX GC=F after USDCNY conversion (CNY/g to USD/oz)
2025-10-16,spot_premium,193.07,USD/oz,derived,,2026-09-02T09:02:09.143560,daily,C,SHFE AU0 vs COMEX GC=F after USDCNY conversion (CNY/g to USD/oz)
2025-10-17,spot_premium,437.87,USD/oz,derived,,2026-09-02T09:02:09.143560,daily,C,SHFE AU0 vs COMEX GC=F after USDCNY conversion (CNY/g to USD/oz)
2025-10-20,spot_premium,154.92,USD/oz,derived,,2026-09-02T09:02:09.143560,daily,C,SHFE AU0 vs COMEX GC=F after USDCNY conversion (CNY/g to USD/oz)
2025-10-21,spot_premium,513.51,USD/oz,derived,,2026-09-02T09:02:09.144089,daily,C,SHFE AU0 vs COMEX GC=F after USDCNY conversion (CNY/g to USD/oz)
2025-10-22,spot_premium,364.71,USD/oz,derived,,2026-09-02T09:02:09.144089,daily,C,SHFE AU0 vs COMEX GC=F after USDCNY conversion (CNY/g to USD/oz)
2025-10-23,spot_premium,236.03,USD/oz,derived,,2026-09-02T09:02:09.144089,daily,C,SHFE AU0 vs COMEX GC=F after USDCNY conversion (CNY/g to USD/oz)
2025-10-24,spot_premium,223.78,USD/oz,derived,,2026-09-02T09:02:09.144089,daily,C,SHFE AU0 vs COMEX GC=F after USDCNY conversion (CNY/g to USD/oz)
2025-10-27,spot_premium,321.95,USD/oz,derived,,2026-09-02T09:02:09.144089,daily,C,SHFE AU0 vs COMEX GC=F after USDCNY conversion (CNY/g to USD/oz)
2025-10-28,spot_premium,206.02,USD/oz,derived,,2026-09-02T09:02:09.144627,daily,C,SHFE AU0 vs COMEX GC=F after USDCNY conversion (CNY/g to USD/oz)
2025-10-29,spot_premium,232.49,USD/oz,derived,,2026-09-02T09:02:09.144729,daily,C,SHFE AU0 vs COMEX GC=F after USDCNY conversion (CNY/g to USD/oz)
2025-10-30,spot_premium,220.82,USD/oz,derived,,2026-09-02T09:02:09.144729,daily,C,SHFE AU0 vs COMEX GC=F after USDCNY conversion (CNY/g to USD/oz)
2025-10-31,spot_premium,285.09,USD/oz,derived,,2026-09-02T09:02:09.144729,daily,C,SHFE AU0 vs COMEX GC=F after USDCNY conversion (CNY/g to USD/oz)
2025-11-03,spot_premium,270.05,USD/oz,derived,,2026-09-02T09:02:09.144729,daily,C,SHFE AU0 vs COMEX GC=F after USDCNY conversion (CNY/g to USD/oz)
2025-11-04,spot_premium,290.25,USD/oz,derived,,2026-09-02T09:02:09.145254,daily,C,SHFE AU0 vs COMEX GC=F after USDCNY conversion (CNY/g to USD/oz)
2025-11-05,spot_premium,242.28,USD/oz,derived,,2026-09-02T09:02:09.145254,daily,C,SHFE AU0 vs COMEX GC=F after USDCNY conversion (CNY/g to USD/oz)
2025-11-06,spot_premium,268.32,USD/oz,derived,,2026-09-02T09:02:09.145254,daily,C,SHFE AU0 vs COMEX GC=F after USDCNY conversion (CNY/g to USD/oz)
2025-11-07,spot_premium,264.84,USD/oz,derived,,2026-09-02T09:02:09.145254,daily,C,SHFE AU0 vs COMEX GC=F after USDCNY conversion (CNY/g to USD/oz)
2025-11-10,spot_premium,220.57,USD/oz,derived,,2026-09-02T09:02:09.145787,daily,C,SHFE AU0 vs COMEX GC=F after USDCNY conversion (CNY/g to USD/oz)
2025-11-11,spot_premium,285.28,USD/oz,derived,,2026-09-02T09:02:09.145787,daily,C,SHFE AU0 vs COMEX GC=F after USDCNY conversion (CNY/g to USD/oz)
2025-11-12,spot_premium,173.24,USD/oz,derived,,2026-09-02T09:02:09.145787,daily,C,SHFE AU0 vs COMEX GC=F after USDCNY conversion (CNY/g to USD/oz)
2025-11-13,spot_premium,274.33,USD/oz,derived,,2026-09-02T09:02:09.145787,daily,C,SHFE AU0 vs COMEX GC=F after USDCNY conversion (CNY/g to USD/oz)
2025-11-14,spot_premium,337.99,USD/oz,derived,,2026-09-02T09:02:09.145787,daily,C,SHFE AU0 vs COMEX GC=F after USDCNY conversion (CNY/g to USD/oz)
2025-11-17,spot_premium,247.13,USD/oz,derived,,2026-09-02T09:02:09.145787,daily,C,SHFE AU0 vs COMEX GC=F after USDCNY conversion (CNY/g to USD/oz)
2025-11-18,spot_premium,203.31,USD/oz,derived,,2026-09-02T09:02:09.145787,daily,C,SHFE AU0 vs COMEX GC=F after USDCNY conversion (CNY/g to USD/oz)
2025-11-19,spot_premium,273.56,USD/oz,derived,,2026-09-02T09:02:09.145787,daily,C,SHFE AU0 vs COMEX GC=F after USDCNY conversion (CNY/g to USD/oz)
2025-11-20,spot_premium,273.46,USD/oz,derived,,2026-09-02T09:02:09.145787,daily,C,SHFE AU0 vs COMEX GC=F after USDCNY conversion (CNY/g to USD/oz)
2025-11-21,spot_premium,213.83,USD/oz,derived,,2026-09-02T09:02:09.146773,daily,C,SHFE AU0 vs COMEX GC=F after USDCNY conversion (CNY/g to USD/oz)
2025-11-24,spot_premium,214.27,USD/oz,derived,,2026-09-02T09:02:09.146773,daily,C,SHFE AU0 vs COMEX GC=F after USDCNY conversion (CNY/g to USD/oz)
2025-11-25,spot_premium,241.86,USD/oz,derived,,2026-09-02T09:02:09.146773,daily,C,SHFE AU0 vs COMEX GC=F after USDCNY conversion (CNY/g to USD/oz)
2025-11-26,spot_premium,216.88,USD/oz,derived,,2026-09-02T09:02:09.146773,daily,C,SHFE AU0 vs COMEX GC=F after USDCNY conversion (CNY/g to USD/oz)
2025-11-27,spot_premium,218.92,USD/oz,derived,,2026-09-02T09:02:09.146773,daily,C,SHFE AU0 vs COMEX GC=F after USDCNY conversion (CNY/g to USD/oz)
2025-11-28,spot_premium,197.11,USD/oz,derived,,2026-09-02T09:02:09.146773,daily,C,SHFE AU0 vs COMEX GC=F after USDCNY conversion (CNY/g to USD/oz)
2025-12-01,spot_premium,219.43,USD/oz,derived,,2026-09-02T09:02:09.146773,daily,C,SHFE AU0 vs COMEX GC=F after USDCNY conversion (CNY/g to USD/oz)
2025-12-02,spot_premium,249.64,USD/oz,derived,,2026-09-02T09:02:09.146773,daily,C,SHFE AU0 vs COMEX GC=F after USDCNY conversion (CNY/g to USD/oz)
2025-12-03,spot_premium,228.98,USD/oz,derived,,2026-09-02T09:02:09.146773,daily,C,SHFE AU0 vs COMEX GC=F after USDCNY conversion (CNY/g to USD/oz)
2025-12-04,spot_premium,201.3,USD/oz,derived,,2026-09-02T09:02:09.147772,daily,C,SHFE AU0 vs COMEX GC=F after USDCNY conversion (CNY/g to USD/oz)
2025-12-05,spot_premium,235.47,USD/oz,derived,,2026-09-02T09:02:09.147772,daily,C,SHFE AU0 vs COMEX GC=F after USDCNY conversion (CNY/g to USD/oz)
2025-12-08,spot_premium,250.33,USD/oz,derived,,2026-09-02T09:02:09.147772,daily,C,SHFE AU0 vs COMEX GC=F after USDCNY conversion (CNY/g to USD/oz)
2025-12-09,spot_premium,197.69,USD/oz,derived,,2026-09-02T09:02:09.147772,daily,C,SHFE AU0 vs COMEX GC=F after USDCNY conversion (CNY/g to USD/oz)
2025-12-10,spot_premium,230.49,USD/oz,derived,,2026-09-02T09:02:09.147772,daily,C,SHFE AU0 vs COMEX GC=F after USDCNY conversion (CNY/g to USD/oz)
2025-12-11,spot_premium,148.33,USD/oz,derived,,2026-09-02T09:02:09.147772,daily,C,SHFE AU0 vs COMEX GC=F after USDCNY conversion (CNY/g to USD/oz)
2025-12-12,spot_premium,192.79,USD/oz,derived,,2026-09-02T09:02:09.147772,daily,C,SHFE AU0 vs COMEX GC=F after USDCNY conversion (CNY/g to USD/oz)
2025-12-15,spot_premium,244.05,USD/oz,derived,,2026-09-02T09:02:09.147772,daily,C,SHFE AU0 vs COMEX GC=F after USDCNY conversion (CNY/g to USD/oz)
2025-12-16,spot_premium,191.91,USD/oz,derived,,2026-09-02T09:02:09.147772,daily,C,SHFE AU0 vs COMEX GC=F after USDCNY conversion (CNY/g to USD/oz)
2025-12-17,spot_premium,187.33,USD/oz,derived,,2026-09-02T09:02:09.148773,daily,C,SHFE AU0 vs COMEX GC=F after USDCNY conversion (CNY/g to USD/oz)
2025-12-18,spot_premium,198.94,USD/oz,derived,,2026-09-02T09:02:09.148773,daily,C,SHFE AU0 vs COMEX GC=F after USDCNY conversion (CNY/g to USD/oz)
2025-12-19,spot_premium,174.26,USD/oz,derived,,2026-09-02T09:02:09.148773,daily,C,SHFE AU0 vs COMEX GC=F after USDCNY conversion (CNY/g to USD/oz)
2025-12-22,spot_premium,188.08,USD/oz,derived,,2026-09-02T09:02:09.148773,daily,C,SHFE AU0 vs COMEX GC=F after USDCNY conversion (CNY/g to USD/oz)
2025-12-23,spot_premium,211.81,USD/oz,derived,,2026-09-02T09:02:09.148773,daily,C,SHFE AU0 vs COMEX GC=F after USDCNY conversion (CNY/g to USD/oz)
2025-12-24,spot_premium,216.05,USD/oz,derived,,2026-09-02T09:02:09.149307,daily,C,SHFE AU0 vs COMEX GC=F after USDCNY conversion (CNY/g to USD/oz)
2025-12-25,spot_premium,188.65,USD/oz,derived,,2026-09-02T09:02:09.149307,daily,C,SHFE AU0 vs COMEX GC=F after USDCNY conversion (CNY/g to USD/oz)
2025-12-26,spot_premium,175.05,USD/oz,derived,,2026-09-02T09:02:09.149307,daily,C,SHFE AU0 vs COMEX GC=F after USDCNY conversion (CNY/g to USD/oz)
2025-12-29,spot_premium,336.83,USD/oz,derived,,2026-09-02T09:02:09.149307,daily,C,SHFE AU0 vs COMEX GC=F after USDCNY conversion (CNY/g to USD/oz)
2025-12-30,spot_premium,188.43,USD/oz,derived,,2026-09-02T09:02:09.149307,daily,C,SHFE AU0 vs COMEX GC=F after USDCNY conversion (CNY/g to USD/oz)
2025-12-31,spot_premium,199.23,USD/oz,derived,,2026-09-02T09:02:09.149307,daily,C,SHFE AU0 vs COMEX GC=F after USDCNY conversion (CNY/g to USD/oz)
2026-01-05,spot_premium,168.66,USD/oz,derived,,2026-09-02T09:02:09.149307,daily,C,SHFE AU0 vs COMEX GC=F after USDCNY conversion (CNY/g to USD/oz)
2026-01-06,spot_premium,169.55,USD/oz,derived,,2026-09-02T09:02:09.149307,daily,C,SHFE AU0 vs COMEX GC=F after USDCNY conversion (CNY/g to USD/oz)
2026-01-07,spot_premium,174.31,USD/oz,derived,,2026-09-02T09:02:09.149307,daily,C,SHFE AU0 vs COMEX GC=F after USDCNY conversion (CNY/g to USD/oz)
2026-01-08,spot_premium,169.46,USD/oz,derived,,2026-09-02T09:02:09.150297,daily,C,SHFE AU0 vs COMEX GC=F after USDCNY conversion (CNY/g to USD/oz)
2026-01-09,spot_premium,168.39,USD/oz,derived,,2026-09-02T09:02:09.150297,daily,C,SHFE AU0 vs COMEX GC=F after USDCNY conversion (CNY/g to USD/oz)
2026-01-12,spot_premium,146.04,USD/oz,derived,,2026-09-02T09:02:09.150297,daily,C,SHFE AU0 vs COMEX GC=F after USDCNY conversion (CNY/g to USD/oz)
2026-01-13,spot_premium,180.4,USD/oz,derived,,2026-09-02T09:02:09.150297,daily,C,SHFE AU0 vs COMEX GC=F after USDCNY conversion (CNY/g to USD/oz)
2026-01-14,spot_premium,204.12,USD/oz,derived,,2026-09-02T09:02:09.150297,daily,C,SHFE AU0 vs COMEX GC=F after USDCNY conversion (CNY/g to USD/oz)
2026-01-15,spot_premium,188.11,USD/oz,derived,,2026-09-02T09:02:09.150297,daily,C,SHFE AU0 vs COMEX GC=F after USDCNY conversion (CNY/g to USD/oz)
2026-01-16,spot_premium,204.62,USD/oz,derived,,2026-09-02T09:02:09.150297,daily,C,SHFE AU0 vs COMEX GC=F after USDCNY conversion (CNY/g to USD/oz)
2026-01-19,spot_premium,280.07,USD/oz,derived,,2026-09-02T09:02:09.150297,daily,C,SHFE AU0 vs COMEX GC=F after USDCNY conversion (CNY/g to USD/oz)
2026-01-20,spot_premium,147.56,USD/oz,derived,,2026-09-02T09:02:09.151297,daily,C,SHFE AU0 vs COMEX GC=F after USDCNY conversion (CNY/g to USD/oz)
2026-01-21,spot_premium,224.13,USD/oz,derived,,2026-09-02T09:02:09.151297,daily,C,SHFE AU0 vs COMEX GC=F after USDCNY conversion (CNY/g to USD/oz)
2026-01-22,spot_premium,125.28,USD/oz,derived,,2026-09-02T09:02:09.151297,daily,C,SHFE AU0 vs COMEX GC=F after USDCNY conversion (CNY/g to USD/oz)
2026-01-23,spot_premium,187.76,USD/oz,derived,,2026-09-02T09:02:09.151297,daily,C,SHFE AU0 vs COMEX GC=F after USDCNY conversion (CNY/g to USD/oz)
2026-01-26,spot_premium,212.39,USD/oz,derived,,2026-09-02T09:02:09.151297,daily,C,SHFE AU0 vs COMEX GC=F after USDCNY conversion (CNY/g to USD/oz)
2026-01-27,spot_premium,235.61,USD/oz,derived,,2026-09-02T09:02:09.151297,daily,C,SHFE AU0 vs COMEX GC=F after USDCNY conversion (CNY/g to USD/oz)
2026-01-28,spot_premium,188.96,USD/oz,derived,,2026-09-02T09:02:09.151297,daily,C,SHFE AU0 vs COMEX GC=F after USDCNY conversion (CNY/g to USD/oz)
2026-01-29,spot_premium,463.4,USD/oz,derived,,2026-09-02T09:02:09.151297,daily,C,SHFE AU0 vs COMEX GC=F after USDCNY conversion (CNY/g to USD/oz)
2026-01-30,spot_premium,661.97,USD/oz,derived,,2026-09-02T09:02:09.152301,daily,C,SHFE AU0 vs COMEX GC=F after USDCNY conversion (CNY/g to USD/oz)
2026-02-02,spot_premium,46.01,USD/oz,derived,,2026-09-02T09:02:09.152301,daily,C,SHFE AU0 vs COMEX GC=F after USDCNY conversion (CNY/g to USD/oz)
2026-02-03,spot_premium,159.08,USD/oz,derived,,2026-09-02T09:02:09.152301,daily,C,SHFE AU0 vs COMEX GC=F after USDCNY conversion (CNY/g to USD/oz)
2026-02-04,spot_premium,364.19,USD/oz,derived,,2026-09-02T09:02:09.152301,daily,C,SHFE AU0 vs COMEX GC=F after USDCNY conversion (CNY/g to USD/oz)
2026-02-05,spot_premium,256.83,USD/oz,derived,,2026-09-02T09:02:09.152813,daily,C,SHFE AU0 vs COMEX GC=F after USDCNY conversion (CNY/g to USD/oz)
2026-02-06,spot_premium,94.64,USD/oz,derived,,2026-09-02T09:02:09.152847,daily,C,SHFE AU0 vs COMEX GC=F after USDCNY conversion (CNY/g to USD/oz)
2026-02-09,spot_premium,160.74,USD/oz,derived,,2026-09-02T09:02:09.152847,daily,C,SHFE AU0 vs COMEX GC=F after USDCNY conversion (CNY/g to USD/oz)
2026-02-10,spot_premium,185.99,USD/oz,derived,,2026-09-02T09:02:09.152847,daily,C,SHFE AU0 vs COMEX GC=F after USDCNY conversion (CNY/g to USD/oz)
2026-02-11,spot_premium,160.68,USD/oz,derived,,2026-09-02T09:02:09.152847,daily,C,SHFE AU0 vs COMEX GC=F after USDCNY conversion (CNY/g to USD/oz)
2026-02-12,spot_premium,288.77,USD/oz,derived,,2026-09-02T09:02:09.152847,daily,C,SHFE AU0 vs COMEX GC=F after USDCNY conversion (CNY/g to USD/oz)
2026-02-13,spot_premium,116.32,USD/oz,derived,,2026-09-02T09:02:09.152847,daily,C,SHFE AU0 vs COMEX GC=F after USDCNY conversion (CNY/g to USD/oz)
2026-02-24,spot_premium,169.52,USD/oz,derived,,2026-09-02T09:02:09.152847,daily,C,SHFE AU0 vs COMEX GC=F after USDCNY conversion (CNY/g to USD/oz)
2026-02-25,spot_premium,121.51,USD/oz,derived,,2026-09-02T09:02:09.152847,daily,C,SHFE AU0 vs COMEX GC=F after USDCNY conversion (CNY/g to USD/oz)
2026-02-26,spot_premium,130.21,USD/oz,derived,,2026-09-02T09:02:09.152847,daily,C,SHFE AU0 vs COMEX GC=F after USDCNY conversion (CNY/g to USD/oz)
2026-02-27,spot_premium,82.79,USD/oz,derived,,2026-09-02T09:02:09.153829,daily,C,SHFE AU0 vs COMEX GC=F after USDCNY conversion (CNY/g to USD/oz)
2026-03-02,spot_premium,247.17,USD/oz,derived,,2026-09-02T09:02:09.153829,daily,C,SHFE AU0 vs COMEX GC=F after USDCNY conversion (CNY/g to USD/oz)
2026-03-03,spot_premium,363.72,USD/oz,derived,,2026-09-02T09:02:09.153829,daily,C,SHFE AU0 vs COMEX GC=F after USDCNY conversion (CNY/g to USD/oz)
2026-03-04,spot_premium,216.97,USD/oz,derived,,2026-09-02T09:02:09.153829,daily,C,SHFE AU0 vs COMEX GC=F after USDCNY conversion (CNY/g to USD/oz)
2026-03-05,spot_premium,266.96,USD/oz,derived,,2026-09-02T09:02:09.153829,daily,C,SHFE AU0 vs COMEX GC=F after USDCNY conversion (CNY/g to USD/oz)
2026-03-06,spot_premium,134.32,USD/oz,derived,,2026-09-02T09:02:09.153829,daily,C,SHFE AU0 vs COMEX GC=F after USDCNY conversion (CNY/g to USD/oz)
2026-03-09,spot_premium,185.22,USD/oz,derived,,2026-09-02T09:02:09.153829,daily,C,SHFE AU0 vs COMEX GC=F after USDCNY conversion (CNY/g to USD/oz)
2026-03-10,spot_premium,107.93,USD/oz,derived,,2026-09-02T09:02:09.153829,daily,C,SHFE AU0 vs COMEX GC=F after USDCNY conversion (CNY/g to USD/oz)
2026-03-11,spot_premium,181.16,USD/oz,derived,,2026-09-02T09:02:09.154831,daily,C,SHFE AU0 vs COMEX GC=F after USDCNY conversion (CNY/g to USD/oz)
2026-03-12,spot_premium,214.24,USD/oz,derived,,2026-09-02T09:02:09.154831,daily,C,SHFE AU0 vs COMEX GC=F after USDCNY conversion (CNY/g to USD/oz)
2026-03-13,spot_premium,205.24,USD/oz,derived,,2026-09-02T09:02:09.154831,daily,C,SHFE AU0 vs COMEX GC=F after USDCNY conversion (CNY/g to USD/oz)
2026-03-16,spot_premium,197.09,USD/oz,derived,,2026-09-02T09:02:09.154831,daily,C,SHFE AU0 vs COMEX GC=F after USDCNY conversion (CNY/g to USD/oz)
2026-03-17,spot_premium,179.26,USD/oz,derived,,2026-09-02T09:02:09.154831,daily,C,SHFE AU0 vs COMEX GC=F after USDCNY conversion (CNY/g to USD/oz)
2026-03-18,spot_premium,279.25,USD/oz,derived,,2026-09-02T09:02:09.154831,daily,C,SHFE AU0 vs COMEX GC=F after USDCNY conversion (CNY/g to USD/oz)
2026-03-19,spot_premium,330.07,USD/oz,derived,,2026-09-02T09:02:09.154831,daily,C,SHFE AU0 vs COMEX GC=F after USDCNY conversion (CNY/g to USD/oz)
2026-03-20,spot_premium,252.8,USD/oz,derived,,2026-09-02T09:02:09.155829,daily,C,SHFE AU0 vs COMEX GC=F after USDCNY conversion (CNY/g to USD/oz)
2026-03-23,spot_premium,-40.16,USD/oz,derived,,2026-09-02T09:02:09.155829,daily,C,SHFE AU0 vs COMEX GC=F after USDCNY conversion (CNY/g to USD/oz)
2026-03-24,spot_premium,135.9,USD/oz,derived,,2026-09-02T09:02:09.155829,daily,C,SHFE AU0 vs COMEX GC=F after USDCNY conversion (CNY/g to USD/oz)
2026-03-25,spot_premium,143.52,USD/oz,derived,,2026-09-02T09:02:09.155829,daily,C,SHFE AU0 vs COMEX GC=F after USDCNY conversion (CNY/g to USD/oz)
2026-03-26,spot_premium,234.59,USD/oz,derived,,2026-09-02T09:02:09.156370,daily,C,SHFE AU0 vs COMEX GC=F after USDCNY conversion (CNY/g to USD/oz)
2026-03-27,spot_premium,130.5,USD/oz,derived,,2026-09-02T09:02:09.156370,daily,C,SHFE AU0 vs COMEX GC=F after USDCNY conversion (CNY/g to USD/oz)
2026-03-30,spot_premium,171.58,USD/oz,derived,,2026-09-02T09:02:09.156370,daily,C,SHFE AU0 vs COMEX GC=F after USDCNY conversion (CNY/g to USD/oz)
2026-03-31,spot_premium,74.14,USD/oz,derived,,2026-09-02T09:02:09.156370,daily,C,SHFE AU0 vs COMEX GC=F after USDCNY conversion (CNY/g to USD/oz)
2026-04-01,spot_premium,91.65,USD/oz,derived,,2026-09-02T09:02:09.156370,daily,C,SHFE AU0 vs COMEX GC=F after USDCNY conversion (CNY/g to USD/oz)
2026-04-02,spot_premium,87.27,USD/oz,derived,,2026-09-02T09:02:09.156370,daily,C,SHFE AU0 vs COMEX GC=F after USDCNY conversion (CNY/g to USD/oz)
2026-04-03,spot_premium,129.95,USD/oz,derived,,2026-09-02T09:02:09.156370,daily,C,SHFE AU0 vs COMEX GC=F after USDCNY conversion (CNY/g to USD/oz)
2026-04-07,spot_premium,130.27,USD/oz,derived,,2026-09-02T09:02:09.156370,daily,C,SHFE AU0 vs COMEX GC=F after USDCNY conversion (CNY/g to USD/oz)
2026-04-08,spot_premium,166.18,USD/oz,derived,,2026-09-02T09:02:09.157362,daily,C,SHFE AU0 vs COMEX GC=F after USDCNY conversion (CNY/g to USD/oz)
2026-04-09,spot_premium,27.76,USD/oz,derived,,2026-09-02T09:02:09.157362,daily,C,SHFE AU0 vs COMEX GC=F after USDCNY conversion (CNY/g to USD/oz)
2026-04-10,spot_premium,90.64,USD/oz,derived,,2026-09-02T09:02:09.157362,daily,C,SHFE AU0 vs COMEX GC=F after USDCNY conversion (CNY/g to USD/oz)
2026-04-13,spot_premium,87.19,USD/oz,derived,,2026-09-02T09:02:09.157362,daily,C,SHFE AU0 vs COMEX GC=F after USDCNY conversion (CNY/g to USD/oz)
2026-04-14,spot_premium,48.19,USD/oz,derived,,2026-09-02T09:02:09.157362,daily,C,SHFE AU0 vs COMEX GC=F after USDCNY conversion (CNY/g to USD/oz)
2026-04-15,spot_premium,98.28,USD/oz,derived,,2026-09-02T09:02:09.157362,daily,C,SHFE AU0 vs COMEX GC=F after USDCNY conversion (CNY/g to USD/oz)
2026-04-16,spot_premium,127.97,USD/oz,derived,,2026-09-02T09:02:09.157362,daily,C,SHFE AU0 vs COMEX GC=F after USDCNY conversion (CNY/g to USD/oz)
2026-04-17,spot_premium,21.14,USD/oz,derived,,2026-09-02T09:02:09.157362,daily,C,SHFE AU0 vs COMEX GC=F after USDCNY conversion (CNY/g to USD/oz)
2026-04-20,spot_premium,76.49,USD/oz,derived,,2026-09-02T09:02:09.157362,daily,C,SHFE AU0 vs COMEX GC=F after USDCNY conversion (CNY/g to USD/oz)
2026-04-21,spot_premium,169.6,USD/oz,derived,,2026-09-02T09:02:09.157362,daily,C,SHFE AU0 vs COMEX GC=F after USDCNY conversion (CNY/g to USD/oz)
2026-04-22,spot_premium,134.12,USD/oz,derived,,2026-09-02T09:02:09.158359,daily,C,SHFE AU0 vs COMEX GC=F after USDCNY conversion (CNY/g to USD/oz)
2026-04-23,spot_premium,109.03,USD/oz,derived,,2026-09-02T09:02:09.158359,daily,C,SHFE AU0 vs COMEX GC=F after USDCNY conversion (CNY/g to USD/oz)
2026-04-24,spot_premium,55.07,USD/oz,derived,,2026-09-02T09:02:09.158359,daily,C,SHFE AU0 vs COMEX GC=F after USDCNY conversion (CNY/g to USD/oz)
2026-04-27,spot_premium,135.76,USD/oz,derived,,2026-09-02T09:02:09.158359,daily,C,SHFE AU0 vs COMEX GC=F after USDCNY conversion (CNY/g to USD/oz)
2026-04-28,spot_premium,139.49,USD/oz,derived,,2026-09-02T09:02:09.158359,daily,C,SHFE AU0 vs COMEX GC=F after USDCNY conversion (CNY/g to USD/oz)
2026-04-29,spot_premium,138.49,USD/oz,derived,,2026-09-02T09:02:09.158359,daily,C,SHFE AU0 vs COMEX GC=F after USDCNY conversion (CNY/g to USD/oz)
2026-04-30,spot_premium,88.61,USD/oz,derived,,2026-09-02T09:02:09.158901,daily,C,SHFE AU0 vs COMEX GC=F after USDCNY conversion (CNY/g to USD/oz)
2026-05-06,spot_premium,78.63,USD/oz,derived,,2026-09-02T09:02:09.158901,daily,C,SHFE AU0 vs COMEX GC=F after USDCNY conversion (CNY/g to USD/oz)
2026-05-07,spot_premium,118.58,USD/oz,derived,,2026-09-02T09:02:09.158901,daily,C,SHFE AU0 vs COMEX GC=F after USDCNY conversion (CNY/g to USD/oz)
2026-05-08,spot_premium,85.21,USD/oz,derived,,2026-09-02T09:02:09.158901,daily,C,SHFE AU0 vs COMEX GC=F after USDCNY conversion (CNY/g to USD/oz)
2026-05-11,spot_premium,34.05,USD/oz,derived,,2026-09-02T09:02:09.158901,daily,C,SHFE AU0 vs COMEX GC=F after USDCNY conversion (CNY/g to USD/oz)
2026-05-12,spot_premium,90.52,USD/oz,derived,,2026-09-02T09:02:09.158901,daily,C,SHFE AU0 vs COMEX GC=F after USDCNY conversion (CNY/g to USD/oz)
2026-05-13,spot_premium,72.45,USD/oz,derived,,2026-09-02T09:02:09.158901,daily,C,SHFE AU0 vs COMEX GC=F after USDCNY conversion (CNY/g to USD/oz)
2026-05-14,spot_premium,87.61,USD/oz,derived,,2026-09-02T09:02:09.158901,daily,C,SHFE AU0 vs COMEX GC=F after USDCNY conversion (CNY/g to USD/oz)
2026-05-15,spot_premium,93.17,USD/oz,derived,,2026-09-02T09:02:09.158901,daily,C,SHFE AU0 vs COMEX GC=F after USDCNY conversion (CNY/g to USD/oz)
2026-05-18,spot_premium,75.27,USD/oz,derived,,2026-09-02T09:02:09.158901,daily,C,SHFE AU0 vs COMEX GC=F after USDCNY conversion (CNY/g to USD/oz)
2026-05-19,spot_premium,132.49,USD/oz,derived,,2026-09-02T09:02:09.158901,daily,C,SHFE AU0 vs COMEX GC=F after USDCNY conversion (CNY/g to USD/oz)
2026-05-20,spot_premium,35.56,USD/oz,derived,,2026-09-02T09:02:09.159899,daily,C,SHFE AU0 vs COMEX GC=F after USDCNY conversion (CNY/g to USD/oz)
2026-05-21,spot_premium,67.52,USD/oz,derived,,2026-09-02T09:02:09.159899,daily,C,SHFE AU0 vs COMEX GC=F after USDCNY conversion (CNY/g to USD/oz)
2026-05-22,spot_premium,88.07,USD/oz,derived,,2026-09-02T09:02:09.159899,daily,C,SHFE AU0 vs COMEX GC=F after USDCNY conversion (CNY/g to USD/oz)
2026-05-25,spot_premium,114.18,USD/oz,derived,,2026-09-02T09:02:09.159899,daily,C,SHFE AU0 vs COMEX GC=F after USDCNY conversion (CNY/g to USD/oz)
2026-05-26,spot_premium,105.16,USD/oz,derived,,2026-09-02T09:02:09.159899,daily,C,SHFE AU0 vs COMEX GC=F after USDCNY conversion (CNY/g to USD/oz)
2026-05-27,spot_premium,105.1,USD/oz,derived,,2026-09-02T09:02:09.159899,daily,C,SHFE AU0 vs COMEX GC=F after USDCNY conversion (CNY/g to USD/oz)
2026-05-28,spot_premium,-50.29,USD/oz,derived,,2026-09-02T09:02:09.159899,daily,C,SHFE AU0 vs COMEX GC=F after USDCNY conversion (CNY/g to USD/oz)
2026-05-29,spot_premium,19.14,USD/oz,derived,,2026-09-02T09:02:09.159899,daily,C,SHFE AU0 vs COMEX GC=F after USDCNY conversion (CNY/g to USD/oz)
2026-06-01,spot_premium,77.5,USD/oz,derived,,2026-09-02T09:02:09.159899,daily,C,SHFE AU0 vs COMEX GC=F after USDCNY conversion (CNY/g to USD/oz)
2026-06-02,spot_premium,96.09,USD/oz,derived,,2026-09-02T09:02:09.159899,daily,C,SHFE AU0 vs COMEX GC=F after USDCNY conversion (CNY/g to USD/oz)
2026-06-03,spot_premium,85.91,USD/oz,derived,,2026-09-02T09:02:09.159899,daily,C,SHFE AU0 vs COMEX GC=F after USDCNY conversion (CNY/g to USD/oz)
2026-06-04,spot_premium,50.79,USD/oz,derived,,2026-09-02T09:02:09.160899,daily,C,SHFE AU0 vs COMEX GC=F after USDCNY conversion (CNY/g to USD/oz)
2026-06-05,spot_premium,171.35,USD/oz,derived,,2026-09-02T09:02:09.160899,daily,C,SHFE AU0 vs COMEX GC=F after USDCNY conversion (CNY/g to USD/oz)
2026-06-08,spot_premium,25.26,USD/oz,derived,,2026-09-02T09:02:09.160899,daily,C,SHFE AU0 vs COMEX GC=F after USDCNY conversion (CNY/g to USD/oz)
2026-06-09,spot_premium,123.56,USD/oz,derived,,2026-09-02T09:02:09.160899,daily,C,SHFE AU0 vs COMEX GC=F after USDCNY conversion (CNY/g to USD/oz)
2026-06-10,spot_premium,147.06,USD/oz,derived,,2026-09-02T09:02:09.160899,daily,C,SHFE AU0 vs COMEX GC=F after USDCNY conversion (CNY/g to USD/oz)
2026-06-11,spot_premium,52.39,USD/oz,derived,,2026-09-02T09:02:09.160899,daily,C,SHFE AU0 vs COMEX GC=F after USDCNY conversion (CNY/g to USD/oz)
2026-06-12,spot_premium,4.62,USD/oz,derived,,2026-09-02T09:02:09.161436,daily,C,SHFE AU0 vs COMEX GC=F after USDCNY conversion (CNY/g to USD/oz)
2026-06-15,spot_premium,18.07,USD/oz,derived,,2026-09-02T09:02:09.161436,daily,C,SHFE AU0 vs COMEX GC=F after USDCNY conversion (CNY/g to USD/oz)
2026-06-16,spot_premium,28.04,USD/oz,derived,,2026-09-02T09:02:09.161436,daily,C,SHFE AU0 vs COMEX GC=F after USDCNY conversion (CNY/g to USD/oz)
2026-06-17,spot_premium,5.69,USD/oz,derived,,2026-09-02T09:02:09.161436,daily,C,SHFE AU0 vs COMEX GC=F after USDCNY conversion (CNY/g to USD/oz)
2026-06-18,spot_premium,117.44,USD/oz,derived,,2026-09-02T09:02:09.161436,daily,C,SHFE AU0 vs COMEX GC=F after USDCNY conversion (CNY/g to USD/oz)
2026-06-22,spot_premium,62.25,USD/oz,derived,,2026-09-02T09:02:09.161436,daily,C,SHFE AU0 vs COMEX GC=F after USDCNY conversion (CNY/g to USD/oz)
2026-06-23,spot_premium,26.21,USD/oz,derived,,2026-09-02T09:02:09.161436,daily,C,SHFE AU0 vs COMEX GC=F after USDCNY conversion (CNY/g to USD/oz)
2026-06-24,spot_premium,157.2,USD/oz,derived,,2026-09-02T09:02:09.161436,daily,C,SHFE AU0 vs COMEX GC=F after USDCNY conversion (CNY/g to USD/oz)
2026-06-25,spot_premium,5.73,USD/oz,derived,,2026-09-02T09:02:09.161436,daily,C,SHFE AU0 vs COMEX GC=F after USDCNY conversion (CNY/g to USD/oz)
2026-06-26,spot_premium,9.83,USD/oz,derived,,2026-09-02T09:02:09.161436,daily,C,SHFE AU0 vs COMEX GC=F after USDCNY conversion (CNY/g to USD/oz)
2026-06-29,spot_premium,91.32,USD/oz,derived,,2026-09-02T09:02:09.161436,daily,C,SHFE AU0 vs COMEX GC=F after USDCNY conversion (CNY/g to USD/oz)
2026-06-30,spot_premium,56.1,USD/oz,derived,,2026-09-02T09:02:09.162434,daily,C,SHFE AU0 vs COMEX GC=F after USDCNY conversion (CNY/g to USD/oz)
2026-07-01,spot_premium,-42.16,USD/oz,derived,,2026-09-02T09:02:09.162434,daily,C,SHFE AU0 vs COMEX GC=F after USDCNY conversion (CNY/g to USD/oz)
2026-07-02,spot_premium,9.9,USD/oz,derived,,2026-09-02T09:02:09.162434,daily,C,SHFE AU0 vs COMEX GC=F after USDCNY conversion (CNY/g to USD/oz)
2026-07-03,spot_premium,105.9,USD/oz,derived,,2026-09-02T09:02:09.162434,daily,C,SHFE AU0 vs COMEX GC=F after USDCNY conversion (CNY/g to USD/oz)
2026-07-06,spot_premium,46.93,USD/oz,derived,,2026-09-02T09:02:09.162434,daily,C,SHFE AU0 vs COMEX GC=F after USDCNY conversion (CNY/g to USD/oz)
2026-07-07,spot_premium,37.93,USD/oz,derived,,2026-09-02T09:02:09.162434,daily,C,SHFE AU0 vs COMEX GC=F after USDCNY conversion (CNY/g to USD/oz)
2026-07-08,spot_premium,107.71,USD/oz,derived,,2026-09-02T09:02:09.162434,daily,C,SHFE AU0 vs COMEX GC=F after USDCNY conversion (CNY/g to USD/oz)
2026-07-09,spot_premium,29.95,USD/oz,derived,,2026-09-02T09:02:09.162434,daily,C,SHFE AU0 vs COMEX GC=F after USDCNY conversion (CNY/g to USD/oz)
2026-07-10,spot_premium,52.2,USD/oz,derived,,2026-09-02T09:02:09.162434,daily,C,SHFE AU0 vs COMEX GC=F after USDCNY conversion (CNY/g to USD/oz)
2026-07-13,spot_premium,103.75,USD/oz,derived,,2026-09-02T09:02:09.162434,daily,C,SHFE AU0 vs COMEX GC=F after USDCNY conversion (CNY/g to USD/oz)
2026-07-14,spot_premium,13.36,USD/oz,derived,,2026-09-02T09:02:09.162434,daily,C,SHFE AU0 vs COMEX GC=F after USDCNY conversion (CNY/g to USD/oz)
2026-07-15,spot_premium,29.72,USD/oz,derived,,2026-09-02T09:02:09.163435,daily,C,SHFE AU0 vs COMEX GC=F after USDCNY conversion (CNY/g to USD/oz)
2026-07-16,spot_premium,83.86,USD/oz,derived,,2026-09-02T09:02:09.163435,daily,C,SHFE AU0 vs COMEX GC=F after USDCNY conversion (CNY/g to USD/oz)
2026-07-17,spot_premium,43.15,USD/oz,derived,,2026-09-02T09:02:09.163435,daily,C,SHFE AU0 vs COMEX GC=F after USDCNY conversion (CNY/g to USD/oz)
2026-07-20,spot_premium,47.4,USD/oz,derived,,2026-09-02T09:02:09.163435,daily,C,SHFE AU0 vs COMEX GC=F after USDCNY conversion (CNY/g to USD/oz)
2026-07-21,spot_premium,59.55,USD/oz,derived,,2026-09-02T09:02:09.163435,daily,C,SHFE AU0 vs COMEX GC=F after USDCNY conversion (CNY/g to USD/oz)
2026-07-22,spot_premium,26.98,USD/oz,derived,,2026-09-02T09:02:09.163435,daily,C,SHFE AU0 vs COMEX GC=F after USDCNY conversion (CNY/g to USD/oz)
2026-07-23,spot_premium,127.38,USD/oz,derived,,2026-09-02T09:02:09.163435,daily,C,SHFE AU0 vs COMEX GC=F after USDCNY conversion (CNY/g to USD/oz)
2026-07-24,spot_premium,23.25,USD/oz,derived,,2026-09-02T09:02:09.163435,daily,C,SHFE AU0 vs COMEX GC=F after USDCNY conversion (CNY/g to USD/oz)
2026-07-27,spot_premium,71.8,USD/oz,derived,,2026-09-02T09:02:09.163435,daily,C,SHFE AU0 vs COMEX GC=F after USDCNY conversion (CNY/g to USD/oz)
2026-07-28,spot_premium,60.56,USD/oz,derived,,2026-09-02T09:02:09.163435,daily,C,SHFE AU0 vs COMEX GC=F after USDCNY conversion (CNY/g to USD/oz)
2026-07-29,spot_premium,58.0,USD/oz,derived,,2026-09-02T09:02:09.163435,daily,C,SHFE AU0 vs COMEX GC=F after USDCNY conversion (CNY/g to USD/oz)
2026-07-30,spot_premium,-20.36,USD/oz,derived,,2026-09-02T09:02:09.164435,daily,C,SHFE AU0 vs COMEX GC=F after USDCNY conversion (CNY/g to USD/oz)
2026-07-31,spot_premium,62.57,USD/oz,derived,,2026-09-02T09:02:09.164435,daily,C,SHFE AU0 vs COMEX GC=F after USDCNY conversion (CNY/g to USD/oz)
2026-08-03,spot_premium,70.29,USD/oz,derived,,2026-09-02T09:02:09.164435,daily,C,SHFE AU0 vs COMEX GC=F after USDCNY conversion (CNY/g to USD/oz)
2026-08-04,spot_premium,7.85,USD/oz,derived,,2026-09-02T09:02:09.164435,daily,C,SHFE AU0 vs COMEX GC=F after USDCNY conversion (CNY/g to USD/oz)
2026-08-05,spot_premium,-31.83,USD/oz,derived,,2026-09-02T09:02:09.164435,daily,C,SHFE AU0 vs COMEX GC=F after USDCNY conversion (CNY/g to USD/oz)
2026-08-06,spot_premium,48.34,USD/oz,derived,,2026-09-02T09:02:09.164435,daily,C,SHFE AU0 vs COMEX GC=F after USDCNY conversion (CNY/g to USD/oz)
2026-08-07,spot_premium,-4.72,USD/oz,derived,,2026-09-02T09:02:09.164435,daily,C,SHFE AU0 vs COMEX GC=F after USDCNY conversion (CNY/g to USD/oz)
2026-08-10,spot_premium,27.13,USD/oz,derived,,2026-09-02T09:02:09.164435,daily,C,SHFE AU0 vs COMEX GC=F after USDCNY conversion (CNY/g to USD/oz)
2026-08-11,spot_premium,13.99,USD/oz,derived,,2026-09-02T09:02:09.164435,daily,C,SHFE AU0 vs COMEX GC=F after USDCNY conversion (CNY/g to USD/oz)
2026-08-12,spot_premium,27.89,USD/oz,derived,,2026-09-02T09:02:09.164435,daily,C,SHFE AU0 vs COMEX GC=F after USDCNY conversion (CNY/g to USD/oz)
2026-08-13,spot_premium,47.37,USD/oz,derived,,2026-09-02T09:02:09.164435,daily,C,SHFE AU0 vs COMEX GC=F after USDCNY conversion (CNY/g to USD/oz)
2026-08-14,spot_premium,-14.79,USD/oz,derived,,2026-09-02T09:02:09.165434,daily,C,SHFE AU0 vs COMEX GC=F after USDCNY conversion (CNY/g to USD/oz)
2026-08-17,spot_premium,5.94,USD/oz,derived,,2026-09-02T09:02:09.165434,daily,C,SHFE AU0 vs COMEX GC=F after USDCNY conversion (CNY/g to USD/oz)
2026-08-18,spot_premium,60.89,USD/oz,derived,,2026-09-02T09:02:09.165434,daily,C,SHFE AU0 vs COMEX GC=F after USDCNY conversion (CNY/g to USD/oz)
2026-08-19,spot_premium,-112.69,USD/oz,derived,,2026-09-02T09:02:09.165434,daily,C,SHFE AU0 vs COMEX GC=F after USDCNY conversion (CNY/g to USD/oz)
2026-08-20,spot_premium,-12.85,USD/oz,derived,,2026-09-02T09:02:09.165434,daily,C,SHFE AU0 vs COMEX GC=F after USDCNY conversion (CNY/g to USD/oz)
2026-08-21,spot_premium,-53.54,USD/oz,derived,,2026-09-02T09:02:09.165434,daily,C,SHFE AU0 vs COMEX GC=F after USDCNY conversion (CNY/g to USD/oz)
2026-08-24,spot_premium,19.47,USD/oz,derived,,2026-09-02T09:02:09.165975,daily,C,SHFE AU0 vs COMEX GC=F after USDCNY conversion (CNY/g to USD/oz)
2026-08-25,spot_premium,10.13,USD/oz,derived,,2026-09-02T09:02:09.165975,daily,C,SHFE AU0 vs COMEX GC=F after USDCNY conversion (CNY/g to USD/oz)
2026-08-26,spot_premium,44.39,USD/oz,derived,,2026-09-02T09:02:09.165975,daily,C,SHFE AU0 vs COMEX GC=F after USDCNY conversion (CNY/g to USD/oz)
2026-08-27,spot_premium,-2.75,USD/oz,derived,,2026-09-02T09:02:09.165975,daily,C,SHFE AU0 vs COMEX GC=F after USDCNY conversion (CNY/g to USD/oz)
2026-08-28,spot_premium,147.27,USD/oz,derived,,2026-09-02T09:02:09.165975,daily,C,SHFE AU0 vs COMEX GC=F after USDCNY conversion (CNY/g to USD/oz)
2026-08-31,spot_premium,21.34,USD/oz,derived,,2026-09-02T09:02:09.165975,daily,C,SHFE AU0 vs COMEX GC=F after USDCNY conversion (CNY/g to USD/oz)
2026-09-01,spot_premium,74.77,USD/oz,derived,,2026-09-02T09:02:09.165975,daily,C,SHFE AU0 vs COMEX GC=F after USDCNY conversion (CNY/g to USD/oz)
2025-05-27,term_structure,backwardation,label,derived,,2026-07-01T21:05:57.278401,daily,C,
2025-05-28,term_structure,backwardation,label,derived,,2026-07-02T02:45:03.917243,daily,C,
2025-05-29,term_structure,backwardation,label,derived,,2026-07-03T08:41:13.922564,daily,C,
2025-05-30,term_structure,backwardation,label,derived,,2026-07-04T00:04:38.565053,daily,C,
2025-06-03,term_structure,backwardation,label,derived,,2026-07-08T00:02:55.363288,daily,C,
2025-06-04,term_structure,backwardation,label,derived,,2026-07-09T00:05:22.601647,daily,C,
2025-06-05,term_structure,backwardation,label,derived,,2026-07-10T00:04:28.773084,daily,C,
2025-06-06,term_structure,backwardation,label,derived,,2026-07-11T00:05:11.058210,daily,C,
2025-06-09,term_structure,backwardation,label,derived,,2026-07-14T00:03:21.192833,daily,C,
2025-06-10,term_structure,backwardation,label,derived,,2026-07-15T00:05:18.003399,daily,C,
2025-06-11,term_structure,backwardation,label,derived,,2026-07-16T08:19:22.547725,daily,C,
2025-06-12,term_structure,backwardation,label,derived,,2026-07-17T08:35:36.988564,daily,C,
2025-06-13,term_structure,backwardation,label,derived,,2026-07-18T00:03:37.052568,daily,C,
2025-06-16,term_structure,backwardation,label,derived,,2026-07-21T00:04:38.059850,daily,C,
2025-06-17,term_structure,backwardation,label,derived,,2026-07-22T00:05:14.876798,daily,C,
2025-06-18,term_structure,backwardation,label,derived,,2026-07-23T00:08:15.607341,daily,C,
2025-06-19,term_structure,backwardation,label,derived,,2026-07-23T00:08:15.607345,daily,C,
2025-06-20,term_structure,backwardation,label,derived,,2026-07-25T00:03:36.628873,daily,C,
2025-06-23,term_structure,backwardation,label,derived,,2026-07-28T00:03:28.170175,daily,C,
2025-06-24,term_structure,backwardation,label,derived,,2026-07-29T00:04:32.511237,daily,C,
2025-06-25,term_structure,backwardation,label,derived,,2026-07-30T00:06:08.204167,daily,C,
2025-06-26,term_structure,backwardation,label,derived,,2026-07-31T08:48:00.804132,daily,C,
2025-06-27,term_structure,backwardation,label,derived,,2026-08-01T00:07:26.168298,daily,C,
2025-06-30,term_structure,backwardation,label,derived,,2026-08-04T00:03:27.882337,daily,C,
2025-07-01,term_structure,backwardation,label,derived,,2026-08-05T00:05:25.056861,daily,C,
2025-07-02,term_structure,backwardation,label,derived,,2026-08-06T08:59:17.276667,daily,C,
2025-07-03,term_structure,backwardation,label,derived,,2026-08-07T00:06:04.384063,daily,C,
2025-07-04,term_structure,backwardation,label,derived,,2026-08-08T00:05:38.855250,daily,C,
2025-07-07,term_structure,backwardation,label,derived,,2026-08-11T00:07:33.072967,daily,C,
2025-07-08,term_structure,backwardation,label,derived,,2026-08-12T00:01:54.065557,daily,C,
2025-07-09,term_structure,backwardation,label,derived,,2026-08-13T09:14:43.767478,daily,C,
2025-07-10,term_structure,backwardation,label,derived,,2026-08-14T00:03:49.853421,daily,C,
2025-07-11,term_structure,backwardation,label,derived,,2026-08-15T00:04:18.880119,daily,C,
2025-07-14,term_structure,backwardation,label,derived,,2026-08-18T00:13:43.051090,daily,C,
2025-07-15,term_structure,backwardation,label,derived,,2026-08-19T00:06:30.450832,daily,C,
2025-07-16,term_structure,backwardation,label,derived,,2026-08-20T08:38:11.309433,daily,C,
2025-07-17,term_structure,backwardation,label,derived,,2026-08-21T00:04:06.978261,daily,C,
2025-07-18,term_structure,backwardation,label,derived,,2026-08-22T00:06:17.111187,daily,C,
2025-07-21,term_structure,backwardation,label,derived,,2026-08-25T08:48:03.188055,daily,C,
2025-07-22,term_structure,backwardation,label,derived,,2026-08-25T08:48:03.188055,daily,C,
2025-07-23,term_structure,backwardation,label,derived,,2026-08-27T09:48:42.174597,daily,C,
2025-07-24,term_structure,backwardation,label,derived,,2026-08-27T09:48:42.174597,daily,C,
2025-07-25,term_structure,backwardation,label,derived,,2026-08-27T09:48:42.174597,daily,C,
2025-07-28,term_structure,backwardation,label,derived,,2026-08-31T08:35:58.606148,daily,C,
2025-07-29,term_structure,backwardation,label,derived,,2026-09-02T09:02:09.166971,daily,C,Inferred from SHFE-COMEX gold premium sign
2025-07-30,term_structure,backwardation,label,derived,,2026-09-02T09:02:09.166971,daily,C,Inferred from SHFE-COMEX gold premium sign
2025-07-31,term_structure,backwardation,label,derived,,2026-09-02T09:02:09.166971,daily,C,Inferred from SHFE-COMEX gold premium sign
2025-08-01,term_structure,backwardation,label,derived,,2026-09-02T09:02:09.166971,daily,C,Inferred from SHFE-COMEX gold premium sign
2025-08-04,term_structure,backwardation,label,derived,,2026-09-02T09:02:09.166971,daily,C,Inferred from SHFE-COMEX gold premium sign
2025-08-05,term_structure,backwardation,label,derived,,2026-09-02T09:02:09.166971,daily,C,Inferred from SHFE-COMEX gold premium sign
2025-08-06,term_structure,backwardation,label,derived,,2026-09-02T09:02:09.166971,daily,C,Inferred from SHFE-COMEX gold premium sign
2025-08-07,term_structure,backwardation,label,derived,,2026-09-02T09:02:09.166971,daily,C,Inferred from SHFE-COMEX gold premium sign
2025-08-08,term_structure,backwardation,label,derived,,2026-09-02T09:02:09.166971,daily,C,Inferred from SHFE-COMEX gold premium sign
2025-08-11,term_structure,backwardation,label,derived,,2026-09-02T09:02:09.166971,daily,C,Inferred from SHFE-COMEX gold premium sign
2025-08-12,term_structure,backwardation,label,derived,,2026-09-02T09:02:09.166971,daily,C,Inferred from SHFE-COMEX gold premium sign
2025-08-13,term_structure,backwardation,label,derived,,2026-09-02T09:02:09.166971,daily,C,Inferred from SHFE-COMEX gold premium sign
2025-08-14,term_structure,backwardation,label,derived,,2026-09-02T09:02:09.166971,daily,C,Inferred from SHFE-COMEX gold premium sign
2025-08-15,term_structure,backwardation,label,derived,,2026-09-02T09:02:09.166971,daily,C,Inferred from SHFE-COMEX gold premium sign
2025-08-18,term_structure,backwardation,label,derived,,2026-09-02T09:02:09.166971,daily,C,Inferred from SHFE-COMEX gold premium sign
2025-08-19,term_structure,backwardation,label,derived,,2026-09-02T09:02:09.166971,daily,C,Inferred from SHFE-COMEX gold premium sign
2025-08-20,term_structure,backwardation,label,derived,,2026-09-02T09:02:09.166971,daily,C,Inferred from SHFE-COMEX gold premium sign
2025-08-21,term_structure,backwardation,label,derived,,2026-09-02T09:02:09.166971,daily,C,Inferred from SHFE-COMEX gold premium sign
2025-08-22,term_structure,backwardation,label,derived,,2026-09-02T09:02:09.166971,daily,C,Inferred from SHFE-COMEX gold premium sign
2025-08-25,term_structure,backwardation,label,derived,,2026-09-02T09:02:09.166971,daily,C,Inferred from SHFE-COMEX gold premium sign
2025-08-26,term_structure,backwardation,label,derived,,2026-09-02T09:02:09.166971,daily,C,Inferred from SHFE-COMEX gold premium sign
2025-08-27,term_structure,backwardation,label,derived,,2026-09-02T09:02:09.166971,daily,C,Inferred from SHFE-COMEX gold premium sign
2025-08-28,term_structure,backwardation,label,derived,,2026-09-02T09:02:09.166971,daily,C,Inferred from SHFE-COMEX gold premium sign
2025-08-29,term_structure,backwardation,label,derived,,2026-09-02T09:02:09.166971,daily,C,Inferred from SHFE-COMEX gold premium sign
2025-09-01,term_structure,backwardation,label,derived,,2026-09-02T09:02:09.166971,daily,C,Inferred from SHFE-COMEX gold premium sign
2025-09-02,term_structure,backwardation,label,derived,,2026-09-02T09:02:09.166971,daily,C,Inferred from SHFE-COMEX gold premium sign
2025-09-03,term_structure,backwardation,label,derived,,2026-09-02T09:02:09.166971,daily,C,Inferred from SHFE-COMEX gold premium sign
2025-09-04,term_structure,backwardation,label,derived,,2026-09-02T09:02:09.166971,daily,C,Inferred from SHFE-COMEX gold premium sign
2025-09-05,term_structure,backwardation,label,derived,,2026-09-02T09:02:09.166971,daily,C,Inferred from SHFE-COMEX gold premium sign
2025-09-08,term_structure,backwardation,label,derived,,2026-09-02T09:02:09.166971,daily,C,Inferred from SHFE-COMEX gold premium sign
2025-09-09,term_structure,backwardation,label,derived,,2026-09-02T09:02:09.166971,daily,C,Inferred from SHFE-COMEX gold premium sign
2025-09-10,term_structure,backwardation,label,derived,,2026-09-02T09:02:09.166971,daily,C,Inferred from SHFE-COMEX gold premium sign
2025-09-11,term_structure,backwardation,label,derived,,2026-09-02T09:02:09.166971,daily,C,Inferred from SHFE-COMEX gold premium sign
2025-09-12,term_structure,backwardation,label,derived,,2026-09-02T09:02:09.166971,daily,C,Inferred from SHFE-COMEX gold premium sign
2025-09-15,term_structure,backwardation,label,derived,,2026-09-02T09:02:09.166971,daily,C,Inferred from SHFE-COMEX gold premium sign
2025-09-16,term_structure,backwardation,label,derived,,2026-09-02T09:02:09.166971,daily,C,Inferred from SHFE-COMEX gold premium sign
2025-09-17,term_structure,backwardation,label,derived,,2026-09-02T09:02:09.166971,daily,C,Inferred from SHFE-COMEX gold premium sign
2025-09-18,term_structure,backwardation,label,derived,,2026-09-02T09:02:09.166971,daily,C,Inferred from SHFE-COMEX gold premium sign
2025-09-19,term_structure,backwardation,label,derived,,2026-09-02T09:02:09.166971,daily,C,Inferred from SHFE-COMEX gold premium sign
2025-09-22,term_structure,backwardation,label,derived,,2026-09-02T09:02:09.166971,daily,C,Inferred from SHFE-COMEX gold premium sign
2025-09-23,term_structure,backwardation,label,derived,,2026-09-02T09:02:09.166971,daily,C,Inferred from SHFE-COMEX gold premium sign
2025-09-24,term_structure,backwardation,label,derived,,2026-09-02T09:02:09.166971,daily,C,Inferred from SHFE-COMEX gold premium sign
2025-09-25,term_structure,backwardation,label,derived,,2026-09-02T09:02:09.166971,daily,C,Inferred from SHFE-COMEX gold premium sign
2025-09-26,term_structure,backwardation,label,derived,,2026-09-02T09:02:09.166971,daily,C,Inferred from SHFE-COMEX gold premium sign
2025-09-29,term_structure,backwardation,label,derived,,2026-09-02T09:02:09.166971,daily,C,Inferred from SHFE-COMEX gold premium sign
2025-09-30,term_structure,backwardation,label,derived,,2026-09-02T09:02:09.166971,daily,C,Inferred from SHFE-COMEX gold premium sign
2025-10-09,term_structure,backwardation,label,derived,,2026-09-02T09:02:09.166971,daily,C,Inferred from SHFE-COMEX gold premium sign
2025-10-10,term_structure,backwardation,label,derived,,2026-09-02T09:02:09.166971,daily,C,Inferred from SHFE-COMEX gold premium sign
2025-10-13,term_structure,backwardation,label,derived,,2026-09-02T09:02:09.166971,daily,C,Inferred from SHFE-COMEX gold premium sign
2025-10-14,term_structure,backwardation,label,derived,,2026-09-02T09:02:09.166971,daily,C,Inferred from SHFE-COMEX gold premium sign
2025-10-15,term_structure,backwardation,label,derived,,2026-09-02T09:02:09.166971,daily,C,Inferred from SHFE-COMEX gold premium sign
2025-10-16,term_structure,backwardation,label,derived,,2026-09-02T09:02:09.166971,daily,C,Inferred from SHFE-COMEX gold premium sign
2025-10-17,term_structure,backwardation,label,derived,,2026-09-02T09:02:09.166971,daily,C,Inferred from SHFE-COMEX gold premium sign
2025-10-20,term_structure,backwardation,label,derived,,2026-09-02T09:02:09.166971,daily,C,Inferred from SHFE-COMEX gold premium sign
2025-10-21,term_structure,backwardation,label,derived,,2026-09-02T09:02:09.166971,daily,C,Inferred from SHFE-COMEX gold premium sign
2025-10-22,term_structure,backwardation,label,derived,,2026-09-02T09:02:09.166971,daily,C,Inferred from SHFE-COMEX gold premium sign
2025-10-23,term_structure,backwardation,label,derived,,2026-09-02T09:02:09.166971,daily,C,Inferred from SHFE-COMEX gold premium sign
2025-10-24,term_structure,backwardation,label,derived,,2026-09-02T09:02:09.166971,daily,C,Inferred from SHFE-COMEX gold premium sign
2025-10-27,term_structure,backwardation,label,derived,,2026-09-02T09:02:09.166971,daily,C,Inferred from SHFE-COMEX gold premium sign
2025-10-28,term_structure,backwardation,label,derived,,2026-09-02T09:02:09.166971,daily,C,Inferred from SHFE-COMEX gold premium sign
2025-10-29,term_structure,backwardation,label,derived,,2026-09-02T09:02:09.166971,daily,C,Inferred from SHFE-COMEX gold premium sign
2025-10-30,term_structure,backwardation,label,derived,,2026-09-02T09:02:09.166971,daily,C,Inferred from SHFE-COMEX gold premium sign
2025-10-31,term_structure,backwardation,label,derived,,2026-09-02T09:02:09.166971,daily,C,Inferred from SHFE-COMEX gold premium sign
2025-11-03,term_structure,backwardation,label,derived,,2026-09-02T09:02:09.166971,daily,C,Inferred from SHFE-COMEX gold premium sign
2025-11-04,term_structure,backwardation,label,derived,,2026-09-02T09:02:09.166971,daily,C,Inferred from SHFE-COMEX gold premium sign
2025-11-05,term_structure,backwardation,label,derived,,2026-09-02T09:02:09.166971,daily,C,Inferred from SHFE-COMEX gold premium sign
2025-11-06,term_structure,backwardation,label,derived,,2026-09-02T09:02:09.166971,daily,C,Inferred from SHFE-COMEX gold premium sign
2025-11-07,term_structure,backwardation,label,derived,,2026-09-02T09:02:09.166971,daily,C,Inferred from SHFE-COMEX gold premium sign
2025-11-10,term_structure,backwardation,label,derived,,2026-09-02T09:02:09.166971,daily,C,Inferred from SHFE-COMEX gold premium sign
2025-11-11,term_structure,backwardation,label,derived,,2026-09-02T09:02:09.166971,daily,C,Inferred from SHFE-COMEX gold premium sign
2025-11-12,term_structure,backwardation,label,derived,,2026-09-02T09:02:09.166971,daily,C,Inferred from SHFE-COMEX gold premium sign
2025-11-13,term_structure,backwardation,label,derived,,2026-09-02T09:02:09.166971,daily,C,Inferred from SHFE-COMEX gold premium sign
2025-11-14,term_structure,backwardation,label,derived,,2026-09-02T09:02:09.166971,daily,C,Inferred from SHFE-COMEX gold premium sign
2025-11-17,term_structure,backwardation,label,derived,,2026-09-02T09:02:09.166971,daily,C,Inferred from SHFE-COMEX gold premium sign
2025-11-18,term_structure,backwardation,label,derived,,2026-09-02T09:02:09.166971,daily,C,Inferred from SHFE-COMEX gold premium sign
2025-11-19,term_structure,backwardation,label,derived,,2026-09-02T09:02:09.166971,daily,C,Inferred from SHFE-COMEX gold premium sign
2025-11-20,term_structure,backwardation,label,derived,,2026-09-02T09:02:09.166971,daily,C,Inferred from SHFE-COMEX gold premium sign
2025-11-21,term_structure,backwardation,label,derived,,2026-09-02T09:02:09.166971,daily,C,Inferred from SHFE-COMEX gold premium sign
2025-11-24,term_structure,backwardation,label,derived,,2026-09-02T09:02:09.166971,daily,C,Inferred from SHFE-COMEX gold premium sign
2025-11-25,term_structure,backwardation,label,derived,,2026-09-02T09:02:09.166971,daily,C,Inferred from SHFE-COMEX gold premium sign
2025-11-26,term_structure,backwardation,label,derived,,2026-09-02T09:02:09.166971,daily,C,Inferred from SHFE-COMEX gold premium sign
2025-11-27,term_structure,backwardation,label,derived,,2026-09-02T09:02:09.166971,daily,C,Inferred from SHFE-COMEX gold premium sign
2025-11-28,term_structure,backwardation,label,derived,,2026-09-02T09:02:09.166971,daily,C,Inferred from SHFE-COMEX gold premium sign
2025-12-01,term_structure,backwardation,label,derived,,2026-09-02T09:02:09.166971,daily,C,Inferred from SHFE-COMEX gold premium sign
2025-12-02,term_structure,backwardation,label,derived,,2026-09-02T09:02:09.166971,daily,C,Inferred from SHFE-COMEX gold premium sign
2025-12-03,term_structure,backwardation,label,derived,,2026-09-02T09:02:09.166971,daily,C,Inferred from SHFE-COMEX gold premium sign
2025-12-04,term_structure,backwardation,label,derived,,2026-09-02T09:02:09.166971,daily,C,Inferred from SHFE-COMEX gold premium sign
2025-12-05,term_structure,backwardation,label,derived,,2026-09-02T09:02:09.166971,daily,C,Inferred from SHFE-COMEX gold premium sign
2025-12-08,term_structure,backwardation,label,derived,,2026-09-02T09:02:09.166971,daily,C,Inferred from SHFE-COMEX gold premium sign
2025-12-09,term_structure,backwardation,label,derived,,2026-09-02T09:02:09.166971,daily,C,Inferred from SHFE-COMEX gold premium sign
2025-12-10,term_structure,backwardation,label,derived,,2026-09-02T09:02:09.166971,daily,C,Inferred from SHFE-COMEX gold premium sign
2025-12-11,term_structure,backwardation,label,derived,,2026-09-02T09:02:09.166971,daily,C,Inferred from SHFE-COMEX gold premium sign
2025-12-12,term_structure,backwardation,label,derived,,2026-09-02T09:02:09.166971,daily,C,Inferred from SHFE-COMEX gold premium sign
2025-12-15,term_structure,backwardation,label,derived,,2026-09-02T09:02:09.166971,daily,C,Inferred from SHFE-COMEX gold premium sign
2025-12-16,term_structure,backwardation,label,derived,,2026-09-02T09:02:09.166971,daily,C,Inferred from SHFE-COMEX gold premium sign
2025-12-17,term_structure,backwardation,label,derived,,2026-09-02T09:02:09.166971,daily,C,Inferred from SHFE-COMEX gold premium sign
2025-12-18,term_structure,backwardation,label,derived,,2026-09-02T09:02:09.166971,daily,C,Inferred from SHFE-COMEX gold premium sign
2025-12-19,term_structure,backwardation,label,derived,,2026-09-02T09:02:09.166971,daily,C,Inferred from SHFE-COMEX gold premium sign
2025-12-22,term_structure,backwardation,label,derived,,2026-09-02T09:02:09.166971,daily,C,Inferred from SHFE-COMEX gold premium sign
2025-12-23,term_structure,backwardation,label,derived,,2026-09-02T09:02:09.166971,daily,C,Inferred from SHFE-COMEX gold premium sign
2025-12-24,term_structure,backwardation,label,derived,,2026-09-02T09:02:09.166971,daily,C,Inferred from SHFE-COMEX gold premium sign
2025-12-25,term_structure,backwardation,label,derived,,2026-09-02T09:02:09.166971,daily,C,Inferred from SHFE-COMEX gold premium sign
2025-12-26,term_structure,backwardation,label,derived,,2026-09-02T09:02:09.166971,daily,C,Inferred from SHFE-COMEX gold premium sign
2025-12-29,term_structure,backwardation,label,derived,,2026-09-02T09:02:09.166971,daily,C,Inferred from SHFE-COMEX gold premium sign
2025-12-30,term_structure,backwardation,label,derived,,2026-09-02T09:02:09.166971,daily,C,Inferred from SHFE-COMEX gold premium sign
2025-12-31,term_structure,backwardation,label,derived,,2026-09-02T09:02:09.166971,daily,C,Inferred from SHFE-COMEX gold premium sign
2026-01-05,term_structure,backwardation,label,derived,,2026-09-02T09:02:09.166971,daily,C,Inferred from SHFE-COMEX gold premium sign
2026-01-06,term_structure,backwardation,label,derived,,2026-09-02T09:02:09.166971,daily,C,Inferred from SHFE-COMEX gold premium sign
2026-01-07,term_structure,backwardation,label,derived,,2026-09-02T09:02:09.166971,daily,C,Inferred from SHFE-COMEX gold premium sign
2026-01-08,term_structure,backwardation,label,derived,,2026-09-02T09:02:09.166971,daily,C,Inferred from SHFE-COMEX gold premium sign
2026-01-09,term_structure,backwardation,label,derived,,2026-09-02T09:02:09.166971,daily,C,Inferred from SHFE-COMEX gold premium sign
2026-01-12,term_structure,backwardation,label,derived,,2026-09-02T09:02:09.166971,daily,C,Inferred from SHFE-COMEX gold premium sign
2026-01-13,term_structure,backwardation,label,derived,,2026-09-02T09:02:09.166971,daily,C,Inferred from SHFE-COMEX gold premium sign
2026-01-14,term_structure,backwardation,label,derived,,2026-09-02T09:02:09.166971,daily,C,Inferred from SHFE-COMEX gold premium sign
2026-01-15,term_structure,backwardation,label,derived,,2026-09-02T09:02:09.166971,daily,C,Inferred from SHFE-COMEX gold premium sign
2026-01-16,term_structure,backwardation,label,derived,,2026-09-02T09:02:09.166971,daily,C,Inferred from SHFE-COMEX gold premium sign
2026-01-19,term_structure,backwardation,label,derived,,2026-09-02T09:02:09.166971,daily,C,Inferred from SHFE-COMEX gold premium sign
2026-01-20,term_structure,backwardation,label,derived,,2026-09-02T09:02:09.166971,daily,C,Inferred from SHFE-COMEX gold premium sign
2026-01-21,term_structure,backwardation,label,derived,,2026-09-02T09:02:09.166971,daily,C,Inferred from SHFE-COMEX gold premium sign
2026-01-22,term_structure,backwardation,label,derived,,2026-09-02T09:02:09.166971,daily,C,Inferred from SHFE-COMEX gold premium sign
2026-01-23,term_structure,backwardation,label,derived,,2026-09-02T09:02:09.166971,daily,C,Inferred from SHFE-COMEX gold premium sign
2026-01-26,term_structure,backwardation,label,derived,,2026-09-02T09:02:09.166971,daily,C,Inferred from SHFE-COMEX gold premium sign
2026-01-27,term_structure,backwardation,label,derived,,2026-09-02T09:02:09.166971,daily,C,Inferred from SHFE-COMEX gold premium sign
2026-01-28,term_structure,backwardation,label,derived,,2026-09-02T09:02:09.166971,daily,C,Inferred from SHFE-COMEX gold premium sign
2026-01-29,term_structure,backwardation,label,derived,,2026-09-02T09:02:09.166971,daily,C,Inferred from SHFE-COMEX gold premium sign
2026-01-30,term_structure,backwardation,label,derived,,2026-09-02T09:02:09.166971,daily,C,Inferred from SHFE-COMEX gold premium sign
2026-02-02,term_structure,backwardation,label,derived,,2026-09-02T09:02:09.166971,daily,C,Inferred from SHFE-COMEX gold premium sign
2026-02-03,term_structure,backwardation,label,derived,,2026-09-02T09:02:09.166971,daily,C,Inferred from SHFE-COMEX gold premium sign
2026-02-04,term_structure,backwardation,label,derived,,2026-09-02T09:02:09.166971,daily,C,Inferred from SHFE-COMEX gold premium sign
2026-02-05,term_structure,backwardation,label,derived,,2026-09-02T09:02:09.166971,daily,C,Inferred from SHFE-COMEX gold premium sign
2026-02-06,term_structure,backwardation,label,derived,,2026-09-02T09:02:09.166971,daily,C,Inferred from SHFE-COMEX gold premium sign
2026-02-09,term_structure,backwardation,label,derived,,2026-09-02T09:02:09.166971,daily,C,Inferred from SHFE-COMEX gold premium sign
2026-02-10,term_structure,backwardation,label,derived,,2026-09-02T09:02:09.166971,daily,C,Inferred from SHFE-COMEX gold premium sign
2026-02-11,term_structure,backwardation,label,derived,,2026-09-02T09:02:09.166971,daily,C,Inferred from SHFE-COMEX gold premium sign
2026-02-12,term_structure,backwardation,label,derived,,2026-09-02T09:02:09.166971,daily,C,Inferred from SHFE-COMEX gold premium sign
2026-02-13,term_structure,backwardation,label,derived,,2026-09-02T09:02:09.166971,daily,C,Inferred from SHFE-COMEX gold premium sign
2026-02-24,term_structure,backwardation,label,derived,,2026-09-02T09:02:09.166971,daily,C,Inferred from SHFE-COMEX gold premium sign
2026-02-25,term_structure,backwardation,label,derived,,2026-09-02T09:02:09.166971,daily,C,Inferred from SHFE-COMEX gold premium sign
2026-02-26,term_structure,backwardation,label,derived,,2026-09-02T09:02:09.166971,daily,C,Inferred from SHFE-COMEX gold premium sign
2026-02-27,term_structure,backwardation,label,derived,,2026-09-02T09:02:09.166971,daily,C,Inferred from SHFE-COMEX gold premium sign
2026-03-02,term_structure,backwardation,label,derived,,2026-09-02T09:02:09.166971,daily,C,Inferred from SHFE-COMEX gold premium sign
2026-03-03,term_structure,backwardation,label,derived,,2026-09-02T09:02:09.166971,daily,C,Inferred from SHFE-COMEX gold premium sign
2026-03-04,term_structure,backwardation,label,derived,,2026-09-02T09:02:09.166971,daily,C,Inferred from SHFE-COMEX gold premium sign
2026-03-05,term_structure,backwardation,label,derived,,2026-09-02T09:02:09.166971,daily,C,Inferred from SHFE-COMEX gold premium sign
2026-03-06,term_structure,backwardation,label,derived,,2026-09-02T09:02:09.166971,daily,C,Inferred from SHFE-COMEX gold premium sign
2026-03-09,term_structure,backwardation,label,derived,,2026-09-02T09:02:09.166971,daily,C,Inferred from SHFE-COMEX gold premium sign
2026-03-10,term_structure,backwardation,label,derived,,2026-09-02T09:02:09.166971,daily,C,Inferred from SHFE-COMEX gold premium sign
2026-03-11,term_structure,backwardation,label,derived,,2026-09-02T09:02:09.166971,daily,C,Inferred from SHFE-COMEX gold premium sign
2026-03-12,term_structure,backwardation,label,derived,,2026-09-02T09:02:09.166971,daily,C,Inferred from SHFE-COMEX gold premium sign
2026-03-13,term_structure,backwardation,label,derived,,2026-09-02T09:02:09.166971,daily,C,Inferred from SHFE-COMEX gold premium sign
2026-03-16,term_structure,backwardation,label,derived,,2026-09-02T09:02:09.166971,daily,C,Inferred from SHFE-COMEX gold premium sign
2026-03-17,term_structure,backwardation,label,derived,,2026-09-02T09:02:09.166971,daily,C,Inferred from SHFE-COMEX gold premium sign
2026-03-18,term_structure,backwardation,label,derived,,2026-09-02T09:02:09.166971,daily,C,Inferred from SHFE-COMEX gold premium sign
2026-03-19,term_structure,backwardation,label,derived,,2026-09-02T09:02:09.166971,daily,C,Inferred from SHFE-COMEX gold premium sign
2026-03-20,term_structure,backwardation,label,derived,,2026-09-02T09:02:09.166971,daily,C,Inferred from SHFE-COMEX gold premium sign
2026-03-23,term_structure,contango,label,derived,,2026-09-02T09:02:09.166971,daily,C,Inferred from SHFE-COMEX gold premium sign
2026-03-24,term_structure,backwardation,label,derived,,2026-09-02T09:02:09.166971,daily,C,Inferred from SHFE-COMEX gold premium sign
2026-03-25,term_structure,backwardation,label,derived,,2026-09-02T09:02:09.166971,daily,C,Inferred from SHFE-COMEX gold premium sign
2026-03-26,term_structure,backwardation,label,derived,,2026-09-02T09:02:09.166971,daily,C,Inferred from SHFE-COMEX gold premium sign
2026-03-27,term_structure,backwardation,label,derived,,2026-09-02T09:02:09.166971,daily,C,Inferred from SHFE-COMEX gold premium sign
2026-03-30,term_structure,backwardation,label,derived,,2026-09-02T09:02:09.166971,daily,C,Inferred from SHFE-COMEX gold premium sign
2026-03-31,term_structure,backwardation,label,derived,,2026-09-02T09:02:09.166971,daily,C,Inferred from SHFE-COMEX gold premium sign
2026-04-01,term_structure,backwardation,label,derived,,2026-09-02T09:02:09.166971,daily,C,Inferred from SHFE-COMEX gold premium sign
2026-04-02,term_structure,backwardation,label,derived,,2026-09-02T09:02:09.166971,daily,C,Inferred from SHFE-COMEX gold premium sign
2026-04-03,term_structure,backwardation,label,derived,,2026-09-02T09:02:09.166971,daily,C,Inferred from SHFE-COMEX gold premium sign
2026-04-07,term_structure,backwardation,label,derived,,2026-09-02T09:02:09.166971,daily,C,Inferred from SHFE-COMEX gold premium sign
2026-04-08,term_structure,backwardation,label,derived,,2026-09-02T09:02:09.166971,daily,C,Inferred from SHFE-COMEX gold premium sign
2026-04-09,term_structure,backwardation,label,derived,,2026-09-02T09:02:09.166971,daily,C,Inferred from SHFE-COMEX gold premium sign
2026-04-10,term_structure,backwardation,label,derived,,2026-09-02T09:02:09.166971,daily,C,Inferred from SHFE-COMEX gold premium sign
2026-04-13,term_structure,backwardation,label,derived,,2026-09-02T09:02:09.166971,daily,C,Inferred from SHFE-COMEX gold premium sign
2026-04-14,term_structure,backwardation,label,derived,,2026-09-02T09:02:09.166971,daily,C,Inferred from SHFE-COMEX gold premium sign
2026-04-15,term_structure,backwardation,label,derived,,2026-09-02T09:02:09.166971,daily,C,Inferred from SHFE-COMEX gold premium sign
2026-04-16,term_structure,backwardation,label,derived,,2026-09-02T09:02:09.166971,daily,C,Inferred from SHFE-COMEX gold premium sign
2026-04-17,term_structure,backwardation,label,derived,,2026-09-02T09:02:09.166971,daily,C,Inferred from SHFE-COMEX gold premium sign
2026-04-20,term_structure,backwardation,label,derived,,2026-09-02T09:02:09.166971,daily,C,Inferred from SHFE-COMEX gold premium sign
2026-04-21,term_structure,backwardation,label,derived,,2026-09-02T09:02:09.166971,daily,C,Inferred from SHFE-COMEX gold premium sign
2026-04-22,term_structure,backwardation,label,derived,,2026-09-02T09:02:09.166971,daily,C,Inferred from SHFE-COMEX gold premium sign
2026-04-23,term_structure,backwardation,label,derived,,2026-09-02T09:02:09.166971,daily,C,Inferred from SHFE-COMEX gold premium sign
2026-04-24,term_structure,backwardation,label,derived,,2026-09-02T09:02:09.166971,daily,C,Inferred from SHFE-COMEX gold premium sign
2026-04-27,term_structure,backwardation,label,derived,,2026-09-02T09:02:09.166971,daily,C,Inferred from SHFE-COMEX gold premium sign
2026-04-28,term_structure,backwardation,label,derived,,2026-09-02T09:02:09.166971,daily,C,Inferred from SHFE-COMEX gold premium sign
2026-04-29,term_structure,backwardation,label,derived,,2026-09-02T09:02:09.166971,daily,C,Inferred from SHFE-COMEX gold premium sign
2026-04-30,term_structure,backwardation,label,derived,,2026-09-02T09:02:09.166971,daily,C,Inferred from SHFE-COMEX gold premium sign
2026-05-06,term_structure,backwardation,label,derived,,2026-09-02T09:02:09.166971,daily,C,Inferred from SHFE-COMEX gold premium sign
2026-05-07,term_structure,backwardation,label,derived,,2026-09-02T09:02:09.166971,daily,C,Inferred from SHFE-COMEX gold premium sign
2026-05-08,term_structure,backwardation,label,derived,,2026-09-02T09:02:09.166971,daily,C,Inferred from SHFE-COMEX gold premium sign
2026-05-11,term_structure,backwardation,label,derived,,2026-09-02T09:02:09.166971,daily,C,Inferred from SHFE-COMEX gold premium sign
2026-05-12,term_structure,backwardation,label,derived,,2026-09-02T09:02:09.166971,daily,C,Inferred from SHFE-COMEX gold premium sign
2026-05-13,term_structure,backwardation,label,derived,,2026-09-02T09:02:09.166971,daily,C,Inferred from SHFE-COMEX gold premium sign
2026-05-14,term_structure,backwardation,label,derived,,2026-09-02T09:02:09.166971,daily,C,Inferred from SHFE-COMEX gold premium sign
2026-05-15,term_structure,backwardation,label,derived,,2026-09-02T09:02:09.166971,daily,C,Inferred from SHFE-COMEX gold premium sign
2026-05-18,term_structure,backwardation,label,derived,,2026-09-02T09:02:09.166971,daily,C,Inferred from SHFE-COMEX gold premium sign
2026-05-19,term_structure,backwardation,label,derived,,2026-09-02T09:02:09.166971,daily,C,Inferred from SHFE-COMEX gold premium sign
2026-05-20,term_structure,backwardation,label,derived,,2026-09-02T09:02:09.166971,daily,C,Inferred from SHFE-COMEX gold premium sign
2026-05-21,term_structure,backwardation,label,derived,,2026-09-02T09:02:09.166971,daily,C,Inferred from SHFE-COMEX gold premium sign
2026-05-22,term_structure,backwardation,label,derived,,2026-09-02T09:02:09.166971,daily,C,Inferred from SHFE-COMEX gold premium sign
2026-05-25,term_structure,backwardation,label,derived,,2026-09-02T09:02:09.166971,daily,C,Inferred from SHFE-COMEX gold premium sign
2026-05-26,term_structure,backwardation,label,derived,,2026-09-02T09:02:09.166971,daily,C,Inferred from SHFE-COMEX gold premium sign
2026-05-27,term_structure,backwardation,label,derived,,2026-09-02T09:02:09.166971,daily,C,Inferred from SHFE-COMEX gold premium sign
2026-05-28,term_structure,contango,label,derived,,2026-09-02T09:02:09.166971,daily,C,Inferred from SHFE-COMEX gold premium sign
2026-05-29,term_structure,backwardation,label,derived,,2026-09-02T09:02:09.166971,daily,C,Inferred from SHFE-COMEX gold premium sign
2026-06-01,term_structure,backwardation,label,derived,,2026-09-02T09:02:09.166971,daily,C,Inferred from SHFE-COMEX gold premium sign
2026-06-02,term_structure,backwardation,label,derived,,2026-09-02T09:02:09.166971,daily,C,Inferred from SHFE-COMEX gold premium sign
2026-06-03,term_structure,backwardation,label,derived,,2026-09-02T09:02:09.166971,daily,C,Inferred from SHFE-COMEX gold premium sign
2026-06-04,term_structure,backwardation,label,derived,,2026-09-02T09:02:09.166971,daily,C,Inferred from SHFE-COMEX gold premium sign
2026-06-05,term_structure,backwardation,label,derived,,2026-09-02T09:02:09.166971,daily,C,Inferred from SHFE-COMEX gold premium sign
2026-06-08,term_structure,backwardation,label,derived,,2026-09-02T09:02:09.166971,daily,C,Inferred from SHFE-COMEX gold premium sign
2026-06-09,term_structure,backwardation,label,derived,,2026-09-02T09:02:09.166971,daily,C,Inferred from SHFE-COMEX gold premium sign
2026-06-10,term_structure,backwardation,label,derived,,2026-09-02T09:02:09.166971,daily,C,Inferred from SHFE-COMEX gold premium sign
2026-06-11,term_structure,backwardation,label,derived,,2026-09-02T09:02:09.166971,daily,C,Inferred from SHFE-COMEX gold premium sign
2026-06-12,term_structure,backwardation,label,derived,,2026-09-02T09:02:09.166971,daily,C,Inferred from SHFE-COMEX gold premium sign
2026-06-15,term_structure,backwardation,label,derived,,2026-09-02T09:02:09.166971,daily,C,Inferred from SHFE-COMEX gold premium sign
2026-06-16,term_structure,backwardation,label,derived,,2026-09-02T09:02:09.166971,daily,C,Inferred from SHFE-COMEX gold premium sign
2026-06-17,term_structure,backwardation,label,derived,,2026-09-02T09:02:09.166971,daily,C,Inferred from SHFE-COMEX gold premium sign
2026-06-18,term_structure,backwardation,label,derived,,2026-09-02T09:02:09.166971,daily,C,Inferred from SHFE-COMEX gold premium sign
2026-06-22,term_structure,backwardation,label,derived,,2026-09-02T09:02:09.166971,daily,C,Inferred from SHFE-COMEX gold premium sign
2026-06-23,term_structure,backwardation,label,derived,,2026-09-02T09:02:09.166971,daily,C,Inferred from SHFE-COMEX gold premium sign
2026-06-24,term_structure,backwardation,label,derived,,2026-09-02T09:02:09.166971,daily,C,Inferred from SHFE-COMEX gold premium sign
2026-06-25,term_structure,backwardation,label,derived,,2026-09-02T09:02:09.166971,daily,C,Inferred from SHFE-COMEX gold premium sign
2026-06-26,term_structure,backwardation,label,derived,,2026-09-02T09:02:09.166971,daily,C,Inferred from SHFE-COMEX gold premium sign
2026-06-29,term_structure,backwardation,label,derived,,2026-09-02T09:02:09.166971,daily,C,Inferred from SHFE-COMEX gold premium sign
2026-06-30,term_structure,backwardation,label,derived,,2026-09-02T09:02:09.166971,daily,C,Inferred from SHFE-COMEX gold premium sign
2026-07-01,term_structure,contango,label,derived,,2026-09-02T09:02:09.166971,daily,C,Inferred from SHFE-COMEX gold premium sign
2026-07-02,term_structure,backwardation,label,derived,,2026-09-02T09:02:09.166971,daily,C,Inferred from SHFE-COMEX gold premium sign
2026-07-03,term_structure,backwardation,label,derived,,2026-09-02T09:02:09.166971,daily,C,Inferred from SHFE-COMEX gold premium sign
2026-07-06,term_structure,backwardation,label,derived,,2026-09-02T09:02:09.166971,daily,C,Inferred from SHFE-COMEX gold premium sign
2026-07-07,term_structure,backwardation,label,derived,,2026-09-02T09:02:09.166971,daily,C,Inferred from SHFE-COMEX gold premium sign
2026-07-08,term_structure,backwardation,label,derived,,2026-09-02T09:02:09.166971,daily,C,Inferred from SHFE-COMEX gold premium sign
2026-07-09,term_structure,backwardation,label,derived,,2026-09-02T09:02:09.166971,daily,C,Inferred from SHFE-COMEX gold premium sign
2026-07-10,term_structure,backwardation,label,derived,,2026-09-02T09:02:09.166971,daily,C,Inferred from SHFE-COMEX gold premium sign
2026-07-13,term_structure,backwardation,label,derived,,2026-09-02T09:02:09.166971,daily,C,Inferred from SHFE-COMEX gold premium sign
2026-07-14,term_structure,backwardation,label,derived,,2026-09-02T09:02:09.166971,daily,C,Inferred from SHFE-COMEX gold premium sign
2026-07-15,term_structure,backwardation,label,derived,,2026-09-02T09:02:09.166971,daily,C,Inferred from SHFE-COMEX gold premium sign
2026-07-16,term_structure,backwardation,label,derived,,2026-09-02T09:02:09.166971,daily,C,Inferred from SHFE-COMEX gold premium sign
2026-07-17,term_structure,backwardation,label,derived,,2026-09-02T09:02:09.166971,daily,C,Inferred from SHFE-COMEX gold premium sign
2026-07-20,term_structure,backwardation,label,derived,,2026-09-02T09:02:09.166971,daily,C,Inferred from SHFE-COMEX gold premium sign
2026-07-21,term_structure,backwardation,label,derived,,2026-09-02T09:02:09.166971,daily,C,Inferred from SHFE-COMEX gold premium sign
2026-07-22,term_structure,backwardation,label,derived,,2026-09-02T09:02:09.166971,daily,C,Inferred from SHFE-COMEX gold premium sign
2026-07-23,term_structure,backwardation,label,derived,,2026-09-02T09:02:09.166971,daily,C,Inferred from SHFE-COMEX gold premium sign
2026-07-24,term_structure,backwardation,label,derived,,2026-09-02T09:02:09.166971,daily,C,Inferred from SHFE-COMEX gold premium sign
2026-07-27,term_structure,backwardation,label,derived,,2026-09-02T09:02:09.166971,daily,C,Inferred from SHFE-COMEX gold premium sign
2026-07-28,term_structure,backwardation,label,derived,,2026-09-02T09:02:09.166971,daily,C,Inferred from SHFE-COMEX gold premium sign
2026-07-29,term_structure,backwardation,label,derived,,2026-09-02T09:02:09.166971,daily,C,Inferred from SHFE-COMEX gold premium sign
2026-07-30,term_structure,contango,label,derived,,2026-09-02T09:02:09.166971,daily,C,Inferred from SHFE-COMEX gold premium sign
2026-07-31,term_structure,backwardation,label,derived,,2026-09-02T09:02:09.166971,daily,C,Inferred from SHFE-COMEX gold premium sign
2026-08-03,term_structure,backwardation,label,derived,,2026-09-02T09:02:09.166971,daily,C,Inferred from SHFE-COMEX gold premium sign
2026-08-04,term_structure,backwardation,label,derived,,2026-09-02T09:02:09.166971,daily,C,Inferred from SHFE-COMEX gold premium sign
2026-08-05,term_structure,contango,label,derived,,2026-09-02T09:02:09.166971,daily,C,Inferred from SHFE-COMEX gold premium sign
2026-08-06,term_structure,backwardation,label,derived,,2026-09-02T09:02:09.166971,daily,C,Inferred from SHFE-COMEX gold premium sign
2026-08-07,term_structure,contango,label,derived,,2026-09-02T09:02:09.166971,daily,C,Inferred from SHFE-COMEX gold premium sign
2026-08-10,term_structure,backwardation,label,derived,,2026-09-02T09:02:09.166971,daily,C,Inferred from SHFE-COMEX gold premium sign
2026-08-11,term_structure,backwardation,label,derived,,2026-09-02T09:02:09.166971,daily,C,Inferred from SHFE-COMEX gold premium sign
2026-08-12,term_structure,backwardation,label,derived,,2026-09-02T09:02:09.166971,daily,C,Inferred from SHFE-COMEX gold premium sign
2026-08-13,term_structure,backwardation,label,derived,,2026-09-02T09:02:09.166971,daily,C,Inferred from SHFE-COMEX gold premium sign
2026-08-14,term_structure,contango,label,derived,,2026-09-02T09:02:09.166971,daily,C,Inferred from SHFE-COMEX gold premium sign
2026-08-17,term_structure,backwardation,label,derived,,2026-09-02T09:02:09.166971,daily,C,Inferred from SHFE-COMEX gold premium sign
2026-08-18,term_structure,backwardation,label,derived,,2026-09-02T09:02:09.166971,daily,C,Inferred from SHFE-COMEX gold premium sign
2026-08-19,term_structure,contango,label,derived,,2026-09-02T09:02:09.166971,daily,C,Inferred from SHFE-COMEX gold premium sign
2026-08-20,term_structure,contango,label,derived,,2026-09-02T09:02:09.166971,daily,C,Inferred from SHFE-COMEX gold premium sign
2026-08-21,term_structure,contango,label,derived,,2026-09-02T09:02:09.166971,daily,C,Inferred from SHFE-COMEX gold premium sign
2026-08-24,term_structure,backwardation,label,derived,,2026-09-02T09:02:09.166971,daily,C,Inferred from SHFE-COMEX gold premium sign
2026-08-25,term_structure,backwardation,label,derived,,2026-09-02T09:02:09.166971,daily,C,Inferred from SHFE-COMEX gold premium sign
2026-08-26,term_structure,backwardation,label,derived,,2026-09-02T09:02:09.166971,daily,C,Inferred from SHFE-COMEX gold premium sign
2026-08-27,term_structure,contango,label,derived,,2026-09-02T09:02:09.166971,daily,C,Inferred from SHFE-COMEX gold premium sign
2026-08-28,term_structure,backwardation,label,derived,,2026-09-02T09:02:09.166971,daily,C,Inferred from SHFE-COMEX gold premium sign
2026-08-31,term_structure,backwardation,label,derived,,2026-09-02T09:02:09.166971,daily,C,Inferred from SHFE-COMEX gold premium sign
2026-09-01,term_structure,backwardation,label,derived,,2026-09-02T09:02:09.166971,daily,C,Inferred from SHFE-COMEX gold premium sign
2025-05-27,us_10y_real_rate,2.11,pct,FRED,https://fred.stlouisfed.org/series/DFII10,2026-07-01T21:05:19.038605,daily,A,
2025-05-28,us_10y_real_rate,2.15,pct,FRED,https://fred.stlouisfed.org/series/DFII10,2026-07-02T02:44:46.505418,daily,A,
2025-05-29,us_10y_real_rate,2.11,pct,FRED,https://fred.stlouisfed.org/series/DFII10,2026-07-03T08:41:02.376661,daily,A,
2025-05-30,us_10y_real_rate,2.07,pct,FRED,https://fred.stlouisfed.org/series/DFII10,2026-07-04T00:04:15.883139,daily,A,
2025-06-02,us_10y_real_rate,2.13,pct,FRED,https://fred.stlouisfed.org/series/DFII10,2026-07-07T00:05:07.500200,daily,A,
2025-06-03,us_10y_real_rate,2.14,pct,FRED,https://fred.stlouisfed.org/series/DFII10,2026-07-08T00:02:23.279543,daily,A,
2025-06-04,us_10y_real_rate,2.06,pct,FRED,https://fred.stlouisfed.org/series/DFII10,2026-07-09T00:04:44.310525,daily,A,
2025-06-05,us_10y_real_rate,2.11,pct,FRED,https://fred.stlouisfed.org/series/DFII10,2026-07-10T00:03:41.172975,daily,A,
2025-06-06,us_10y_real_rate,2.2,pct,FRED,https://fred.stlouisfed.org/series/DFII10,2026-07-11T00:04:58.789638,daily,A,
2025-06-09,us_10y_real_rate,2.18,pct,FRED,https://fred.stlouisfed.org/series/DFII10,2026-07-14T00:03:00.258556,daily,A,
2025-06-10,us_10y_real_rate,2.18,pct,FRED,https://fred.stlouisfed.org/series/DFII10,2026-07-15T00:05:05.601612,daily,A,
2025-06-11,us_10y_real_rate,2.14,pct,FRED,https://fred.stlouisfed.org/series/DFII10,2026-07-16T08:19:10.525698,daily,A,
2025-06-12,us_10y_real_rate,2.11,pct,FRED,https://fred.stlouisfed.org/series/DFII10,2026-07-17T08:35:23.641580,daily,A,
2025-06-13,us_10y_real_rate,2.13,pct,FRED,https://fred.stlouisfed.org/series/DFII10,2026-07-18T00:03:15.615580,daily,A,
2025-06-16,us_10y_real_rate,2.16,pct,FRED,https://fred.stlouisfed.org/series/DFII10,2026-07-21T00:04:26.649064,daily,A,
2025-06-17,us_10y_real_rate,2.08,pct,FRED,https://fred.stlouisfed.org/series/DFII10,2026-07-22T00:05:00.453011,daily,A,
2025-06-18,us_10y_real_rate,2.07,pct,FRED,https://fred.stlouisfed.org/series/DFII10,2026-07-23T00:07:59.492417,daily,A,
2025-06-20,us_10y_real_rate,2.05,pct,FRED,https://fred.stlouisfed.org/series/DFII10,2026-07-25T00:03:07.467193,daily,A,
2025-06-23,us_10y_real_rate,2.04,pct,FRED,https://fred.stlouisfed.org/series/DFII10,2026-07-28T00:03:08.535757,daily,A,
2025-06-24,us_10y_real_rate,2.01,pct,FRED,https://fred.stlouisfed.org/series/DFII10,2026-07-29T00:04:19.404676,daily,A,
2025-06-25,us_10y_real_rate,2.01,pct,FRED,https://fred.stlouisfed.org/series/DFII10,2026-07-30T00:05:52.112283,daily,A,
2025-06-26,us_10y_real_rate,1.98,pct,FRED,https://fred.stlouisfed.org/series/DFII10,2026-07-31T08:47:46.871546,daily,A,
2025-06-27,us_10y_real_rate,2.0,pct,FRED,https://fred.stlouisfed.org/series/DFII10,2026-08-01T00:07:15.002623,daily,A,
2025-06-30,us_10y_real_rate,1.95,pct,FRED,https://fred.stlouisfed.org/series/DFII10,2026-08-04T00:03:13.074682,daily,A,
2025-07-01,us_10y_real_rate,1.97,pct,FRED,https://fred.stlouisfed.org/series/DFII10,2026-08-05T00:05:04.647875,daily,A,
2025-07-02,us_10y_real_rate,2.0,pct,FRED,https://fred.stlouisfed.org/series/DFII10,2026-08-06T08:59:06.840013,daily,A,
2025-07-03,us_10y_real_rate,2.02,pct,FRED,https://fred.stlouisfed.org/series/DFII10,2026-08-07T00:05:43.781462,daily,A,
2025-07-07,us_10y_real_rate,2.05,pct,FRED,https://fred.stlouisfed.org/series/DFII10,2026-08-11T00:07:16.445408,daily,A,
2025-07-08,us_10y_real_rate,2.07,pct,FRED,https://fred.stlouisfed.org/series/DFII10,2026-08-12T00:01:36.922642,daily,A,
2025-07-09,us_10y_real_rate,2.01,pct,FRED,https://fred.stlouisfed.org/series/DFII10,2026-08-13T09:14:31.379865,daily,A,
2025-07-10,us_10y_real_rate,2.01,pct,FRED,https://fred.stlouisfed.org/series/DFII10,2026-08-14T00:03:33.226695,daily,A,
2025-07-11,us_10y_real_rate,2.06,pct,FRED,https://fred.stlouisfed.org/series/DFII10,2026-08-15T00:03:57.188254,daily,A,
2025-07-14,us_10y_real_rate,2.04,pct,FRED,https://fred.stlouisfed.org/series/DFII10,2026-08-17T00:06:11.588732,daily,A,
2025-07-15,us_10y_real_rate,2.09,pct,FRED,https://fred.stlouisfed.org/series/DFII10,2026-08-17T00:06:11.588784,daily,A,
2025-07-16,us_10y_real_rate,2.05,pct,FRED,https://fred.stlouisfed.org/series/DFII10,2026-08-20T08:38:01.555336,daily,A,
2025-07-17,us_10y_real_rate,2.04,pct,FRED,https://fred.stlouisfed.org/series/DFII10,2026-08-21T00:03:51.305203,daily,A,
2025-07-18,us_10y_real_rate,2.03,pct,FRED,https://fred.stlouisfed.org/series/DFII10,2026-08-22T00:05:59.445839,daily,A,
2025-07-21,us_10y_real_rate,1.98,pct,FRED,https://fred.stlouisfed.org/series/DFII10,2026-08-25T08:47:51.041604,daily,A,
2025-07-22,us_10y_real_rate,1.96,pct,FRED,https://fred.stlouisfed.org/series/DFII10,2026-08-25T08:47:51.042604,daily,A,
2025-07-23,us_10y_real_rate,2.03,pct,FRED,https://fred.stlouisfed.org/series/DFII10,2026-08-27T09:48:29.980128,daily,A,
2025-07-24,us_10y_real_rate,1.98,pct,FRED,https://fred.stlouisfed.org/series/DFII10,2026-08-27T09:48:29.981128,daily,A,
2025-07-25,us_10y_real_rate,1.96,pct,FRED,https://fred.stlouisfed.org/series/DFII10,2026-08-27T09:48:29.981128,daily,A,
2025-07-28,us_10y_real_rate,1.98,pct,FRED,https://fred.stlouisfed.org/series/DFII10,2026-08-31T08:35:45.661850,daily,A,
2025-07-29,us_10y_real_rate,1.91,pct,FRED,https://fred.stlouisfed.org/series/DFII10,2026-09-02T09:01:53.674527,daily,A,
2025-07-30,us_10y_real_rate,1.96,pct,FRED,https://fred.stlouisfed.org/series/DFII10,2026-09-02T09:01:53.675530,daily,A,
2025-07-31,us_10y_real_rate,1.98,pct,FRED,https://fred.stlouisfed.org/series/DFII10,2026-09-02T09:01:53.675530,daily,A,
2025-08-01,us_10y_real_rate,1.9,pct,FRED,https://fred.stlouisfed.org/series/DFII10,2026-09-02T09:01:53.676526,daily,A,
2025-08-04,us_10y_real_rate,1.85,pct,FRED,https://fred.stlouisfed.org/series/DFII10,2026-09-02T09:01:53.677529,daily,A,
2025-08-05,us_10y_real_rate,1.86,pct,FRED,https://fred.stlouisfed.org/series/DFII10,2026-09-02T09:01:53.677529,daily,A,
2025-08-06,us_10y_real_rate,1.88,pct,FRED,https://fred.stlouisfed.org/series/DFII10,2026-09-02T09:01:53.678531,daily,A,
2025-08-07,us_10y_real_rate,1.88,pct,FRED,https://fred.stlouisfed.org/series/DFII10,2026-09-02T09:01:53.679098,daily,A,
2025-08-08,us_10y_real_rate,1.88,pct,FRED,https://fred.stlouisfed.org/series/DFII10,2026-09-02T09:01:53.680071,daily,A,
2025-08-11,us_10y_real_rate,1.87,pct,FRED,https://fred.stlouisfed.org/series/DFII10,2026-09-02T09:01:53.680071,daily,A,
2025-08-12,us_10y_real_rate,1.91,pct,FRED,https://fred.stlouisfed.org/series/DFII10,2026-09-02T09:01:53.681070,daily,A,
2025-08-13,us_10y_real_rate,1.87,pct,FRED,https://fred.stlouisfed.org/series/DFII10,2026-09-02T09:01:53.681070,daily,A,
2025-08-14,us_10y_real_rate,1.9,pct,FRED,https://fred.stlouisfed.org/series/DFII10,2026-09-02T09:01:53.682589,daily,A,
2025-08-15,us_10y_real_rate,1.95,pct,FRED,https://fred.stlouisfed.org/series/DFII10,2026-09-02T09:01:53.682589,daily,A,
2025-08-18,us_10y_real_rate,1.96,pct,FRED,https://fred.stlouisfed.org/series/DFII10,2026-09-02T09:01:53.683589,daily,A,
2025-08-19,us_10y_real_rate,1.95,pct,FRED,https://fred.stlouisfed.org/series/DFII10,2026-09-02T09:01:53.683589,daily,A,
2025-08-20,us_10y_real_rate,1.94,pct,FRED,https://fred.stlouisfed.org/series/DFII10,2026-09-02T09:01:53.684591,daily,A,
2025-08-21,us_10y_real_rate,1.94,pct,FRED,https://fred.stlouisfed.org/series/DFII10,2026-09-02T09:01:53.685106,daily,A,
2025-08-22,us_10y_real_rate,1.85,pct,FRED,https://fred.stlouisfed.org/series/DFII10,2026-09-02T09:01:53.686106,daily,A,
2025-08-25,us_10y_real_rate,1.87,pct,FRED,https://fred.stlouisfed.org/series/DFII10,2026-09-02T09:01:53.686106,daily,A,
2025-08-26,us_10y_real_rate,1.84,pct,FRED,https://fred.stlouisfed.org/series/DFII10,2026-09-02T09:01:53.687480,daily,A,
2025-08-27,us_10y_real_rate,1.81,pct,FRED,https://fred.stlouisfed.org/series/DFII10,2026-09-02T09:01:53.687480,daily,A,
2025-08-28,us_10y_real_rate,1.81,pct,FRED,https://fred.stlouisfed.org/series/DFII10,2026-09-02T09:01:53.688478,daily,A,
2025-08-29,us_10y_real_rate,1.82,pct,FRED,https://fred.stlouisfed.org/series/DFII10,2026-09-02T09:01:53.689478,daily,A,
2025-09-02,us_10y_real_rate,1.87,pct,FRED,https://fred.stlouisfed.org/series/DFII10,2026-09-02T09:01:53.689478,daily,A,
2025-09-03,us_10y_real_rate,1.82,pct,FRED,https://fred.stlouisfed.org/series/DFII10,2026-09-02T09:01:53.690477,daily,A,
2025-09-04,us_10y_real_rate,1.79,pct,FRED,https://fred.stlouisfed.org/series/DFII10,2026-09-02T09:01:53.690477,daily,A,
2025-09-05,us_10y_real_rate,1.73,pct,FRED,https://fred.stlouisfed.org/series/DFII10,2026-09-02T09:01:53.691585,daily,A,
2025-09-08,us_10y_real_rate,1.7,pct,FRED,https://fred.stlouisfed.org/series/DFII10,2026-09-02T09:01:53.692581,daily,A,
2025-09-09,us_10y_real_rate,1.72,pct,FRED,https://fred.stlouisfed.org/series/DFII10,2026-09-02T09:01:53.692581,daily,A,
2025-09-10,us_10y_real_rate,1.69,pct,FRED,https://fred.stlouisfed.org/series/DFII10,2026-09-02T09:01:53.693579,daily,A,
2025-09-11,us_10y_real_rate,1.67,pct,FRED,https://fred.stlouisfed.org/series/DFII10,2026-09-02T09:01:53.693579,daily,A,
2025-09-12,us_10y_real_rate,1.7,pct,FRED,https://fred.stlouisfed.org/series/DFII10,2026-09-02T09:01:53.695098,daily,A,
2025-09-15,us_10y_real_rate,1.68,pct,FRED,https://fred.stlouisfed.org/series/DFII10,2026-09-02T09:01:53.695098,daily,A,
2025-09-16,us_10y_real_rate,1.67,pct,FRED,https://fred.stlouisfed.org/series/DFII10,2026-09-02T09:01:53.696095,daily,A,
2025-09-17,us_10y_real_rate,1.68,pct,FRED,https://fred.stlouisfed.org/series/DFII10,2026-09-02T09:01:53.696095,daily,A,
2025-09-18,us_10y_real_rate,1.73,pct,FRED,https://fred.stlouisfed.org/series/DFII10,2026-09-02T09:01:53.697096,daily,A,
2025-09-19,us_10y_real_rate,1.75,pct,FRED,https://fred.stlouisfed.org/series/DFII10,2026-09-02T09:01:53.698098,daily,A,
2025-09-22,us_10y_real_rate,1.78,pct,FRED,https://fred.stlouisfed.org/series/DFII10,2026-09-02T09:01:53.698612,daily,A,
2025-09-23,us_10y_real_rate,1.75,pct,FRED,https://fred.stlouisfed.org/series/DFII10,2026-09-02T09:01:53.698612,daily,A,
2025-09-24,us_10y_real_rate,1.78,pct,FRED,https://fred.stlouisfed.org/series/DFII10,2026-09-02T09:01:53.699610,daily,A,
2025-09-25,us_10y_real_rate,1.8,pct,FRED,https://fred.stlouisfed.org/series/DFII10,2026-09-02T09:01:53.699610,daily,A,
2025-09-26,us_10y_real_rate,1.82,pct,FRED,https://fred.stlouisfed.org/series/DFII10,2026-09-02T09:01:53.700611,daily,A,
2025-09-29,us_10y_real_rate,1.8,pct,FRED,https://fred.stlouisfed.org/series/DFII10,2026-09-02T09:01:53.701610,daily,A,
2025-09-30,us_10y_real_rate,1.8,pct,FRED,https://fred.stlouisfed.org/series/DFII10,2026-09-02T09:01:53.701610,daily,A,
2025-10-01,us_10y_real_rate,1.77,pct,FRED,https://fred.stlouisfed.org/series/DFII10,2026-09-02T09:01:53.702619,daily,A,
2025-10-02,us_10y_real_rate,1.76,pct,FRED,https://fred.stlouisfed.org/series/DFII10,2026-09-02T09:01:53.702619,daily,A,
2025-10-03,us_10y_real_rate,1.8,pct,FRED,https://fred.stlouisfed.org/series/DFII10,2026-09-02T09:01:53.703620,daily,A,
2025-10-06,us_10y_real_rate,1.84,pct,FRED,https://fred.stlouisfed.org/series/DFII10,2026-09-02T09:01:53.704623,daily,A,
2025-10-07,us_10y_real_rate,1.79,pct,FRED,https://fred.stlouisfed.org/series/DFII10,2026-09-02T09:01:53.704623,daily,A,
2025-10-08,us_10y_real_rate,1.78,pct,FRED,https://fred.stlouisfed.org/series/DFII10,2026-09-02T09:01:53.705622,daily,A,
2025-10-09,us_10y_real_rate,1.8,pct,FRED,https://fred.stlouisfed.org/series/DFII10,2026-09-02T09:01:53.706621,daily,A,
2025-10-10,us_10y_real_rate,1.75,pct,FRED,https://fred.stlouisfed.org/series/DFII10,2026-09-02T09:01:53.706621,daily,A,
2025-10-14,us_10y_real_rate,1.73,pct,FRED,https://fred.stlouisfed.org/series/DFII10,2026-09-02T09:01:53.707620,daily,A,
2025-10-15,us_10y_real_rate,1.76,pct,FRED,https://fred.stlouisfed.org/series/DFII10,2026-09-02T09:01:53.707620,daily,A,
2025-10-16,us_10y_real_rate,1.71,pct,FRED,https://fred.stlouisfed.org/series/DFII10,2026-09-02T09:01:53.708621,daily,A,
2025-10-17,us_10y_real_rate,1.75,pct,FRED,https://fred.stlouisfed.org/series/DFII10,2026-09-02T09:01:53.709622,daily,A,
2025-10-20,us_10y_real_rate,1.74,pct,FRED,https://fred.stlouisfed.org/series/DFII10,2026-09-02T09:01:53.709622,daily,A,
2025-10-21,us_10y_real_rate,1.7,pct,FRED,https://fred.stlouisfed.org/series/DFII10,2026-09-02T09:01:53.710624,daily,A,
2025-10-22,us_10y_real_rate,1.68,pct,FRED,https://fred.stlouisfed.org/series/DFII10,2026-09-02T09:01:53.711138,daily,A,
2025-10-23,us_10y_real_rate,1.71,pct,FRED,https://fred.stlouisfed.org/series/DFII10,2026-09-02T09:01:53.712137,daily,A,
2025-10-24,us_10y_real_rate,1.73,pct,FRED,https://fred.stlouisfed.org/series/DFII10,2026-09-02T09:01:53.712137,daily,A,
2025-10-27,us_10y_real_rate,1.73,pct,FRED,https://fred.stlouisfed.org/series/DFII10,2026-09-02T09:01:53.713139,daily,A,
2025-10-28,us_10y_real_rate,1.71,pct,FRED,https://fred.stlouisfed.org/series/DFII10,2026-09-02T09:01:53.713655,daily,A,
2025-10-29,us_10y_real_rate,1.78,pct,FRED,https://fred.stlouisfed.org/series/DFII10,2026-09-02T09:01:53.714651,daily,A,
2025-10-30,us_10y_real_rate,1.82,pct,FRED,https://fred.stlouisfed.org/series/DFII10,2026-09-02T09:01:53.714651,daily,A,
2025-10-31,us_10y_real_rate,1.81,pct,FRED,https://fred.stlouisfed.org/series/DFII10,2026-09-02T09:01:53.715651,daily,A,
2025-11-03,us_10y_real_rate,1.82,pct,FRED,https://fred.stlouisfed.org/series/DFII10,2026-09-02T09:01:53.715651,daily,A,
2025-11-04,us_10y_real_rate,1.81,pct,FRED,https://fred.stlouisfed.org/series/DFII10,2026-09-02T09:01:53.716662,daily,A,
2025-11-05,us_10y_real_rate,1.87,pct,FRED,https://fred.stlouisfed.org/series/DFII10,2026-09-02T09:01:53.717660,daily,A,
2025-11-06,us_10y_real_rate,1.83,pct,FRED,https://fred.stlouisfed.org/series/DFII10,2026-09-02T09:01:53.717660,daily,A,
2025-11-07,us_10y_real_rate,1.83,pct,FRED,https://fred.stlouisfed.org/series/DFII10,2026-09-02T09:01:53.718663,daily,A,
2025-11-10,us_10y_real_rate,1.84,pct,FRED,https://fred.stlouisfed.org/series/DFII10,2026-09-02T09:01:53.719229,daily,A,
2025-11-12,us_10y_real_rate,1.81,pct,FRED,https://fred.stlouisfed.org/series/DFII10,2026-09-02T09:01:53.720177,daily,A,
2025-11-13,us_10y_real_rate,1.83,pct,FRED,https://fred.stlouisfed.org/series/DFII10,2026-09-02T09:01:53.720177,daily,A,
2025-11-14,us_10y_real_rate,1.86,pct,FRED,https://fred.stlouisfed.org/series/DFII10,2026-09-02T09:01:53.721176,daily,A,
2025-11-17,us_10y_real_rate,1.85,pct,FRED,https://fred.stlouisfed.org/series/DFII10,2026-09-02T09:01:53.721176,daily,A,
2025-11-18,us_10y_real_rate,1.85,pct,FRED,https://fred.stlouisfed.org/series/DFII10,2026-09-02T09:01:53.722627,daily,A,
2025-11-19,us_10y_real_rate,1.86,pct,FRED,https://fred.stlouisfed.org/series/DFII10,2026-09-02T09:01:53.722627,daily,A,
2025-11-20,us_10y_real_rate,1.86,pct,FRED,https://fred.stlouisfed.org/series/DFII10,2026-09-02T09:01:53.723623,daily,A,
2025-11-21,us_10y_real_rate,1.82,pct,FRED,https://fred.stlouisfed.org/series/DFII10,2026-09-02T09:01:53.724624,daily,A,
2025-11-24,us_10y_real_rate,1.81,pct,FRED,https://fred.stlouisfed.org/series/DFII10,2026-09-02T09:01:53.724624,daily,A,
2025-11-25,us_10y_real_rate,1.79,pct,FRED,https://fred.stlouisfed.org/series/DFII10,2026-09-02T09:01:53.725623,daily,A,
2025-11-26,us_10y_real_rate,1.77,pct,FRED,https://fred.stlouisfed.org/series/DFII10,2026-09-02T09:01:53.726626,daily,A,
2025-11-28,us_10y_real_rate,1.79,pct,FRED,https://fred.stlouisfed.org/series/DFII10,2026-09-02T09:01:53.727140,daily,A,
2025-12-01,us_10y_real_rate,1.85,pct,FRED,https://fred.stlouisfed.org/series/DFII10,2026-09-02T09:01:53.727140,daily,A,
2025-12-02,us_10y_real_rate,1.85,pct,FRED,https://fred.stlouisfed.org/series/DFII10,2026-09-02T09:01:53.728140,daily,A,
2025-12-03,us_10y_real_rate,1.82,pct,FRED,https://fred.stlouisfed.org/series/DFII10,2026-09-02T09:01:53.729142,daily,A,
2025-12-04,us_10y_real_rate,1.85,pct,FRED,https://fred.stlouisfed.org/series/DFII10,2026-09-02T09:01:53.729661,daily,A,
2025-12-05,us_10y_real_rate,1.88,pct,FRED,https://fred.stlouisfed.org/series/DFII10,2026-09-02T09:01:53.729661,daily,A,
2025-12-08,us_10y_real_rate,1.91,pct,FRED,https://fred.stlouisfed.org/series/DFII10,2026-09-02T09:01:53.730658,daily,A,
2025-12-09,us_10y_real_rate,1.92,pct,FRED,https://fred.stlouisfed.org/series/DFII10,2026-09-02T09:01:53.730658,daily,A,
2025-12-10,us_10y_real_rate,1.88,pct,FRED,https://fred.stlouisfed.org/series/DFII10,2026-09-02T09:01:53.731657,daily,A,
2025-12-11,us_10y_real_rate,1.89,pct,FRED,https://fred.stlouisfed.org/series/DFII10,2026-09-02T09:01:53.732660,daily,A,
2025-12-12,us_10y_real_rate,1.93,pct,FRED,https://fred.stlouisfed.org/series/DFII10,2026-09-02T09:01:53.733174,daily,A,
2025-12-15,us_10y_real_rate,1.93,pct,FRED,https://fred.stlouisfed.org/series/DFII10,2026-09-02T09:01:53.733174,daily,A,
2025-12-16,us_10y_real_rate,1.92,pct,FRED,https://fred.stlouisfed.org/series/DFII10,2026-09-02T09:01:53.734174,daily,A,
2025-12-17,us_10y_real_rate,1.92,pct,FRED,https://fred.stlouisfed.org/series/DFII10,2026-09-02T09:01:53.735176,daily,A,
2025-12-18,us_10y_real_rate,1.88,pct,FRED,https://fred.stlouisfed.org/series/DFII10,2026-09-02T09:01:53.735697,daily,A,
2025-12-19,us_10y_real_rate,1.92,pct,FRED,https://fred.stlouisfed.org/series/DFII10,2026-09-02T09:01:53.735697,daily,A,
2025-12-22,us_10y_real_rate,1.94,pct,FRED,https://fred.stlouisfed.org/series/DFII10,2026-09-02T09:01:53.736694,daily,A,
2025-12-23,us_10y_real_rate,1.94,pct,FRED,https://fred.stlouisfed.org/series/DFII10,2026-09-02T09:01:53.737694,daily,A,
2025-12-24,us_10y_real_rate,1.91,pct,FRED,https://fred.stlouisfed.org/series/DFII10,2026-09-02T09:01:53.737694,daily,A,
2025-12-26,us_10y_real_rate,1.91,pct,FRED,https://fred.stlouisfed.org/series/DFII10,2026-09-02T09:01:53.738697,daily,A,
2025-12-29,us_10y_real_rate,1.9,pct,FRED,https://fred.stlouisfed.org/series/DFII10,2026-09-02T09:01:53.738697,daily,A,
2025-12-30,us_10y_real_rate,1.9,pct,FRED,https://fred.stlouisfed.org/series/DFII10,2026-09-02T09:01:53.739697,daily,A,
2025-12-31,us_10y_real_rate,1.93,pct,FRED,https://fred.stlouisfed.org/series/DFII10,2026-09-02T09:01:53.740697,daily,A,
2026-01-02,us_10y_real_rate,1.94,pct,FRED,https://fred.stlouisfed.org/series/DFII10,2026-09-02T09:01:53.740697,daily,A,
2026-01-05,us_10y_real_rate,1.91,pct,FRED,https://fred.stlouisfed.org/series/DFII10,2026-09-02T09:01:53.741698,daily,A,
2026-01-06,us_10y_real_rate,1.91,pct,FRED,https://fred.stlouisfed.org/series/DFII10,2026-09-02T09:01:53.742211,daily,A,
2026-01-07,us_10y_real_rate,1.88,pct,FRED,https://fred.stlouisfed.org/series/DFII10,2026-09-02T09:01:53.743210,daily,A,
2026-01-08,us_10y_real_rate,1.92,pct,FRED,https://fred.stlouisfed.org/series/DFII10,2026-09-02T09:01:53.743210,daily,A,
2026-01-09,us_10y_real_rate,1.9,pct,FRED,https://fred.stlouisfed.org/series/DFII10,2026-09-02T09:01:53.744213,daily,A,
2026-01-12,us_10y_real_rate,1.9,pct,FRED,https://fred.stlouisfed.org/series/DFII10,2026-09-02T09:01:53.744728,daily,A,
2026-01-13,us_10y_real_rate,1.88,pct,FRED,https://fred.stlouisfed.org/series/DFII10,2026-09-02T09:01:53.745727,daily,A,
2026-01-14,us_10y_real_rate,1.86,pct,FRED,https://fred.stlouisfed.org/series/DFII10,2026-09-02T09:01:53.745727,daily,A,
2026-01-15,us_10y_real_rate,1.88,pct,FRED,https://fred.stlouisfed.org/series/DFII10,2026-09-02T09:01:53.746729,daily,A,
2026-01-16,us_10y_real_rate,1.91,pct,FRED,https://fred.stlouisfed.org/series/DFII10,2026-09-02T09:01:53.747242,daily,A,
2026-01-20,us_10y_real_rate,1.97,pct,FRED,https://fred.stlouisfed.org/series/DFII10,2026-09-02T09:01:53.747242,daily,A,
2026-01-21,us_10y_real_rate,1.92,pct,FRED,https://fred.stlouisfed.org/series/DFII10,2026-09-02T09:01:53.748242,daily,A,
2026-01-22,us_10y_real_rate,1.95,pct,FRED,https://fred.stlouisfed.org/series/DFII10,2026-09-02T09:01:53.749252,daily,A,
2026-01-23,us_10y_real_rate,1.92,pct,FRED,https://fred.stlouisfed.org/series/DFII10,2026-09-02T09:01:53.749252,daily,A,
2026-01-26,us_10y_real_rate,1.9,pct,FRED,https://fred.stlouisfed.org/series/DFII10,2026-09-02T09:01:53.750251,daily,A,
2026-01-27,us_10y_real_rate,1.9,pct,FRED,https://fred.stlouisfed.org/series/DFII10,2026-09-02T09:01:53.751670,daily,A,
2026-01-28,us_10y_real_rate,1.9,pct,FRED,https://fred.stlouisfed.org/series/DFII10,2026-09-02T09:01:53.752185,daily,A,
2026-01-29,us_10y_real_rate,1.89,pct,FRED,https://fred.stlouisfed.org/series/DFII10,2026-09-02T09:01:53.752710,daily,A,
2026-01-30,us_10y_real_rate,1.9,pct,FRED,https://fred.stlouisfed.org/series/DFII10,2026-09-02T09:01:53.753749,daily,A,
2026-02-02,us_10y_real_rate,1.94,pct,FRED,https://fred.stlouisfed.org/series/DFII10,2026-09-02T09:01:53.754286,daily,A,
2026-02-03,us_10y_real_rate,1.92,pct,FRED,https://fred.stlouisfed.org/series/DFII10,2026-09-02T09:01:53.754818,daily,A,
2026-02-04,us_10y_real_rate,1.94,pct,FRED,https://fred.stlouisfed.org/series/DFII10,2026-09-02T09:01:53.755339,daily,A,
2026-02-05,us_10y_real_rate,1.89,pct,FRED,https://fred.stlouisfed.org/series/DFII10,2026-09-02T09:01:53.756403,daily,A,
2026-02-06,us_10y_real_rate,1.88,pct,FRED,https://fred.stlouisfed.org/series/DFII10,2026-09-02T09:01:53.756955,daily,A,
2026-02-09,us_10y_real_rate,1.87,pct,FRED,https://fred.stlouisfed.org/series/DFII10,2026-09-02T09:01:53.757475,daily,A,
2026-02-10,us_10y_real_rate,1.84,pct,FRED,https://fred.stlouisfed.org/series/DFII10,2026-09-02T09:01:53.758000,daily,A,
2026-02-11,us_10y_real_rate,1.86,pct,FRED,https://fred.stlouisfed.org/series/DFII10,2026-09-02T09:01:53.759137,daily,A,
2026-02-12,us_10y_real_rate,1.8,pct,FRED,https://fred.stlouisfed.org/series/DFII10,2026-09-02T09:01:53.759656,daily,A,
2026-02-13,us_10y_real_rate,1.77,pct,FRED,https://fred.stlouisfed.org/series/DFII10,2026-09-02T09:01:53.760236,daily,A,
2026-02-17,us_10y_real_rate,1.79,pct,FRED,https://fred.stlouisfed.org/series/DFII10,2026-09-02T09:01:53.760759,daily,A,
2026-02-18,us_10y_real_rate,1.8,pct,FRED,https://fred.stlouisfed.org/series/DFII10,2026-09-02T09:01:53.761301,daily,A,
2026-02-19,us_10y_real_rate,1.79,pct,FRED,https://fred.stlouisfed.org/series/DFII10,2026-09-02T09:01:53.762386,daily,A,
2026-02-20,us_10y_real_rate,1.8,pct,FRED,https://fred.stlouisfed.org/series/DFII10,2026-09-02T09:01:53.762917,daily,A,
2026-02-23,us_10y_real_rate,1.77,pct,FRED,https://fred.stlouisfed.org/series/DFII10,2026-09-02T09:01:53.763468,daily,A,
2026-02-24,us_10y_real_rate,1.78,pct,FRED,https://fred.stlouisfed.org/series/DFII10,2026-09-02T09:01:53.764510,daily,A,
2026-02-25,us_10y_real_rate,1.77,pct,FRED,https://fred.stlouisfed.org/series/DFII10,2026-09-02T09:01:53.765076,daily,A,
2026-02-26,us_10y_real_rate,1.74,pct,FRED,https://fred.stlouisfed.org/series/DFII10,2026-09-02T09:01:53.765681,daily,A,
2026-02-27,us_10y_real_rate,1.72,pct,FRED,https://fred.stlouisfed.org/series/DFII10,2026-09-02T09:01:53.766206,daily,A,
2026-03-02,us_10y_real_rate,1.76,pct,FRED,https://fred.stlouisfed.org/series/DFII10,2026-09-02T09:01:53.766733,daily,A,
2026-03-03,us_10y_real_rate,1.77,pct,FRED,https://fred.stlouisfed.org/series/DFII10,2026-09-02T09:01:53.767733,daily,A,
2026-03-04,us_10y_real_rate,1.8,pct,FRED,https://fred.stlouisfed.org/series/DFII10,2026-09-02T09:01:53.767733,daily,A,
2026-03-05,us_10y_real_rate,1.82,pct,FRED,https://fred.stlouisfed.org/series/DFII10,2026-09-02T09:01:53.768797,daily,A,
2026-03-06,us_10y_real_rate,1.8,pct,FRED,https://fred.stlouisfed.org/series/DFII10,2026-09-02T09:01:53.769846,daily,A,
2026-03-09,us_10y_real_rate,1.78,pct,FRED,https://fred.stlouisfed.org/series/DFII10,2026-09-02T09:01:53.769872,daily,A,
2026-03-10,us_10y_real_rate,1.82,pct,FRED,https://fred.stlouisfed.org/series/DFII10,2026-09-02T09:01:53.770865,daily,A,
2026-03-11,us_10y_real_rate,1.85,pct,FRED,https://fred.stlouisfed.org/series/DFII10,2026-09-02T09:01:53.771874,daily,A,
2026-03-12,us_10y_real_rate,1.89,pct,FRED,https://fred.stlouisfed.org/series/DFII10,2026-09-02T09:01:53.772412,daily,A,
2026-03-13,us_10y_real_rate,1.92,pct,FRED,https://fred.stlouisfed.org/series/DFII10,2026-09-02T09:01:53.773410,daily,A,
2026-03-16,us_10y_real_rate,1.87,pct,FRED,https://fred.stlouisfed.org/series/DFII10,2026-09-02T09:01:53.773410,daily,A,
2026-03-17,us_10y_real_rate,1.83,pct,FRED,https://fred.stlouisfed.org/series/DFII10,2026-09-02T09:01:53.774405,daily,A,
2026-03-18,us_10y_real_rate,1.86,pct,FRED,https://fred.stlouisfed.org/series/DFII10,2026-09-02T09:01:53.775404,daily,A,
2026-03-19,us_10y_real_rate,1.88,pct,FRED,https://fred.stlouisfed.org/series/DFII10,2026-09-02T09:01:53.775404,daily,A,
2026-03-20,us_10y_real_rate,2.01,pct,FRED,https://fred.stlouisfed.org/series/DFII10,2026-09-02T09:01:53.776408,daily,A,
2026-03-23,us_10y_real_rate,2.01,pct,FRED,https://fred.stlouisfed.org/series/DFII10,2026-09-02T09:01:53.776924,daily,A,
2026-03-24,us_10y_real_rate,2.06,pct,FRED,https://fred.stlouisfed.org/series/DFII10,2026-09-02T09:01:53.777924,daily,A,
2026-03-25,us_10y_real_rate,2.02,pct,FRED,https://fred.stlouisfed.org/series/DFII10,2026-09-02T09:01:53.777924,daily,A,
2026-03-26,us_10y_real_rate,2.08,pct,FRED,https://fred.stlouisfed.org/series/DFII10,2026-09-02T09:01:53.778926,daily,A,
2026-03-27,us_10y_real_rate,2.13,pct,FRED,https://fred.stlouisfed.org/series/DFII10,2026-09-02T09:01:53.779445,daily,A,
2026-03-30,us_10y_real_rate,2.04,pct,FRED,https://fred.stlouisfed.org/series/DFII10,2026-09-02T09:01:53.780445,daily,A,
2026-03-31,us_10y_real_rate,2.0,pct,FRED,https://fred.stlouisfed.org/series/DFII10,2026-09-02T09:01:53.780445,daily,A,
2026-04-01,us_10y_real_rate,2.02,pct,FRED,https://fred.stlouisfed.org/series/DFII10,2026-09-02T09:01:53.781971,daily,A,
2026-04-02,us_10y_real_rate,1.97,pct,FRED,https://fred.stlouisfed.org/series/DFII10,2026-09-02T09:01:53.782964,daily,A,
2026-04-03,us_10y_real_rate,1.99,pct,FRED,https://fred.stlouisfed.org/series/DFII10,2026-09-02T09:01:53.782964,daily,A,
2026-04-06,us_10y_real_rate,1.98,pct,FRED,https://fred.stlouisfed.org/series/DFII10,2026-09-02T09:01:53.783963,daily,A,
2026-04-07,us_10y_real_rate,1.96,pct,FRED,https://fred.stlouisfed.org/series/DFII10,2026-09-02T09:01:53.784966,daily,A,
2026-04-08,us_10y_real_rate,1.96,pct,FRED,https://fred.stlouisfed.org/series/DFII10,2026-09-02T09:01:53.785482,daily,A,
2026-04-09,us_10y_real_rate,1.95,pct,FRED,https://fred.stlouisfed.org/series/DFII10,2026-09-02T09:01:53.786482,daily,A,
2026-04-10,us_10y_real_rate,1.95,pct,FRED,https://fred.stlouisfed.org/series/DFII10,2026-09-02T09:01:53.786482,daily,A,
2026-04-13,us_10y_real_rate,1.92,pct,FRED,https://fred.stlouisfed.org/series/DFII10,2026-09-02T09:01:53.787482,daily,A,
2026-04-14,us_10y_real_rate,1.89,pct,FRED,https://fred.stlouisfed.org/series/DFII10,2026-09-02T09:01:53.788485,daily,A,
2026-04-15,us_10y_real_rate,1.9,pct,FRED,https://fred.stlouisfed.org/series/DFII10,2026-09-02T09:01:53.788485,daily,A,
2026-04-16,us_10y_real_rate,1.93,pct,FRED,https://fred.stlouisfed.org/series/DFII10,2026-09-02T09:01:53.789486,daily,A,
2026-04-17,us_10y_real_rate,1.9,pct,FRED,https://fred.stlouisfed.org/series/DFII10,2026-09-02T09:01:53.790483,daily,A,
2026-04-20,us_10y_real_rate,1.91,pct,FRED,https://fred.stlouisfed.org/series/DFII10,2026-09-02T09:01:53.790483,daily,A,
2026-04-21,us_10y_real_rate,1.92,pct,FRED,https://fred.stlouisfed.org/series/DFII10,2026-09-02T09:01:53.791483,daily,A,
2026-04-22,us_10y_real_rate,1.92,pct,FRED,https://fred.stlouisfed.org/series/DFII10,2026-09-02T09:01:53.792485,daily,A,
2026-04-23,us_10y_real_rate,1.92,pct,FRED,https://fred.stlouisfed.org/series/DFII10,2026-09-02T09:01:53.793485,daily,A,
2026-04-24,us_10y_real_rate,1.89,pct,FRED,https://fred.stlouisfed.org/series/DFII10,2026-09-02T09:01:53.794005,daily,A,
2026-04-27,us_10y_real_rate,1.91,pct,FRED,https://fred.stlouisfed.org/series/DFII10,2026-09-02T09:01:53.794005,daily,A,
2026-04-28,us_10y_real_rate,1.92,pct,FRED,https://fred.stlouisfed.org/series/DFII10,2026-09-02T09:01:53.795002,daily,A,
2026-04-29,us_10y_real_rate,1.96,pct,FRED,https://fred.stlouisfed.org/series/DFII10,2026-09-02T09:01:53.796001,daily,A,
2026-04-30,us_10y_real_rate,1.94,pct,FRED,https://fred.stlouisfed.org/series/DFII10,2026-09-02T09:01:53.796001,daily,A,
2026-05-01,us_10y_real_rate,1.91,pct,FRED,https://fred.stlouisfed.org/series/DFII10,2026-09-02T09:01:53.797526,daily,A,
2026-05-04,us_10y_real_rate,1.95,pct,FRED,https://fred.stlouisfed.org/series/DFII10,2026-09-02T09:01:53.797526,daily,A,
2026-05-05,us_10y_real_rate,1.96,pct,FRED,https://fred.stlouisfed.org/series/DFII10,2026-09-02T09:01:53.798524,daily,A,
2026-05-06,us_10y_real_rate,1.94,pct,FRED,https://fred.stlouisfed.org/series/DFII10,2026-09-02T09:01:53.799562,daily,A,
2026-05-07,us_10y_real_rate,1.96,pct,FRED,https://fred.stlouisfed.org/series/DFII10,2026-09-02T09:01:53.800084,daily,A,
2026-05-08,us_10y_real_rate,1.93,pct,FRED,https://fred.stlouisfed.org/series/DFII10,2026-09-02T09:01:53.800624,daily,A,
2026-05-11,us_10y_real_rate,1.95,pct,FRED,https://fred.stlouisfed.org/series/DFII10,2026-09-02T09:01:53.801660,daily,A,
2026-05-12,us_10y_real_rate,1.99,pct,FRED,https://fred.stlouisfed.org/series/DFII10,2026-09-02T09:01:53.802185,daily,A,
2026-05-13,us_10y_real_rate,1.99,pct,FRED,https://fred.stlouisfed.org/series/DFII10,2026-09-02T09:01:53.802713,daily,A,
2026-05-14,us_10y_real_rate,2.0,pct,FRED,https://fred.stlouisfed.org/series/DFII10,2026-09-02T09:01:53.803771,daily,A,
2026-05-15,us_10y_real_rate,2.1,pct,FRED,https://fred.stlouisfed.org/series/DFII10,2026-09-02T09:01:53.804827,daily,A,
2026-05-18,us_10y_real_rate,2.13,pct,FRED,https://fred.stlouisfed.org/series/DFII10,2026-09-02T09:01:53.805884,daily,A,
2026-05-19,us_10y_real_rate,2.18,pct,FRED,https://fred.stlouisfed.org/series/DFII10,2026-09-02T09:01:53.806936,daily,A,
2026-05-20,us_10y_real_rate,2.13,pct,FRED,https://fred.stlouisfed.org/series/DFII10,2026-09-02T09:01:53.807981,daily,A,
2026-05-21,us_10y_real_rate,2.18,pct,FRED,https://fred.stlouisfed.org/series/DFII10,2026-09-02T09:01:53.808534,daily,A,
2026-05-22,us_10y_real_rate,2.16,pct,FRED,https://fred.stlouisfed.org/series/DFII10,2026-09-02T09:01:53.809067,daily,A,
2026-05-26,us_10y_real_rate,2.1,pct,FRED,https://fred.stlouisfed.org/series/DFII10,2026-09-02T09:01:53.810129,daily,A,
2026-05-27,us_10y_real_rate,2.09,pct,FRED,https://fred.stlouisfed.org/series/DFII10,2026-09-02T09:01:53.810129,daily,A,
2026-05-28,us_10y_real_rate,2.06,pct,FRED,https://fred.stlouisfed.org/series/DFII10,2026-09-02T09:01:53.811122,daily,A,
2026-05-29,us_10y_real_rate,2.07,pct,FRED,https://fred.stlouisfed.org/series/DFII10,2026-09-02T09:01:53.812122,daily,A,
2026-06-01,us_10y_real_rate,2.07,pct,FRED,https://fred.stlouisfed.org/series/DFII10,2026-09-02T09:01:53.812122,daily,A,
2026-06-02,us_10y_real_rate,2.07,pct,FRED,https://fred.stlouisfed.org/series/DFII10,2026-09-02T09:01:53.813647,daily,A,
2026-06-03,us_10y_real_rate,2.11,pct,FRED,https://fred.stlouisfed.org/series/DFII10,2026-09-02T09:01:53.813647,daily,A,
2026-06-04,us_10y_real_rate,2.11,pct,FRED,https://fred.stlouisfed.org/series/DFII10,2026-09-02T09:01:53.814646,daily,A,
2026-06-05,us_10y_real_rate,2.19,pct,FRED,https://fred.stlouisfed.org/series/DFII10,2026-09-02T09:01:53.815897,daily,A,
2026-06-08,us_10y_real_rate,2.21,pct,FRED,https://fred.stlouisfed.org/series/DFII10,2026-09-02T09:01:53.816420,daily,A,
2026-06-09,us_10y_real_rate,2.2,pct,FRED,https://fred.stlouisfed.org/series/DFII10,2026-09-02T09:01:53.816937,daily,A,
2026-06-10,us_10y_real_rate,2.21,pct,FRED,https://fred.stlouisfed.org/series/DFII10,2026-09-02T09:01:53.817936,daily,A,
2026-06-11,us_10y_real_rate,2.16,pct,FRED,https://fred.stlouisfed.org/series/DFII10,2026-09-02T09:01:53.817936,daily,A,
2026-06-12,us_10y_real_rate,2.17,pct,FRED,https://fred.stlouisfed.org/series/DFII10,2026-09-02T09:01:53.818938,daily,A,
2026-06-15,us_10y_real_rate,2.15,pct,FRED,https://fred.stlouisfed.org/series/DFII10,2026-09-02T09:01:53.819455,daily,A,
2026-06-16,us_10y_real_rate,2.14,pct,FRED,https://fred.stlouisfed.org/series/DFII10,2026-09-02T09:01:53.820454,daily,A,
2026-06-17,us_10y_real_rate,2.23,pct,FRED,https://fred.stlouisfed.org/series/DFII10,2026-09-02T09:01:53.820454,daily,A,
2026-06-18,us_10y_real_rate,2.21,pct,FRED,https://fred.stlouisfed.org/series/DFII10,2026-09-02T09:01:53.821456,daily,A,
2026-06-22,us_10y_real_rate,2.28,pct,FRED,https://fred.stlouisfed.org/series/DFII10,2026-09-02T09:01:53.821456,daily,A,
2026-06-23,us_10y_real_rate,2.29,pct,FRED,https://fred.stlouisfed.org/series/DFII10,2026-09-02T09:01:53.822457,daily,A,
2026-06-24,us_10y_real_rate,2.23,pct,FRED,https://fred.stlouisfed.org/series/DFII10,2026-09-02T09:01:53.823454,daily,A,
2026-06-25,us_10y_real_rate,2.19,pct,FRED,https://fred.stlouisfed.org/series/DFII10,2026-09-02T09:01:53.823454,daily,A,
2026-06-26,us_10y_real_rate,2.18,pct,FRED,https://fred.stlouisfed.org/series/DFII10,2026-09-02T09:01:53.824454,daily,A,
2026-06-29,us_10y_real_rate,2.16,pct,FRED,https://fred.stlouisfed.org/series/DFII10,2026-09-02T09:01:53.825454,daily,A,
2026-06-30,us_10y_real_rate,2.2,pct,FRED,https://fred.stlouisfed.org/series/DFII10,2026-09-02T09:01:53.825454,daily,A,
2026-07-01,us_10y_real_rate,2.25,pct,FRED,https://fred.stlouisfed.org/series/DFII10,2026-09-02T09:01:53.826452,daily,A,
2026-07-02,us_10y_real_rate,2.26,pct,FRED,https://fred.stlouisfed.org/series/DFII10,2026-09-02T09:01:53.826452,daily,A,
2026-07-06,us_10y_real_rate,2.24,pct,FRED,https://fred.stlouisfed.org/series/DFII10,2026-09-02T09:01:53.827969,daily,A,
2026-07-07,us_10y_real_rate,2.3,pct,FRED,https://fred.stlouisfed.org/series/DFII10,2026-09-02T09:01:53.827969,daily,A,
2026-07-08,us_10y_real_rate,2.31,pct,FRED,https://fred.stlouisfed.org/series/DFII10,2026-09-02T09:01:53.828968,daily,A,
2026-07-09,us_10y_real_rate,2.31,pct,FRED,https://fred.stlouisfed.org/series/DFII10,2026-09-02T09:01:53.828968,daily,A,
2026-07-10,us_10y_real_rate,2.32,pct,FRED,https://fred.stlouisfed.org/series/DFII10,2026-09-02T09:01:53.830497,daily,A,
2026-07-13,us_10y_real_rate,2.36,pct,FRED,https://fred.stlouisfed.org/series/DFII10,2026-09-02T09:01:53.830497,daily,A,
2026-07-14,us_10y_real_rate,2.33,pct,FRED,https://fred.stlouisfed.org/series/DFII10,2026-09-02T09:01:53.831491,daily,A,
2026-07-15,us_10y_real_rate,2.32,pct,FRED,https://fred.stlouisfed.org/series/DFII10,2026-09-02T09:01:53.831491,daily,A,
2026-07-16,us_10y_real_rate,2.35,pct,FRED,https://fred.stlouisfed.org/series/DFII10,2026-09-02T09:01:53.832490,daily,A,
2026-07-17,us_10y_real_rate,2.31,pct,FRED,https://fred.stlouisfed.org/series/DFII10,2026-09-02T09:01:53.833493,daily,A,
2026-07-20,us_10y_real_rate,2.35,pct,FRED,https://fred.stlouisfed.org/series/DFII10,2026-09-02T09:01:53.834008,daily,A,
2026-07-21,us_10y_real_rate,2.37,pct,FRED,https://fred.stlouisfed.org/series/DFII10,2026-09-02T09:01:53.834008,daily,A,
2026-07-22,us_10y_real_rate,2.39,pct,FRED,https://fred.stlouisfed.org/series/DFII10,2026-09-02T09:01:53.835006,daily,A,
2026-07-23,us_10y_real_rate,2.43,pct,FRED,https://fred.stlouisfed.org/series/DFII10,2026-09-02T09:01:53.836009,daily,A,
2026-07-24,us_10y_real_rate,2.43,pct,FRED,https://fred.stlouisfed.org/series/DFII10,2026-09-02T09:01:53.836528,daily,A,
2026-07-27,us_10y_real_rate,2.44,pct,FRED,https://fred.stlouisfed.org/series/DFII10,2026-09-02T09:01:53.836528,daily,A,
2026-07-28,us_10y_real_rate,2.41,pct,FRED,https://fred.stlouisfed.org/series/DFII10,2026-09-02T09:01:53.837527,daily,A,
2026-07-29,us_10y_real_rate,2.41,pct,FRED,https://fred.stlouisfed.org/series/DFII10,2026-09-02T09:01:53.838527,daily,A,
2026-07-30,us_10y_real_rate,2.41,pct,FRED,https://fred.stlouisfed.org/series/DFII10,2026-09-02T09:01:53.838527,daily,A,
2026-07-31,us_10y_real_rate,2.47,pct,FRED,https://fred.stlouisfed.org/series/DFII10,2026-09-02T09:01:53.839530,daily,A,
2026-08-03,us_10y_real_rate,2.43,pct,FRED,https://fred.stlouisfed.org/series/DFII10,2026-09-02T09:01:53.839530,daily,A,
2026-08-04,us_10y_real_rate,2.4,pct,FRED,https://fred.stlouisfed.org/series/DFII10,2026-09-02T09:01:53.840528,daily,A,
2026-08-05,us_10y_real_rate,2.41,pct,FRED,https://fred.stlouisfed.org/series/DFII10,2026-09-02T09:01:53.841527,daily,A,
2026-08-06,us_10y_real_rate,2.43,pct,FRED,https://fred.stlouisfed.org/series/DFII10,2026-09-02T09:01:53.841527,daily,A,
2026-08-07,us_10y_real_rate,2.4,pct,FRED,https://fred.stlouisfed.org/series/DFII10,2026-09-02T09:01:53.842530,daily,A,
2026-08-10,us_10y_real_rate,2.43,pct,FRED,https://fred.stlouisfed.org/series/DFII10,2026-09-02T09:01:53.843042,daily,A,
2026-08-11,us_10y_real_rate,2.43,pct,FRED,https://fred.stlouisfed.org/series/DFII10,2026-09-02T09:01:53.844042,daily,A,
2026-08-12,us_10y_real_rate,2.42,pct,FRED,https://fred.stlouisfed.org/series/DFII10,2026-09-02T09:01:53.844042,daily,A,
2026-08-13,us_10y_real_rate,2.39,pct,FRED,https://fred.stlouisfed.org/series/DFII10,2026-09-02T09:01:53.845045,daily,A,
2026-08-14,us_10y_real_rate,2.41,pct,FRED,https://fred.stlouisfed.org/series/DFII10,2026-09-02T09:01:53.845563,daily,A,
2026-08-17,us_10y_real_rate,2.44,pct,FRED,https://fred.stlouisfed.org/series/DFII10,2026-09-02T09:01:53.846560,daily,A,
2026-08-18,us_10y_real_rate,2.41,pct,FRED,https://fred.stlouisfed.org/series/DFII10,2026-09-02T09:01:53.846560,daily,A,
2026-08-19,us_10y_real_rate,2.35,pct,FRED,https://fred.stlouisfed.org/series/DFII10,2026-09-02T09:01:53.847563,daily,A,
2026-08-20,us_10y_real_rate,2.35,pct,FRED,https://fred.stlouisfed.org/series/DFII10,2026-09-02T09:01:53.848075,daily,A,
2026-08-21,us_10y_real_rate,2.4,pct,FRED,https://fred.stlouisfed.org/series/DFII10,2026-09-02T09:01:53.849075,daily,A,
2026-08-24,us_10y_real_rate,2.38,pct,FRED,https://fred.stlouisfed.org/series/DFII10,2026-09-02T09:01:53.849075,daily,A,
2026-08-25,us_10y_real_rate,2.32,pct,FRED,https://fred.stlouisfed.org/series/DFII10,2026-09-02T09:01:53.850078,daily,A,
2026-08-26,us_10y_real_rate,2.34,pct,FRED,https://fred.stlouisfed.org/series/DFII10,2026-09-02T09:01:53.850594,daily,A,
2026-08-27,us_10y_real_rate,2.34,pct,FRED,https://fred.stlouisfed.org/series/DFII10,2026-09-02T09:01:53.850594,daily,A,
2026-08-28,us_10y_real_rate,2.42,pct,FRED,https://fred.stlouisfed.org/series/DFII10,2026-09-02T09:01:53.851592,daily,A,
2026-08-31,us_10y_real_rate,2.44,pct,FRED,https://fred.stlouisfed.org/series/DFII10,2026-09-02T09:01:53.852596,daily,A,
2024-07-01,us_core_pce_yoy,2.806216333768276,pct,FRED,https://fred.stlouisfed.org/series/PCEPILFE,2026-09-02T09:01:59.119867,monthly,A,US core PCE (ex food & energy) SA YoY from FRED PCEPILFE (Fed preferred)
2024-08-01,us_core_pce_yoy,2.8732799171185377,pct,FRED,https://fred.stlouisfed.org/series/PCEPILFE,2026-09-02T09:01:59.119867,monthly,A,US core PCE (ex food & energy) SA YoY from FRED PCEPILFE (Fed preferred)
2024-09-01,us_core_pce_yoy,2.838627996468375,pct,FRED,https://fred.stlouisfed.org/series/PCEPILFE,2026-09-02T09:01:59.119867,monthly,A,US core PCE (ex food & energy) SA YoY from FRED PCEPILFE (Fed preferred)
2024-10-01,us_core_pce_yoy,2.9865021082658956,pct,FRED,https://fred.stlouisfed.org/series/PCEPILFE,2026-09-02T09:01:59.119867,monthly,A,US core PCE (ex food & energy) SA YoY from FRED PCEPILFE (Fed preferred)
2024-11-01,us_core_pce_yoy,2.9807101201256216,pct,FRED,https://fred.stlouisfed.org/series/PCEPILFE,2026-09-02T09:01:59.119867,monthly,A,US core PCE (ex food & energy) SA YoY from FRED PCEPILFE (Fed preferred)
2024-12-01,us_core_pce_yoy,2.988589624519051,pct,FRED,https://fred.stlouisfed.org/series/PCEPILFE,2026-09-02T09:01:59.120867,monthly,A,US core PCE (ex food & energy) SA YoY from FRED PCEPILFE (Fed preferred)
2025-01-01,us_core_pce_yoy,2.7801380994415155,pct,FRED,https://fred.stlouisfed.org/series/PCEPILFE,2026-09-02T09:01:59.120867,monthly,A,US core PCE (ex food & energy) SA YoY from FRED PCEPILFE (Fed preferred)
2025-02-01,us_core_pce_yoy,2.968643293811752,pct,FRED,https://fred.stlouisfed.org/series/PCEPILFE,2026-09-02T09:01:59.120867,monthly,A,US core PCE (ex food & energy) SA YoY from FRED PCEPILFE (Fed preferred)
2025-03-01,us_core_pce_yoy,2.670294814316975,pct,FRED,https://fred.stlouisfed.org/series/PCEPILFE,2026-09-02T09:01:59.120867,monthly,A,US core PCE (ex food & energy) SA YoY from FRED PCEPILFE (Fed preferred)
2025-04-01,us_core_pce_yoy,2.6147959183673493,pct,FRED,https://fred.stlouisfed.org/series/PCEPILFE,2026-09-02T09:01:59.120867,monthly,A,US core PCE (ex food & energy) SA YoY from FRED PCEPILFE (Fed preferred)
2025-05-01,us_core_pce_yoy,2.7838833824959295,pct,FRED,https://fred.stlouisfed.org/series/PCEPILFE,2026-09-02T09:01:59.120867,monthly,A,US core PCE (ex food & energy) SA YoY from FRED PCEPILFE (Fed preferred)
2025-06-01,us_core_pce_yoy,2.8073722050587975,pct,FRED,https://fred.stlouisfed.org/series/PCEPILFE,2026-09-02T09:01:59.120867,monthly,A,US core PCE (ex food & energy) SA YoY from FRED PCEPILFE (Fed preferred)
2025-07-01,us_core_pce_yoy,2.863047245567941,pct,FRED,https://fred.stlouisfed.org/series/PCEPILFE,2026-09-02T09:01:59.120867,monthly,A,US core PCE (ex food & energy) SA YoY from FRED PCEPILFE (Fed preferred)
2025-08-01,us_core_pce_yoy,2.9124163472159097,pct,FRED,https://fred.stlouisfed.org/series/PCEPILFE,2026-09-02T09:01:59.121869,monthly,A,US core PCE (ex food & energy) SA YoY from FRED PCEPILFE (Fed preferred)
2025-09-01,us_core_pce_yoy,2.825069249833973,pct,FRED,https://fred.stlouisfed.org/series/PCEPILFE,2026-09-02T09:01:59.121869,monthly,A,US core PCE (ex food & energy) SA YoY from FRED PCEPILFE (Fed preferred)
2025-10-01,us_core_pce_yoy,2.7545384068738343,pct,FRED,https://fred.stlouisfed.org/series/PCEPILFE,2026-09-02T09:01:59.121869,monthly,A,US core PCE (ex food & energy) SA YoY from FRED PCEPILFE (Fed preferred)
2025-11-01,us_core_pce_yoy,2.829092786499075,pct,FRED,https://fred.stlouisfed.org/series/PCEPILFE,2026-09-02T09:01:59.121869,monthly,A,US core PCE (ex food & energy) SA YoY from FRED PCEPILFE (Fed preferred)
2025-12-01,us_core_pce_yoy,2.971110180682146,pct,FRED,https://fred.stlouisfed.org/series/PCEPILFE,2026-09-02T09:01:59.121869,monthly,A,US core PCE (ex food & energy) SA YoY from FRED PCEPILFE (Fed preferred)
2026-01-01,us_core_pce_yoy,3.104657789335974,pct,FRED,https://fred.stlouisfed.org/series/PCEPILFE,2026-09-02T09:01:59.121869,monthly,A,US core PCE (ex food & energy) SA YoY from FRED PCEPILFE (Fed preferred)
2026-02-01,us_core_pce_yoy,3.0492628550881022,pct,FRED,https://fred.stlouisfed.org/series/PCEPILFE,2026-09-02T09:01:59.121869,monthly,A,US core PCE (ex food & energy) SA YoY from FRED PCEPILFE (Fed preferred)
2026-03-01,us_core_pce_yoy,3.253849776876592,pct,FRED,https://fred.stlouisfed.org/series/PCEPILFE,2026-09-02T09:01:59.121869,monthly,A,US core PCE (ex food & energy) SA YoY from FRED PCEPILFE (Fed preferred)
2026-04-01,us_core_pce_yoy,3.3298274131089727,pct,FRED,https://fred.stlouisfed.org/series/PCEPILFE,2026-09-02T09:01:59.121869,monthly,A,US core PCE (ex food & energy) SA YoY from FRED PCEPILFE (Fed preferred)
2026-05-01,us_core_pce_yoy,3.463709356864598,pct,FRED,https://fred.stlouisfed.org/series/PCEPILFE,2026-09-02T09:01:59.121869,monthly,A,US core PCE (ex food & energy) SA YoY from FRED PCEPILFE (Fed preferred)
2026-06-01,us_core_pce_yoy,3.343614465473621,pct,FRED,https://fred.stlouisfed.org/series/PCEPILFE,2026-09-02T09:01:59.121869,monthly,A,US core PCE (ex food & energy) SA YoY from FRED PCEPILFE (Fed preferred)
2026-07-01,us_core_pce_yoy,3.3441430040338247,pct,FRED,https://fred.stlouisfed.org/series/PCEPILFE,2026-09-02T09:01:59.122871,monthly,A,US core PCE (ex food & energy) SA YoY from FRED PCEPILFE (Fed preferred)
2024-07-01,us_cpi_yoy,2.8947531984913013,pct,FRED,https://fred.stlouisfed.org/series/CPIAUCNS,2026-09-02T09:01:56.493093,monthly,A,US CPI-U NSA YoY from FRED CPIAUCNS (matches BLS headline 12-month change)
2024-08-01,us_cpi_yoy,2.530730296456966,pct,FRED,https://fred.stlouisfed.org/series/CPIAUCNS,2026-09-02T09:01:56.493604,monthly,A,US CPI-U NSA YoY from FRED CPIAUCNS (matches BLS headline 12-month change)
2024-09-01,us_cpi_yoy,2.4406330310699786,pct,FRED,https://fred.stlouisfed.org/series/CPIAUCNS,2026-09-02T09:01:56.493623,monthly,A,US CPI-U NSA YoY from FRED CPIAUCNS (matches BLS headline 12-month change)
2024-10-01,us_cpi_yoy,2.597904904914671,pct,FRED,https://fred.stlouisfed.org/series/CPIAUCNS,2026-09-02T09:01:56.493623,monthly,A,US CPI-U NSA YoY from FRED CPIAUCNS (matches BLS headline 12-month change)
2024-11-01,us_cpi_yoy,2.749380396090558,pct,FRED,https://fred.stlouisfed.org/series/CPIAUCNS,2026-09-02T09:01:56.493623,monthly,A,US CPI-U NSA YoY from FRED CPIAUCNS (matches BLS headline 12-month change)
2024-12-01,us_cpi_yoy,2.8880572199800696,pct,FRED,https://fred.stlouisfed.org/series/CPIAUCNS,2026-09-02T09:01:56.493623,monthly,A,US CPI-U NSA YoY from FRED CPIAUCNS (matches BLS headline 12-month change)
2025-01-01,us_cpi_yoy,3.000483112150107,pct,FRED,https://fred.stlouisfed.org/series/CPIAUCNS,2026-09-02T09:01:56.493623,monthly,A,US CPI-U NSA YoY from FRED CPIAUCNS (matches BLS headline 12-month change)
2025-02-01,us_cpi_yoy,2.8215489517475163,pct,FRED,https://fred.stlouisfed.org/series/CPIAUCNS,2026-09-02T09:01:56.493623,monthly,A,US CPI-U NSA YoY from FRED CPIAUCNS (matches BLS headline 12-month change)
2025-03-01,us_cpi_yoy,2.390725253896491,pct,FRED,https://fred.stlouisfed.org/series/CPIAUCNS,2026-09-02T09:01:56.493623,monthly,A,US CPI-U NSA YoY from FRED CPIAUCNS (matches BLS headline 12-month change)
2025-04-01,us_cpi_yoy,2.3112888616734892,pct,FRED,https://fred.stlouisfed.org/series/CPIAUCNS,2026-09-02T09:01:56.493623,monthly,A,US CPI-U NSA YoY from FRED CPIAUCNS (matches BLS headline 12-month change)
2025-05-01,us_cpi_yoy,2.3548965354746656,pct,FRED,https://fred.stlouisfed.org/series/CPIAUCNS,2026-09-02T09:01:56.493623,monthly,A,US CPI-U NSA YoY from FRED CPIAUCNS (matches BLS headline 12-month change)
2025-06-01,us_cpi_yoy,2.6692130182223224,pct,FRED,https://fred.stlouisfed.org/series/CPIAUCNS,2026-09-02T09:01:56.493623,monthly,A,US CPI-U NSA YoY from FRED CPIAUCNS (matches BLS headline 12-month change)
2025-07-01,us_cpi_yoy,2.7049023971514004,pct,FRED,https://fred.stlouisfed.org/series/CPIAUCNS,2026-09-02T09:01:56.493623,monthly,A,US CPI-U NSA YoY from FRED CPIAUCNS (matches BLS headline 12-month change)
2025-08-01,us_cpi_yoy,2.916174284298407,pct,FRED,https://fred.stlouisfed.org/series/CPIAUCNS,2026-09-02T09:01:56.493623,monthly,A,US CPI-U NSA YoY from FRED CPIAUCNS (matches BLS headline 12-month change)
2025-09-01,us_cpi_yoy,3.0126767755256196,pct,FRED,https://fred.stlouisfed.org/series/CPIAUCNS,2026-09-02T09:01:56.493623,monthly,A,US CPI-U NSA YoY from FRED CPIAUCNS (matches BLS headline 12-month change)
2025-11-01,us_cpi_yoy,2.7350844551226317,pct,FRED,https://fred.stlouisfed.org/series/CPIAUCNS,2026-09-02T09:01:56.494618,monthly,A,US CPI-U NSA YoY from FRED CPIAUCNS (matches BLS headline 12-month change)
2025-12-01,us_cpi_yoy,2.677080527875006,pct,FRED,https://fred.stlouisfed.org/series/CPIAUCNS,2026-09-02T09:01:56.494618,monthly,A,US CPI-U NSA YoY from FRED CPIAUCNS (matches BLS headline 12-month change)
2026-01-01,us_cpi_yoy,2.3864312449043155,pct,FRED,https://fred.stlouisfed.org/series/CPIAUCNS,2026-09-02T09:01:56.494618,monthly,A,US CPI-U NSA YoY from FRED CPIAUCNS (matches BLS headline 12-month change)
2026-02-01,us_cpi_yoy,2.414112986630414,pct,FRED,https://fred.stlouisfed.org/series/CPIAUCNS,2026-09-02T09:01:56.494618,monthly,A,US CPI-U NSA YoY from FRED CPIAUCNS (matches BLS headline 12-month change)
2026-03-01,us_cpi_yoy,3.2564204390883162,pct,FRED,https://fred.stlouisfed.org/series/CPIAUCNS,2026-09-02T09:01:56.494618,monthly,A,US CPI-U NSA YoY from FRED CPIAUCNS (matches BLS headline 12-month change)
2026-04-01,us_cpi_yoy,3.8108449321217535,pct,FRED,https://fred.stlouisfed.org/series/CPIAUCNS,2026-09-02T09:01:56.494618,monthly,A,US CPI-U NSA YoY from FRED CPIAUCNS (matches BLS headline 12-month change)
2026-05-01,us_cpi_yoy,4.248674039164442,pct,FRED,https://fred.stlouisfed.org/series/CPIAUCNS,2026-09-02T09:01:56.494618,monthly,A,US CPI-U NSA YoY from FRED CPIAUCNS (matches BLS headline 12-month change)
2026-06-01,us_cpi_yoy,3.5314250637863864,pct,FRED,https://fred.stlouisfed.org/series/CPIAUCNS,2026-09-02T09:01:56.494618,monthly,A,US CPI-U NSA YoY from FRED CPIAUCNS (matches BLS headline 12-month change)
2026-07-01,us_cpi_yoy,3.3648250414799037,pct,FRED,https://fred.stlouisfed.org/series/CPIAUCNS,2026-09-02T09:01:56.494618,monthly,A,US CPI-U NSA YoY from FRED CPIAUCNS (matches BLS headline 12-month change)
2026-05-28,us_ism_manufacturing,48.5,index,ISM,https://www.ismworld.org/,2026-06-30T08:37:50.677325,monthly,A,
2024-07-01,us_pce_yoy,2.5943767774673177,pct,FRED,https://fred.stlouisfed.org/series/PCEPI,2026-09-02T09:01:58.159247,monthly,A,US PCE price index SA YoY from FRED PCEPI (matches BEA headline 12-month change)
2024-08-01,us_pce_yoy,2.4129949574274576,pct,FRED,https://fred.stlouisfed.org/series/PCEPI,2026-09-02T09:01:58.160244,monthly,A,US PCE price index SA YoY from FRED PCEPI (matches BEA headline 12-month change)
2024-09-01,us_pce_yoy,2.2607664368838414,pct,FRED,https://fred.stlouisfed.org/series/PCEPI,2026-09-02T09:01:58.160244,monthly,A,US PCE price index SA YoY from FRED PCEPI (matches BEA headline 12-month change)
2024-10-01,us_pce_yoy,2.4776925356425608,pct,FRED,https://fred.stlouisfed.org/series/PCEPI,2026-09-02T09:01:58.160244,monthly,A,US PCE price index SA YoY from FRED PCEPI (matches BEA headline 12-month change)
2024-11-01,us_pce_yoy,2.5878034125423,pct,FRED,https://fred.stlouisfed.org/series/PCEPI,2026-09-02T09:01:58.160244,monthly,A,US PCE price index SA YoY from FRED PCEPI (matches BEA headline 12-month change)
2024-12-01,us_pce_yoy,2.7280946901200025,pct,FRED,https://fred.stlouisfed.org/series/PCEPI,2026-09-02T09:01:58.160244,monthly,A,US PCE price index SA YoY from FRED PCEPI (matches BEA headline 12-month change)
2025-01-01,us_pce_yoy,2.6073795303935157,pct,FRED,https://fred.stlouisfed.org/series/PCEPI,2026-09-02T09:01:58.160244,monthly,A,US PCE price index SA YoY from FRED PCEPI (matches BEA headline 12-month change)
2025-02-01,us_pce_yoy,2.710484673485709,pct,FRED,https://fred.stlouisfed.org/series/PCEPI,2026-09-02T09:01:58.160244,monthly,A,US PCE price index SA YoY from FRED PCEPI (matches BEA headline 12-month change)
2025-03-01,us_pce_yoy,2.35943367089844,pct,FRED,https://fred.stlouisfed.org/series/PCEPI,2026-09-02T09:01:58.160244,monthly,A,US PCE price index SA YoY from FRED PCEPI (matches BEA headline 12-month change)
2025-04-01,us_pce_yoy,2.2774259978433946,pct,FRED,https://fred.stlouisfed.org/series/PCEPI,2026-09-02T09:01:58.160244,monthly,A,US PCE price index SA YoY from FRED PCEPI (matches BEA headline 12-month change)
2025-05-01,us_pce_yoy,2.4580860654408667,pct,FRED,https://fred.stlouisfed.org/series/PCEPI,2026-09-02T09:01:58.160244,monthly,A,US PCE price index SA YoY from FRED PCEPI (matches BEA headline 12-month change)
2025-06-01,us_pce_yoy,2.5935129797068015,pct,FRED,https://fred.stlouisfed.org/series/PCEPI,2026-09-02T09:01:58.160244,monthly,A,US PCE price index SA YoY from FRED PCEPI (matches BEA headline 12-month change)
2025-07-01,us_pce_yoy,2.6055472942393436,pct,FRED,https://fred.stlouisfed.org/series/PCEPI,2026-09-02T09:01:58.160244,monthly,A,US PCE price index SA YoY from FRED PCEPI (matches BEA headline 12-month change)
2025-08-01,us_pce_yoy,2.7476208541517053,pct,FRED,https://fred.stlouisfed.org/series/PCEPI,2026-09-02T09:01:58.160244,monthly,A,US PCE price index SA YoY from FRED PCEPI (matches BEA headline 12-month change)
2025-09-01,us_pce_yoy,2.787442414870654,pct,FRED,https://fred.stlouisfed.org/series/PCEPI,2026-09-02T09:01:58.161248,monthly,A,US PCE price index SA YoY from FRED PCEPI (matches BEA headline 12-month change)
2025-10-01,us_pce_yoy,2.7125805259691163,pct,FRED,https://fred.stlouisfed.org/series/PCEPI,2026-09-02T09:01:58.161248,monthly,A,US PCE price index SA YoY from FRED PCEPI (matches BEA headline 12-month change)
2025-11-01,us_pce_yoy,2.8201898312699996,pct,FRED,https://fred.stlouisfed.org/series/PCEPI,2026-09-02T09:01:58.161248,monthly,A,US PCE price index SA YoY from FRED PCEPI (matches BEA headline 12-month change)
2025-12-01,us_pce_yoy,2.8780835180310333,pct,FRED,https://fred.stlouisfed.org/series/PCEPI,2026-09-02T09:01:58.161248,monthly,A,US PCE price index SA YoY from FRED PCEPI (matches BEA headline 12-month change)
2026-01-01,us_pce_yoy,2.8752083050942048,pct,FRED,https://fred.stlouisfed.org/series/PCEPI,2026-09-02T09:01:58.161248,monthly,A,US PCE price index SA YoY from FRED PCEPI (matches BEA headline 12-month change)
2026-02-01,us_pce_yoy,2.8732300410574823,pct,FRED,https://fred.stlouisfed.org/series/PCEPI,2026-09-02T09:01:58.161248,monthly,A,US PCE price index SA YoY from FRED PCEPI (matches BEA headline 12-month change)
2026-03-01,us_pce_yoy,3.542928831754537,pct,FRED,https://fred.stlouisfed.org/series/PCEPI,2026-09-02T09:01:58.161248,monthly,A,US PCE price index SA YoY from FRED PCEPI (matches BEA headline 12-month change)
2026-04-01,us_pce_yoy,3.801823226317879,pct,FRED,https://fred.stlouisfed.org/series/PCEPI,2026-09-02T09:01:58.161248,monthly,A,US PCE price index SA YoY from FRED PCEPI (matches BEA headline 12-month change)
2026-05-01,us_pce_yoy,4.111410033233099,pct,FRED,https://fred.stlouisfed.org/series/PCEPI,2026-09-02T09:01:58.161248,monthly,A,US PCE price index SA YoY from FRED PCEPI (matches BEA headline 12-month change)
2026-06-01,us_pce_yoy,3.7169705624768454,pct,FRED,https://fred.stlouisfed.org/series/PCEPI,2026-09-02T09:01:58.161248,monthly,A,US PCE price index SA YoY from FRED PCEPI (matches BEA headline 12-month change)
2026-07-01,us_pce_yoy,3.7011657214870866,pct,FRED,https://fred.stlouisfed.org/series/PCEPI,2026-09-02T09:01:58.161248,monthly,A,US PCE price index SA YoY from FRED PCEPI (matches BEA headline 12-month change)
