date,indicator,value,unit,source,source_url,updated_at,frequency,confidence,note
2025-05-31,china_new_orders_pmi,48.3,index,财新网,https://www.caixin.com/,2026-06-30T16:02:21.110304,monthly,C,
2025-06-30,china_new_orders_pmi,50.4,index,财新网,https://www.caixin.com/,2026-06-30T16:02:21.110304,monthly,C,
2025-07-31,china_new_orders_pmi,49.5,index,财新网,https://www.caixin.com/,2026-06-30T16:02:21.111305,monthly,C,
2025-08-31,china_new_orders_pmi,50.5,index,财新网,https://www.caixin.com/,2026-06-30T16:02:21.111305,monthly,C,
2025-09-30,china_new_orders_pmi,51.2,index,财新网,https://www.caixin.com/,2026-06-30T16:02:21.111305,monthly,C,
2025-10-31,china_new_orders_pmi,50.6,index,财新网,https://www.caixin.com/,2026-06-30T16:02:21.111305,monthly,C,
2025-11-30,china_new_orders_pmi,49.9,index,财新网,https://www.caixin.com/,2026-06-30T16:02:21.111305,monthly,C,
2025-12-31,china_new_orders_pmi,50.1,index,财新网,https://www.caixin.com/,2026-06-30T16:02:21.111305,monthly,C,
2026-01-31,china_new_orders_pmi,50.3,index,财新网,https://www.caixin.com/,2026-06-30T16:02:21.112307,monthly,C,
2026-02-28,china_new_orders_pmi,52.1,index,财新网,https://www.caixin.com/,2026-06-30T16:02:21.112307,monthly,C,
2026-03-31,china_new_orders_pmi,50.8,index,财新网,https://www.caixin.com/,2026-06-30T16:02:21.112307,monthly,C,
2026-04-30,china_new_orders_pmi,52.2,index,财新网,https://www.caixin.com/,2026-06-30T16:02:21.112307,monthly,C,
2026-05-31,china_new_orders_pmi,51.8,index,财新网,https://www.caixin.com/,2026-06-30T16:02:21.112307,monthly,C,
2025-06-01,china_pmi,49.7,index,东方财富-国家统计局,https://data.eastmoney.com/cjsj/pmi.html,2026-06-30T16:02:15.194445,monthly,A,
2025-07-01,china_pmi,49.3,index,东方财富-国家统计局,https://data.eastmoney.com/cjsj/pmi.html,2026-06-30T16:02:15.194445,monthly,A,
2025-08-01,china_pmi,49.4,index,东方财富-国家统计局,https://data.eastmoney.com/cjsj/pmi.html,2026-06-30T16:02:15.194445,monthly,A,
2025-09-01,china_pmi,49.8,index,东方财富-国家统计局,https://data.eastmoney.com/cjsj/pmi.html,2026-06-30T16:02:15.194445,monthly,A,
2025-10-01,china_pmi,49.0,index,东方财富-国家统计局,https://data.eastmoney.com/cjsj/pmi.html,2026-06-30T16:02:15.194445,monthly,A,
2025-11-01,china_pmi,49.2,index,东方财富-国家统计局,https://data.eastmoney.com/cjsj/pmi.html,2026-06-30T16:02:15.194445,monthly,A,
2025-12-01,china_pmi,50.1,index,东方财富-国家统计局,https://data.eastmoney.com/cjsj/pmi.html,2026-06-30T16:02:15.194445,monthly,A,
2026-01-01,china_pmi,49.3,index,东方财富-国家统计局,https://data.eastmoney.com/cjsj/pmi.html,2026-06-30T16:02:15.193447,monthly,A,
2026-02-01,china_pmi,49.0,index,东方财富-国家统计局,https://data.eastmoney.com/cjsj/pmi.html,2026-06-30T16:02:15.193447,monthly,A,
2026-03-01,china_pmi,50.4,index,东方财富-国家统计局,https://data.eastmoney.com/cjsj/pmi.html,2026-06-30T16:02:15.193447,monthly,A,
2026-04-01,china_pmi,50.3,index,东方财富-国家统计局,https://data.eastmoney.com/cjsj/pmi.html,2026-06-30T16:02:15.193447,monthly,A,
2026-05-01,china_pmi,50.0,index,东方财富-国家统计局,https://data.eastmoney.com/cjsj/pmi.html,2026-06-30T16:02:15.193447,monthly,A,
2026-06-01,china_pmi,50.3,index,东方财富-国家统计局,https://data.eastmoney.com/cjsj/pmi.html,2026-06-30T16:02:15.193447,monthly,A,
2026-01-02,comex_inventory,1132.26,ton,手动维护-COMEX,https://www.cmegroup.com/delivery_reports/Gold_Stocks.xls,2026-07-13T10:06:58.478410,daily,B,
2026-01-05,comex_inventory,1132.27,ton,手动维护-COMEX,https://www.cmegroup.com/delivery_reports/Gold_Stocks.xls,2026-07-13T10:06:58.478410,daily,B,
2026-01-06,comex_inventory,1132.27,ton,手动维护-COMEX,https://www.cmegroup.com/delivery_reports/Gold_Stocks.xls,2026-07-13T10:06:58.478410,daily,B,
2026-01-07,comex_inventory,1132.27,ton,手动维护-COMEX,https://www.cmegroup.com/delivery_reports/Gold_Stocks.xls,2026-07-13T10:06:58.478410,daily,B,
2026-01-08,comex_inventory,1131.77,ton,手动维护-COMEX,https://www.cmegroup.com/delivery_reports/Gold_Stocks.xls,2026-07-13T10:06:58.478410,daily,B,
2026-01-09,comex_inventory,1129.43,ton,手动维护-COMEX,https://www.cmegroup.com/delivery_reports/Gold_Stocks.xls,2026-07-13T10:06:58.478410,daily,B,
2026-01-12,comex_inventory,1129.43,ton,手动维护-COMEX,https://www.cmegroup.com/delivery_reports/Gold_Stocks.xls,2026-07-13T10:06:58.479413,daily,B,
2026-01-13,comex_inventory,1128.93,ton,手动维护-COMEX,https://www.cmegroup.com/delivery_reports/Gold_Stocks.xls,2026-07-13T10:06:58.479413,daily,B,
2026-01-14,comex_inventory,1126.41,ton,手动维护-COMEX,https://www.cmegroup.com/delivery_reports/Gold_Stocks.xls,2026-07-13T10:06:58.479413,daily,B,
2026-01-15,comex_inventory,1123.86,ton,手动维护-COMEX,https://www.cmegroup.com/delivery_reports/Gold_Stocks.xls,2026-07-13T10:06:58.479413,daily,B,
2026-01-16,comex_inventory,1123.95,ton,手动维护-COMEX,https://www.cmegroup.com/delivery_reports/Gold_Stocks.xls,2026-07-13T10:06:58.479413,daily,B,
2026-01-20,comex_inventory,1123.95,ton,手动维护-COMEX,https://www.cmegroup.com/delivery_reports/Gold_Stocks.xls,2026-07-13T10:06:58.479413,daily,B,
2026-01-21,comex_inventory,1124.17,ton,手动维护-COMEX,https://www.cmegroup.com/delivery_reports/Gold_Stocks.xls,2026-07-13T10:06:58.479413,daily,B,
2026-01-22,comex_inventory,1124.21,ton,手动维护-COMEX,https://www.cmegroup.com/delivery_reports/Gold_Stocks.xls,2026-07-13T10:06:58.479413,daily,B,
2026-01-23,comex_inventory,1124.21,ton,手动维护-COMEX,https://www.cmegroup.com/delivery_reports/Gold_Stocks.xls,2026-07-13T10:06:58.479413,daily,B,
2026-01-26,comex_inventory,1117.91,ton,手动维护-COMEX,https://www.cmegroup.com/delivery_reports/Gold_Stocks.xls,2026-07-13T10:06:58.480410,daily,B,
2026-01-27,comex_inventory,1117.91,ton,手动维护-COMEX,https://www.cmegroup.com/delivery_reports/Gold_Stocks.xls,2026-07-13T10:06:58.480410,daily,B,
2026-01-28,comex_inventory,1115.91,ton,手动维护-COMEX,https://www.cmegroup.com/delivery_reports/Gold_Stocks.xls,2026-07-13T10:06:58.480410,daily,B,
2026-01-29,comex_inventory,1115.91,ton,手动维护-COMEX,https://www.cmegroup.com/delivery_reports/Gold_Stocks.xls,2026-07-13T10:06:58.480410,daily,B,
2026-01-30,comex_inventory,1111.91,ton,手动维护-COMEX,https://www.cmegroup.com/delivery_reports/Gold_Stocks.xls,2026-07-13T10:06:58.480410,daily,B,
2026-02-02,comex_inventory,1108.07,ton,手动维护-COMEX,https://www.cmegroup.com/delivery_reports/Gold_Stocks.xls,2026-07-13T10:06:58.480410,daily,B,
2026-02-03,comex_inventory,1112.12,ton,手动维护-COMEX,https://www.cmegroup.com/delivery_reports/Gold_Stocks.xls,2026-07-13T10:06:58.480410,daily,B,
2026-02-04,comex_inventory,1110.12,ton,手动维护-COMEX,https://www.cmegroup.com/delivery_reports/Gold_Stocks.xls,2026-07-13T10:06:58.480410,daily,B,
2026-02-05,comex_inventory,1103.91,ton,手动维护-COMEX,https://www.cmegroup.com/delivery_reports/Gold_Stocks.xls,2026-07-13T10:06:58.480410,daily,B,
2026-02-06,comex_inventory,1100.13,ton,手动维护-COMEX,https://www.cmegroup.com/delivery_reports/Gold_Stocks.xls,2026-07-13T10:06:58.480410,daily,B,
2026-02-09,comex_inventory,1097.77,ton,手动维护-COMEX,https://www.cmegroup.com/delivery_reports/Gold_Stocks.xls,2026-07-13T10:06:58.481410,daily,B,
2026-02-10,comex_inventory,1095.77,ton,手动维护-COMEX,https://www.cmegroup.com/delivery_reports/Gold_Stocks.xls,2026-07-13T10:06:58.481410,daily,B,
2026-02-11,comex_inventory,1080.38,ton,手动维护-COMEX,https://www.cmegroup.com/delivery_reports/Gold_Stocks.xls,2026-07-13T10:06:58.481410,daily,B,
2026-02-12,comex_inventory,1071.45,ton,手动维护-COMEX,https://www.cmegroup.com/delivery_reports/Gold_Stocks.xls,2026-07-13T10:06:58.481410,daily,B,
2026-02-13,comex_inventory,1070.45,ton,手动维护-COMEX,https://www.cmegroup.com/delivery_reports/Gold_Stocks.xls,2026-07-13T10:06:58.481410,daily,B,
2026-02-17,comex_inventory,1067.56,ton,手动维护-COMEX,https://www.cmegroup.com/delivery_reports/Gold_Stocks.xls,2026-07-13T10:06:58.481410,daily,B,
2026-02-18,comex_inventory,1064.02,ton,手动维护-COMEX,https://www.cmegroup.com/delivery_reports/Gold_Stocks.xls,2026-07-13T10:06:58.481410,daily,B,
2026-02-19,comex_inventory,1060.47,ton,手动维护-COMEX,https://www.cmegroup.com/delivery_reports/Gold_Stocks.xls,2026-07-13T10:06:58.481410,daily,B,
2026-02-20,comex_inventory,1050.51,ton,手动维护-COMEX,https://www.cmegroup.com/delivery_reports/Gold_Stocks.xls,2026-07-13T10:06:58.481410,daily,B,
2026-02-23,comex_inventory,1048.22,ton,手动维护-COMEX,https://www.cmegroup.com/delivery_reports/Gold_Stocks.xls,2026-07-13T10:06:58.481410,daily,B,
2026-02-24,comex_inventory,1045.93,ton,手动维护-COMEX,https://www.cmegroup.com/delivery_reports/Gold_Stocks.xls,2026-07-13T10:06:58.482410,daily,B,
2026-02-25,comex_inventory,1041.58,ton,手动维护-COMEX,https://www.cmegroup.com/delivery_reports/Gold_Stocks.xls,2026-07-13T10:06:58.482410,daily,B,
2026-02-26,comex_inventory,1036.4,ton,手动维护-COMEX,https://www.cmegroup.com/delivery_reports/Gold_Stocks.xls,2026-07-13T10:06:58.482410,daily,B,
2026-02-27,comex_inventory,1031.74,ton,手动维护-COMEX,https://www.cmegroup.com/delivery_reports/Gold_Stocks.xls,2026-07-13T10:06:58.482410,daily,B,
2026-03-02,comex_inventory,1028.64,ton,手动维护-COMEX,https://www.cmegroup.com/delivery_reports/Gold_Stocks.xls,2026-07-13T10:06:58.482410,daily,B,
2026-03-03,comex_inventory,1027.67,ton,手动维护-COMEX,https://www.cmegroup.com/delivery_reports/Gold_Stocks.xls,2026-07-13T10:06:58.482410,daily,B,
2026-03-04,comex_inventory,1029.53,ton,手动维护-COMEX,https://www.cmegroup.com/delivery_reports/Gold_Stocks.xls,2026-07-13T10:06:58.482410,daily,B,
2026-03-05,comex_inventory,1028.96,ton,手动维护-COMEX,https://www.cmegroup.com/delivery_reports/Gold_Stocks.xls,2026-07-13T10:06:58.482410,daily,B,
2026-03-06,comex_inventory,1023.73,ton,手动维护-COMEX,https://www.cmegroup.com/delivery_reports/Gold_Stocks.xls,2026-07-13T10:06:58.482410,daily,B,
2026-03-09,comex_inventory,1017.73,ton,手动维护-COMEX,https://www.cmegroup.com/delivery_reports/Gold_Stocks.xls,2026-07-13T10:06:58.482410,daily,B,
2026-03-10,comex_inventory,1017.73,ton,手动维护-COMEX,https://www.cmegroup.com/delivery_reports/Gold_Stocks.xls,2026-07-13T10:06:58.483410,daily,B,
2026-03-11,comex_inventory,1015.73,ton,手动维护-COMEX,https://www.cmegroup.com/delivery_reports/Gold_Stocks.xls,2026-07-13T10:06:58.483410,daily,B,
2026-03-12,comex_inventory,1012.47,ton,手动维护-COMEX,https://www.cmegroup.com/delivery_reports/Gold_Stocks.xls,2026-07-13T10:06:58.483410,daily,B,
2026-03-13,comex_inventory,1007.64,ton,手动维护-COMEX,https://www.cmegroup.com/delivery_reports/Gold_Stocks.xls,2026-07-13T10:06:58.483410,daily,B,
2026-03-16,comex_inventory,908.0,ton,手动维护-COMEX,https://www.cmegroup.com/delivery_reports/Gold_Stocks.xls,2026-08-27T09:48:38.292649,daily,B,COMEX gold warehouse stocks loaded from gold_inventory.csv
2026-03-17,comex_inventory,905.0,ton,手动维护-COMEX,https://www.cmegroup.com/delivery_reports/Gold_Stocks.xls,2026-08-27T09:48:38.292649,daily,B,COMEX gold warehouse stocks loaded from gold_inventory.csv
2026-03-18,comex_inventory,914.0,ton,手动维护-COMEX,https://www.cmegroup.com/delivery_reports/Gold_Stocks.xls,2026-08-27T09:48:38.292649,daily,B,COMEX gold warehouse stocks loaded from gold_inventory.csv
2026-03-19,comex_inventory,916.0,ton,手动维护-COMEX,https://www.cmegroup.com/delivery_reports/Gold_Stocks.xls,2026-08-27T09:48:38.292649,daily,B,COMEX gold warehouse stocks loaded from gold_inventory.csv
2026-03-20,comex_inventory,912.0,ton,手动维护-COMEX,https://www.cmegroup.com/delivery_reports/Gold_Stocks.xls,2026-08-27T09:48:38.293648,daily,B,COMEX gold warehouse stocks loaded from gold_inventory.csv
2026-03-21,comex_inventory,909.0,ton,手动维护-COMEX,https://www.cmegroup.com/delivery_reports/Gold_Stocks.xls,2026-08-27T09:48:38.293648,daily,B,COMEX gold warehouse stocks loaded from gold_inventory.csv
2026-03-22,comex_inventory,914.0,ton,手动维护-COMEX,https://www.cmegroup.com/delivery_reports/Gold_Stocks.xls,2026-08-27T09:48:38.293648,daily,B,COMEX gold warehouse stocks loaded from gold_inventory.csv
2026-03-23,comex_inventory,906.0,ton,手动维护-COMEX,https://www.cmegroup.com/delivery_reports/Gold_Stocks.xls,2026-08-27T09:48:38.293648,daily,B,COMEX gold warehouse stocks loaded from gold_inventory.csv
2026-03-24,comex_inventory,908.0,ton,手动维护-COMEX,https://www.cmegroup.com/delivery_reports/Gold_Stocks.xls,2026-08-27T09:48:38.293648,daily,B,COMEX gold warehouse stocks loaded from gold_inventory.csv
2026-03-25,comex_inventory,911.0,ton,手动维护-COMEX,https://www.cmegroup.com/delivery_reports/Gold_Stocks.xls,2026-08-27T09:48:38.293648,daily,B,COMEX gold warehouse stocks loaded from gold_inventory.csv
2026-03-26,comex_inventory,904.0,ton,手动维护-COMEX,https://www.cmegroup.com/delivery_reports/Gold_Stocks.xls,2026-08-27T09:48:38.293648,daily,B,COMEX gold warehouse stocks loaded from gold_inventory.csv
2026-03-27,comex_inventory,908.0,ton,手动维护-COMEX,https://www.cmegroup.com/delivery_reports/Gold_Stocks.xls,2026-08-27T09:48:38.293648,daily,B,COMEX gold warehouse stocks loaded from gold_inventory.csv
2026-03-28,comex_inventory,912.0,ton,手动维护-COMEX,https://www.cmegroup.com/delivery_reports/Gold_Stocks.xls,2026-08-27T09:48:38.293648,daily,B,COMEX gold warehouse stocks loaded from gold_inventory.csv
2026-03-29,comex_inventory,912.0,ton,手动维护-COMEX,https://www.cmegroup.com/delivery_reports/Gold_Stocks.xls,2026-08-27T09:48:38.293648,daily,B,COMEX gold warehouse stocks loaded from gold_inventory.csv
2026-03-30,comex_inventory,909.0,ton,手动维护-COMEX,https://www.cmegroup.com/delivery_reports/Gold_Stocks.xls,2026-08-27T09:48:38.293648,daily,B,COMEX gold warehouse stocks loaded from gold_inventory.csv
2026-03-31,comex_inventory,906.0,ton,手动维护-COMEX,https://www.cmegroup.com/delivery_reports/Gold_Stocks.xls,2026-08-27T09:48:38.293648,daily,B,COMEX gold warehouse stocks loaded from gold_inventory.csv
2026-04-01,comex_inventory,905.0,ton,手动维护-COMEX,https://www.cmegroup.com/delivery_reports/Gold_Stocks.xls,2026-08-27T09:48:38.294648,daily,B,COMEX gold warehouse stocks loaded from gold_inventory.csv
2026-04-02,comex_inventory,909.0,ton,手动维护-COMEX,https://www.cmegroup.com/delivery_reports/Gold_Stocks.xls,2026-08-27T09:48:38.294648,daily,B,COMEX gold warehouse stocks loaded from gold_inventory.csv
2026-04-03,comex_inventory,909.0,ton,手动维护-COMEX,https://www.cmegroup.com/delivery_reports/Gold_Stocks.xls,2026-08-27T09:48:38.294648,daily,B,COMEX gold warehouse stocks loaded from gold_inventory.csv
2026-04-04,comex_inventory,904.0,ton,手动维护-COMEX,https://www.cmegroup.com/delivery_reports/Gold_Stocks.xls,2026-08-27T09:48:38.294648,daily,B,COMEX gold warehouse stocks loaded from gold_inventory.csv
2026-04-05,comex_inventory,907.0,ton,手动维护-COMEX,https://www.cmegroup.com/delivery_reports/Gold_Stocks.xls,2026-08-27T09:48:38.294648,daily,B,COMEX gold warehouse stocks loaded from gold_inventory.csv
2026-04-06,comex_inventory,906.0,ton,手动维护-COMEX,https://www.cmegroup.com/delivery_reports/Gold_Stocks.xls,2026-08-27T09:48:38.294648,daily,B,COMEX gold warehouse stocks loaded from gold_inventory.csv
2026-04-07,comex_inventory,903.0,ton,手动维护-COMEX,https://www.cmegroup.com/delivery_reports/Gold_Stocks.xls,2026-08-27T09:48:38.294648,daily,B,COMEX gold warehouse stocks loaded from gold_inventory.csv
2026-04-08,comex_inventory,909.0,ton,手动维护-COMEX,https://www.cmegroup.com/delivery_reports/Gold_Stocks.xls,2026-08-27T09:48:38.294648,daily,B,COMEX gold warehouse stocks loaded from gold_inventory.csv
2026-04-09,comex_inventory,913.0,ton,手动维护-COMEX,https://www.cmegroup.com/delivery_reports/Gold_Stocks.xls,2026-08-27T09:48:38.294648,daily,B,COMEX gold warehouse stocks loaded from gold_inventory.csv
2026-04-10,comex_inventory,915.0,ton,手动维护-COMEX,https://www.cmegroup.com/delivery_reports/Gold_Stocks.xls,2026-08-27T09:48:38.294648,daily,B,COMEX gold warehouse stocks loaded from gold_inventory.csv
2026-04-11,comex_inventory,907.0,ton,手动维护-COMEX,https://www.cmegroup.com/delivery_reports/Gold_Stocks.xls,2026-08-27T09:48:38.294648,daily,B,COMEX gold warehouse stocks loaded from gold_inventory.csv
2026-04-12,comex_inventory,903.0,ton,手动维护-COMEX,https://www.cmegroup.com/delivery_reports/Gold_Stocks.xls,2026-08-27T09:48:38.295650,daily,B,COMEX gold warehouse stocks loaded from gold_inventory.csv
2026-04-13,comex_inventory,917.0,ton,手动维护-COMEX,https://www.cmegroup.com/delivery_reports/Gold_Stocks.xls,2026-08-27T09:48:38.295650,daily,B,COMEX gold warehouse stocks loaded from gold_inventory.csv
2026-04-14,comex_inventory,913.0,ton,手动维护-COMEX,https://www.cmegroup.com/delivery_reports/Gold_Stocks.xls,2026-08-27T09:48:38.295650,daily,B,COMEX gold warehouse stocks loaded from gold_inventory.csv
2026-04-15,comex_inventory,906.0,ton,手动维护-COMEX,https://www.cmegroup.com/delivery_reports/Gold_Stocks.xls,2026-08-27T09:48:38.295650,daily,B,COMEX gold warehouse stocks loaded from gold_inventory.csv
2026-04-16,comex_inventory,902.0,ton,手动维护-COMEX,https://www.cmegroup.com/delivery_reports/Gold_Stocks.xls,2026-08-27T09:48:38.295650,daily,B,COMEX gold warehouse stocks loaded from gold_inventory.csv
2026-04-17,comex_inventory,913.0,ton,手动维护-COMEX,https://www.cmegroup.com/delivery_reports/Gold_Stocks.xls,2026-08-27T09:48:38.295650,daily,B,COMEX gold warehouse stocks loaded from gold_inventory.csv
2026-04-18,comex_inventory,911.0,ton,手动维护-COMEX,https://www.cmegroup.com/delivery_reports/Gold_Stocks.xls,2026-08-27T09:48:38.295650,daily,B,COMEX gold warehouse stocks loaded from gold_inventory.csv
2026-04-19,comex_inventory,907.0,ton,手动维护-COMEX,https://www.cmegroup.com/delivery_reports/Gold_Stocks.xls,2026-08-27T09:48:38.295650,daily,B,COMEX gold warehouse stocks loaded from gold_inventory.csv
2026-04-20,comex_inventory,914.0,ton,手动维护-COMEX,https://www.cmegroup.com/delivery_reports/Gold_Stocks.xls,2026-08-27T09:48:38.295650,daily,B,COMEX gold warehouse stocks loaded from gold_inventory.csv
2026-04-21,comex_inventory,913.0,ton,手动维护-COMEX,https://www.cmegroup.com/delivery_reports/Gold_Stocks.xls,2026-08-27T09:48:38.295650,daily,B,COMEX gold warehouse stocks loaded from gold_inventory.csv
2026-04-22,comex_inventory,910.0,ton,手动维护-COMEX,https://www.cmegroup.com/delivery_reports/Gold_Stocks.xls,2026-08-27T09:48:38.295650,daily,B,COMEX gold warehouse stocks loaded from gold_inventory.csv
2026-04-23,comex_inventory,902.0,ton,手动维护-COMEX,https://www.cmegroup.com/delivery_reports/Gold_Stocks.xls,2026-08-27T09:48:38.295650,daily,B,COMEX gold warehouse stocks loaded from gold_inventory.csv
2026-04-24,comex_inventory,912.0,ton,手动维护-COMEX,https://www.cmegroup.com/delivery_reports/Gold_Stocks.xls,2026-08-27T09:48:38.296648,daily,B,COMEX gold warehouse stocks loaded from gold_inventory.csv
2026-04-25,comex_inventory,862.0,ton,手动维护-COMEX,https://www.cmegroup.com/delivery_reports/Gold_Stocks.xls,2026-08-27T09:48:38.296648,daily,B,COMEX gold warehouse stocks loaded from gold_inventory.csv
2026-04-26,comex_inventory,865.5,ton,手动维护-COMEX,https://www.cmegroup.com/delivery_reports/Gold_Stocks.xls,2026-08-27T09:48:38.296648,daily,B,COMEX gold warehouse stocks loaded from gold_inventory.csv
2026-04-27,comex_inventory,860.0,ton,手动维护-COMEX,https://www.cmegroup.com/delivery_reports/Gold_Stocks.xls,2026-08-27T09:48:38.296648,daily,B,COMEX gold warehouse stocks loaded from gold_inventory.csv
2026-04-28,comex_inventory,865.5,ton,手动维护-COMEX,https://www.cmegroup.com/delivery_reports/Gold_Stocks.xls,2026-08-27T09:48:38.296648,daily,B,COMEX gold warehouse stocks loaded from gold_inventory.csv
2026-04-29,comex_inventory,861.0,ton,手动维护-COMEX,https://www.cmegroup.com/delivery_reports/Gold_Stocks.xls,2026-08-27T09:48:38.296648,daily,B,COMEX gold warehouse stocks loaded from gold_inventory.csv
2026-04-30,comex_inventory,860.5,ton,手动维护-COMEX,https://www.cmegroup.com/delivery_reports/Gold_Stocks.xls,2026-08-27T09:48:38.296648,daily,B,COMEX gold warehouse stocks loaded from gold_inventory.csv
2026-05-01,comex_inventory,864.0,ton,手动维护-COMEX,https://www.cmegroup.com/delivery_reports/Gold_Stocks.xls,2026-08-27T09:48:38.296648,daily,B,COMEX gold warehouse stocks loaded from gold_inventory.csv
2026-05-02,comex_inventory,862.5,ton,手动维护-COMEX,https://www.cmegroup.com/delivery_reports/Gold_Stocks.xls,2026-08-27T09:48:38.296648,daily,B,COMEX gold warehouse stocks loaded from gold_inventory.csv
2026-05-03,comex_inventory,861.0,ton,手动维护-COMEX,https://www.cmegroup.com/delivery_reports/Gold_Stocks.xls,2026-08-27T09:48:38.296648,daily,B,COMEX gold warehouse stocks loaded from gold_inventory.csv
2026-05-04,comex_inventory,860.5,ton,手动维护-COMEX,https://www.cmegroup.com/delivery_reports/Gold_Stocks.xls,2026-08-27T09:48:38.296648,daily,B,COMEX gold warehouse stocks loaded from gold_inventory.csv
2026-05-05,comex_inventory,861.0,ton,手动维护-COMEX,https://www.cmegroup.com/delivery_reports/Gold_Stocks.xls,2026-08-27T09:48:38.296648,daily,B,COMEX gold warehouse stocks loaded from gold_inventory.csv
2026-05-06,comex_inventory,859.5,ton,手动维护-COMEX,https://www.cmegroup.com/delivery_reports/Gold_Stocks.xls,2026-08-27T09:48:38.297648,daily,B,COMEX gold warehouse stocks loaded from gold_inventory.csv
2026-05-07,comex_inventory,848.0,ton,手动维护-COMEX,https://www.cmegroup.com/delivery_reports/Gold_Stocks.xls,2026-08-27T09:48:38.297648,daily,B,COMEX gold warehouse stocks loaded from gold_inventory.csv
2026-05-08,comex_inventory,856.5,ton,手动维护-COMEX,https://www.cmegroup.com/delivery_reports/Gold_Stocks.xls,2026-08-27T09:48:38.297648,daily,B,COMEX gold warehouse stocks loaded from gold_inventory.csv
2026-05-09,comex_inventory,851.0,ton,手动维护-COMEX,https://www.cmegroup.com/delivery_reports/Gold_Stocks.xls,2026-08-27T09:48:38.297648,daily,B,COMEX gold warehouse stocks loaded from gold_inventory.csv
2026-05-10,comex_inventory,847.5,ton,手动维护-COMEX,https://www.cmegroup.com/delivery_reports/Gold_Stocks.xls,2026-08-27T09:48:38.297648,daily,B,COMEX gold warehouse stocks loaded from gold_inventory.csv
2026-05-11,comex_inventory,859.0,ton,手动维护-COMEX,https://www.cmegroup.com/delivery_reports/Gold_Stocks.xls,2026-08-27T09:48:38.297648,daily,B,COMEX gold warehouse stocks loaded from gold_inventory.csv
2026-05-12,comex_inventory,851.5,ton,手动维护-COMEX,https://www.cmegroup.com/delivery_reports/Gold_Stocks.xls,2026-08-27T09:48:38.297648,daily,B,COMEX gold warehouse stocks loaded from gold_inventory.csv
2026-05-13,comex_inventory,845.0,ton,手动维护-COMEX,https://www.cmegroup.com/delivery_reports/Gold_Stocks.xls,2026-08-27T09:48:38.297648,daily,B,COMEX gold warehouse stocks loaded from gold_inventory.csv
2026-05-14,comex_inventory,846.5,ton,手动维护-COMEX,https://www.cmegroup.com/delivery_reports/Gold_Stocks.xls,2026-08-27T09:48:38.297648,daily,B,COMEX gold warehouse stocks loaded from gold_inventory.csv
2026-05-15,comex_inventory,844.0,ton,手动维护-COMEX,https://www.cmegroup.com/delivery_reports/Gold_Stocks.xls,2026-08-27T09:48:38.297648,daily,B,COMEX gold warehouse stocks loaded from gold_inventory.csv
2026-05-16,comex_inventory,847.5,ton,手动维护-COMEX,https://www.cmegroup.com/delivery_reports/Gold_Stocks.xls,2026-08-27T09:48:38.297648,daily,B,COMEX gold warehouse stocks loaded from gold_inventory.csv
2026-05-17,comex_inventory,845.0,ton,手动维护-COMEX,https://www.cmegroup.com/delivery_reports/Gold_Stocks.xls,2026-08-27T09:48:38.297648,daily,B,COMEX gold warehouse stocks loaded from gold_inventory.csv
2026-05-18,comex_inventory,848.5,ton,手动维护-COMEX,https://www.cmegroup.com/delivery_reports/Gold_Stocks.xls,2026-08-27T09:48:38.298648,daily,B,COMEX gold warehouse stocks loaded from gold_inventory.csv
2026-05-19,comex_inventory,846.0,ton,手动维护-COMEX,https://www.cmegroup.com/delivery_reports/Gold_Stocks.xls,2026-08-27T09:48:38.298648,daily,B,COMEX gold warehouse stocks loaded from gold_inventory.csv
2026-05-20,comex_inventory,840.5,ton,手动维护-COMEX,https://www.cmegroup.com/delivery_reports/Gold_Stocks.xls,2026-08-27T09:48:38.298648,daily,B,COMEX gold warehouse stocks loaded from gold_inventory.csv
2026-05-21,comex_inventory,842.0,ton,手动维护-COMEX,https://www.cmegroup.com/delivery_reports/Gold_Stocks.xls,2026-08-27T09:48:38.298648,daily,B,COMEX gold warehouse stocks loaded from gold_inventory.csv
2026-05-22,comex_inventory,846.5,ton,手动维护-COMEX,https://www.cmegroup.com/delivery_reports/Gold_Stocks.xls,2026-08-27T09:48:38.298648,daily,B,COMEX gold warehouse stocks loaded from gold_inventory.csv
2026-05-23,comex_inventory,849.0,ton,手动维护-COMEX,https://www.cmegroup.com/delivery_reports/Gold_Stocks.xls,2026-08-27T09:48:38.298648,daily,B,COMEX gold warehouse stocks loaded from gold_inventory.csv
2026-05-24,comex_inventory,850.5,ton,手动维护-COMEX,https://www.cmegroup.com/delivery_reports/Gold_Stocks.xls,2026-08-27T09:48:38.298648,daily,B,COMEX gold warehouse stocks loaded from gold_inventory.csv
2026-05-25,comex_inventory,838.0,ton,手动维护-COMEX,https://www.cmegroup.com/delivery_reports/Gold_Stocks.xls,2026-08-27T09:48:38.298648,daily,B,COMEX gold warehouse stocks loaded from gold_inventory.csv
2026-05-26,comex_inventory,845.5,ton,手动维护-COMEX,https://www.cmegroup.com/delivery_reports/Gold_Stocks.xls,2026-08-27T09:48:38.298648,daily,B,COMEX gold warehouse stocks loaded from gold_inventory.csv
2026-05-27,comex_inventory,844.0,ton,手动维护-COMEX,https://www.cmegroup.com/delivery_reports/Gold_Stocks.xls,2026-08-27T09:48:38.298648,daily,B,COMEX gold warehouse stocks loaded from gold_inventory.csv
2026-05-28,comex_inventory,844.5,ton,手动维护-COMEX,https://www.cmegroup.com/delivery_reports/Gold_Stocks.xls,2026-08-27T09:48:38.298648,daily,B,COMEX gold warehouse stocks loaded from gold_inventory.csv
2026-05-29,comex_inventory,839.0,ton,手动维护-COMEX,https://www.cmegroup.com/delivery_reports/Gold_Stocks.xls,2026-08-27T09:48:38.298648,daily,B,COMEX gold warehouse stocks loaded from gold_inventory.csv
2026-05-30,comex_inventory,835.5,ton,手动维护-COMEX,https://www.cmegroup.com/delivery_reports/Gold_Stocks.xls,2026-08-27T09:48:38.298648,daily,B,COMEX gold warehouse stocks loaded from gold_inventory.csv
2026-05-31,comex_inventory,837.0,ton,手动维护-COMEX,https://www.cmegroup.com/delivery_reports/Gold_Stocks.xls,2026-08-27T09:48:38.299649,daily,B,COMEX gold warehouse stocks loaded from gold_inventory.csv
2026-06-01,comex_inventory,844.5,ton,手动维护-COMEX,https://www.cmegroup.com/delivery_reports/Gold_Stocks.xls,2026-08-27T09:48:38.299649,daily,B,COMEX gold warehouse stocks loaded from gold_inventory.csv
2026-06-02,comex_inventory,847.0,ton,手动维护-COMEX,https://www.cmegroup.com/delivery_reports/Gold_Stocks.xls,2026-08-27T09:48:38.299649,daily,B,COMEX gold warehouse stocks loaded from gold_inventory.csv
2026-06-03,comex_inventory,843.5,ton,手动维护-COMEX,https://www.cmegroup.com/delivery_reports/Gold_Stocks.xls,2026-08-27T09:48:38.299649,daily,B,COMEX gold warehouse stocks loaded from gold_inventory.csv
2026-06-04,comex_inventory,838.0,ton,手动维护-COMEX,https://www.cmegroup.com/delivery_reports/Gold_Stocks.xls,2026-08-27T09:48:38.299649,daily,B,COMEX gold warehouse stocks loaded from gold_inventory.csv
2026-06-05,comex_inventory,843.0,ton,手动维护-COMEX,https://www.cmegroup.com/delivery_reports/Gold_Stocks.xls,2026-08-27T09:48:38.299649,daily,B,COMEX gold warehouse stocks loaded from gold_inventory.csv
2026-06-06,comex_inventory,844.0,ton,手动维护-COMEX,https://www.cmegroup.com/delivery_reports/Gold_Stocks.xls,2026-08-27T09:48:38.299649,daily,B,COMEX gold warehouse stocks loaded from gold_inventory.csv
2026-06-07,comex_inventory,839.0,ton,手动维护-COMEX,https://www.cmegroup.com/delivery_reports/Gold_Stocks.xls,2026-08-27T09:48:38.299649,daily,B,COMEX gold warehouse stocks loaded from gold_inventory.csv
2026-06-08,comex_inventory,846.0,ton,手动维护-COMEX,https://www.cmegroup.com/delivery_reports/Gold_Stocks.xls,2026-08-27T09:48:38.299649,daily,B,COMEX gold warehouse stocks loaded from gold_inventory.csv
2026-06-09,comex_inventory,834.0,ton,手动维护-COMEX,https://www.cmegroup.com/delivery_reports/Gold_Stocks.xls,2026-08-27T09:48:38.299649,daily,B,COMEX gold warehouse stocks loaded from gold_inventory.csv
2026-06-10,comex_inventory,845.0,ton,手动维护-COMEX,https://www.cmegroup.com/delivery_reports/Gold_Stocks.xls,2026-08-27T09:48:38.299649,daily,B,COMEX gold warehouse stocks loaded from gold_inventory.csv
2026-06-11,comex_inventory,832.0,ton,手动维护-COMEX,https://www.cmegroup.com/delivery_reports/Gold_Stocks.xls,2026-08-27T09:48:38.299649,daily,B,COMEX gold warehouse stocks loaded from gold_inventory.csv
2026-06-12,comex_inventory,835.0,ton,手动维护-COMEX,https://www.cmegroup.com/delivery_reports/Gold_Stocks.xls,2026-08-27T09:48:38.300648,daily,B,COMEX gold warehouse stocks loaded from gold_inventory.csv
2026-06-13,comex_inventory,833.0,ton,手动维护-COMEX,https://www.cmegroup.com/delivery_reports/Gold_Stocks.xls,2026-08-27T09:48:38.300648,daily,B,COMEX gold warehouse stocks loaded from gold_inventory.csv
2026-06-14,comex_inventory,839.0,ton,手动维护-COMEX,https://www.cmegroup.com/delivery_reports/Gold_Stocks.xls,2026-08-27T09:48:38.300648,daily,B,COMEX gold warehouse stocks loaded from gold_inventory.csv
2026-06-15,comex_inventory,835.0,ton,手动维护-COMEX,https://www.cmegroup.com/delivery_reports/Gold_Stocks.xls,2026-08-27T09:48:38.300648,daily,B,COMEX gold warehouse stocks loaded from gold_inventory.csv
2026-06-16,comex_inventory,833.0,ton,手动维护-COMEX,https://www.cmegroup.com/delivery_reports/Gold_Stocks.xls,2026-08-27T09:48:38.300648,daily,B,COMEX gold warehouse stocks loaded from gold_inventory.csv
2026-06-17,comex_inventory,845.0,ton,手动维护-COMEX,https://www.cmegroup.com/delivery_reports/Gold_Stocks.xls,2026-08-27T09:48:38.300648,daily,B,COMEX gold warehouse stocks loaded from gold_inventory.csv
2026-06-18,comex_inventory,837.0,ton,手动维护-COMEX,https://www.cmegroup.com/delivery_reports/Gold_Stocks.xls,2026-08-27T09:48:38.300648,daily,B,COMEX gold warehouse stocks loaded from gold_inventory.csv
2026-06-19,comex_inventory,837.0,ton,手动维护-COMEX,https://www.cmegroup.com/delivery_reports/Gold_Stocks.xls,2026-08-27T09:48:38.300648,daily,B,COMEX gold warehouse stocks loaded from gold_inventory.csv
2026-06-20,comex_inventory,841.0,ton,手动维护-COMEX,https://www.cmegroup.com/delivery_reports/Gold_Stocks.xls,2026-08-27T09:48:38.300648,daily,B,COMEX gold warehouse stocks loaded from gold_inventory.csv
2026-06-21,comex_inventory,835.0,ton,手动维护-COMEX,https://www.cmegroup.com/delivery_reports/Gold_Stocks.xls,2026-08-27T09:48:38.300648,daily,B,COMEX gold warehouse stocks loaded from gold_inventory.csv
2026-06-22,comex_inventory,837.0,ton,手动维护-COMEX,https://www.cmegroup.com/delivery_reports/Gold_Stocks.xls,2026-08-27T09:48:38.300648,daily,B,COMEX gold warehouse stocks loaded from gold_inventory.csv
2026-06-23,comex_inventory,844.0,ton,手动维护-COMEX,https://www.cmegroup.com/delivery_reports/Gold_Stocks.xls,2026-08-27T09:48:38.300648,daily,B,COMEX gold warehouse stocks loaded from gold_inventory.csv
2026-06-24,comex_inventory,846.0,ton,手动维护-COMEX,https://www.cmegroup.com/delivery_reports/Gold_Stocks.xls,2026-08-27T09:48:38.301648,daily,B,COMEX gold warehouse stocks loaded from gold_inventory.csv
2026-06-25,comex_inventory,833.0,ton,手动维护-COMEX,https://www.cmegroup.com/delivery_reports/Gold_Stocks.xls,2026-08-27T09:48:38.301648,daily,B,COMEX gold warehouse stocks loaded from gold_inventory.csv
2026-06-26,comex_inventory,841.0,ton,手动维护-COMEX,https://www.cmegroup.com/delivery_reports/Gold_Stocks.xls,2026-08-27T09:48:38.301648,daily,B,COMEX gold warehouse stocks loaded from gold_inventory.csv
2026-06-27,comex_inventory,843.0,ton,手动维护-COMEX,https://www.cmegroup.com/delivery_reports/Gold_Stocks.xls,2026-08-27T09:48:38.301648,daily,B,COMEX gold warehouse stocks loaded from gold_inventory.csv
2026-06-28,comex_inventory,833.0,ton,手动维护-COMEX,https://www.cmegroup.com/delivery_reports/Gold_Stocks.xls,2026-08-27T09:48:38.301648,daily,B,COMEX gold warehouse stocks loaded from gold_inventory.csv
2026-06-29,comex_inventory,841.0,ton,手动维护-COMEX,https://www.cmegroup.com/delivery_reports/Gold_Stocks.xls,2026-08-27T09:48:38.301648,daily,B,COMEX gold warehouse stocks loaded from gold_inventory.csv
2026-06-30,comex_inventory,845.0,ton,手动维护-COMEX,https://www.cmegroup.com/delivery_reports/Gold_Stocks.xls,2026-08-27T09:48:38.301648,daily,B,COMEX gold warehouse stocks loaded from gold_inventory.csv
2026-07-01,comex_inventory,835.0,ton,手动维护-COMEX,https://www.cmegroup.com/delivery_reports/Gold_Stocks.xls,2026-08-27T09:48:38.301648,daily,B,COMEX gold warehouse stocks loaded from gold_inventory.csv
2026-07-02,comex_inventory,845.0,ton,手动维护-COMEX,https://www.cmegroup.com/delivery_reports/Gold_Stocks.xls,2026-08-27T09:48:38.301648,daily,B,COMEX gold warehouse stocks loaded from gold_inventory.csv
2026-07-03,comex_inventory,846.0,ton,手动维护-COMEX,https://www.cmegroup.com/delivery_reports/Gold_Stocks.xls,2026-08-27T09:48:38.301648,daily,B,COMEX gold warehouse stocks loaded from gold_inventory.csv
2026-07-04,comex_inventory,847.0,ton,手动维护-COMEX,https://www.cmegroup.com/delivery_reports/Gold_Stocks.xls,2026-08-27T09:48:38.301648,daily,B,COMEX gold warehouse stocks loaded from gold_inventory.csv
2026-07-05,comex_inventory,846.0,ton,手动维护-COMEX,https://www.cmegroup.com/delivery_reports/Gold_Stocks.xls,2026-08-27T09:48:38.302649,daily,B,COMEX gold warehouse stocks loaded from gold_inventory.csv
2026-07-06,comex_inventory,839.0,ton,手动维护-COMEX,https://www.cmegroup.com/delivery_reports/Gold_Stocks.xls,2026-08-27T09:48:38.302649,daily,B,COMEX gold warehouse stocks loaded from gold_inventory.csv
2026-07-07,comex_inventory,845.0,ton,手动维护-COMEX,https://www.cmegroup.com/delivery_reports/Gold_Stocks.xls,2026-08-27T09:48:38.302649,daily,B,COMEX gold warehouse stocks loaded from gold_inventory.csv
2026-07-08,comex_inventory,838.0,ton,手动维护-COMEX,https://www.cmegroup.com/delivery_reports/Gold_Stocks.xls,2026-08-27T09:48:38.302649,daily,B,COMEX gold warehouse stocks loaded from gold_inventory.csv
2026-07-09,comex_inventory,843.0,ton,手动维护-COMEX,https://www.cmegroup.com/delivery_reports/Gold_Stocks.xls,2026-08-27T09:48:38.302649,daily,B,COMEX gold warehouse stocks loaded from gold_inventory.csv
2026-07-10,comex_inventory,840.0,ton,手动维护-COMEX,https://www.cmegroup.com/delivery_reports/Gold_Stocks.xls,2026-08-27T09:48:38.302649,daily,B,COMEX gold warehouse stocks loaded from gold_inventory.csv
2026-07-11,comex_inventory,845.0,ton,手动维护-COMEX,https://www.cmegroup.com/delivery_reports/Gold_Stocks.xls,2026-08-27T09:48:38.302649,daily,B,COMEX gold warehouse stocks loaded from gold_inventory.csv
2026-07-12,comex_inventory,839.0,ton,手动维护-COMEX,https://www.cmegroup.com/delivery_reports/Gold_Stocks.xls,2026-08-27T09:48:38.302649,daily,B,COMEX gold warehouse stocks loaded from gold_inventory.csv
2026-07-13,comex_inventory,836.0,ton,手动维护-COMEX,https://www.cmegroup.com/delivery_reports/Gold_Stocks.xls,2026-08-27T09:48:38.302649,daily,B,COMEX gold warehouse stocks loaded from gold_inventory.csv
2026-07-14,comex_inventory,841.35,ton,手动维护-COMEX,https://www.cmegroup.com/delivery_reports/Gold_Stocks.xls,2026-08-27T09:48:38.302649,daily,B,COMEX gold warehouse stocks loaded from gold_inventory.csv
2026-07-15,comex_inventory,841.66,ton,手动维护-COMEX,https://www.cmegroup.com/delivery_reports/Gold_Stocks.xls,2026-08-27T09:48:38.302649,daily,B,COMEX gold warehouse stocks loaded from gold_inventory.csv
2026-07-16,comex_inventory,841.82,ton,手动维护-COMEX,https://www.cmegroup.com/delivery_reports/Gold_Stocks.xls,2026-08-27T09:48:38.302649,daily,B,COMEX gold warehouse stocks loaded from gold_inventory.csv
2026-07-17,comex_inventory,841.99,ton,手动维护-COMEX,https://www.cmegroup.com/delivery_reports/Gold_Stocks.xls,2026-08-27T09:48:38.302649,daily,B,COMEX gold warehouse stocks loaded from gold_inventory.csv
2026-07-20,comex_inventory,841.99,ton,手动维护-COMEX,https://www.cmegroup.com/delivery_reports/Gold_Stocks.xls,2026-08-27T09:48:38.303648,daily,B,COMEX gold warehouse stocks loaded from gold_inventory.csv
2026-07-21,comex_inventory,841.95,ton,手动维护-COMEX,https://www.cmegroup.com/delivery_reports/Gold_Stocks.xls,2026-08-27T09:48:38.303648,daily,B,COMEX gold warehouse stocks loaded from gold_inventory.csv
2026-07-22,comex_inventory,840.04,ton,手动维护-COMEX,https://www.cmegroup.com/delivery_reports/Gold_Stocks.xls,2026-08-27T09:48:38.303648,daily,B,COMEX gold warehouse stocks loaded from gold_inventory.csv
2026-07-23,comex_inventory,840.34,ton,手动维护-COMEX,https://www.cmegroup.com/delivery_reports/Gold_Stocks.xls,2026-08-27T09:48:38.303648,daily,B,COMEX gold warehouse stocks loaded from gold_inventory.csv
2026-07-24,comex_inventory,840.61,ton,手动维护-COMEX,https://www.cmegroup.com/delivery_reports/Gold_Stocks.xls,2026-08-27T09:48:38.303648,daily,B,COMEX gold warehouse stocks loaded from gold_inventory.csv
2026-07-27,comex_inventory,840.61,ton,手动维护-COMEX,https://www.cmegroup.com/delivery_reports/Gold_Stocks.xls,2026-08-27T09:48:38.303648,daily,B,COMEX gold warehouse stocks loaded from gold_inventory.csv
2026-07-28,comex_inventory,840.59,ton,手动维护-COMEX,https://www.cmegroup.com/delivery_reports/Gold_Stocks.xls,2026-08-27T09:48:38.303648,daily,B,COMEX gold warehouse stocks loaded from gold_inventory.csv
2026-07-29,comex_inventory,840.96,ton,手动维护-COMEX,https://www.cmegroup.com/delivery_reports/Gold_Stocks.xls,2026-08-27T09:48:38.303648,daily,B,COMEX gold warehouse stocks loaded from gold_inventory.csv
2026-07-30,comex_inventory,840.96,ton,手动维护-COMEX,https://www.cmegroup.com/delivery_reports/Gold_Stocks.xls,2026-08-27T09:48:38.303648,daily,B,COMEX gold warehouse stocks loaded from gold_inventory.csv
2026-07-31,comex_inventory,840.67,ton,手动维护-COMEX,https://www.cmegroup.com/delivery_reports/Gold_Stocks.xls,2026-08-27T09:48:38.303648,daily,B,COMEX gold warehouse stocks loaded from gold_inventory.csv
2026-08-03,comex_inventory,840.67,ton,手动维护-COMEX,https://www.cmegroup.com/delivery_reports/Gold_Stocks.xls,2026-08-27T09:48:38.303648,daily,B,COMEX gold warehouse stocks loaded from gold_inventory.csv
2026-08-04,comex_inventory,840.67,ton,手动维护-COMEX,https://www.cmegroup.com/delivery_reports/Gold_Stocks.xls,2026-08-27T09:48:38.303648,daily,B,COMEX gold warehouse stocks loaded from gold_inventory.csv
2026-08-05,comex_inventory,840.67,ton,手动维护-COMEX,https://www.cmegroup.com/delivery_reports/Gold_Stocks.xls,2026-08-27T09:48:38.304651,daily,B,COMEX gold warehouse stocks loaded from gold_inventory.csv
2025-05-26,dxy,98.93,index,Yahoo Finance,https://finance.yahoo.com/quote/DX-Y.NYB,2026-06-30T10:00:50.952226,daily,B,
2025-05-27,dxy,99.52,index,Yahoo Finance,https://finance.yahoo.com/quote/DX-Y.NYB,2026-07-01T21:05:08.343285,daily,B,
2025-05-28,dxy,99.88,index,Yahoo Finance,https://finance.yahoo.com/quote/DX-Y.NYB,2026-07-02T02:44:43.693584,daily,B,
2025-05-29,dxy,99.28,index,Yahoo Finance,https://finance.yahoo.com/quote/DX-Y.NYB,2026-07-03T08:41:00.928154,daily,B,
2025-05-30,dxy,99.33,index,Yahoo Finance,https://finance.yahoo.com/quote/DX-Y.NYB,2026-07-04T00:04:13.166643,daily,B,
2025-06-02,dxy,98.7,index,Yahoo Finance,https://finance.yahoo.com/quote/DX-Y.NYB,2026-07-07T00:05:04.553316,daily,B,
2025-06-03,dxy,99.25,index,Yahoo Finance,https://finance.yahoo.com/quote/DX-Y.NYB,2026-07-08T00:02:20.429387,daily,B,
2025-06-04,dxy,98.79,index,Yahoo Finance,https://finance.yahoo.com/quote/DX-Y.NYB,2026-07-09T00:04:36.809504,daily,B,
2025-06-05,dxy,98.74,index,Yahoo Finance,https://finance.yahoo.com/quote/DX-Y.NYB,2026-07-10T00:03:37.852179,daily,B,
2025-06-06,dxy,99.19,index,Yahoo Finance,https://finance.yahoo.com/quote/DX-Y.NYB,2026-07-11T00:04:57.195111,daily,B,
2025-06-09,dxy,98.94,index,Yahoo Finance,https://finance.yahoo.com/quote/DX-Y.NYB,2026-07-14T00:02:56.872655,daily,B,
2025-06-10,dxy,99.05,index,Yahoo Finance,https://finance.yahoo.com/quote/DX-Y.NYB,2026-07-15T00:05:04.612421,daily,B,
2025-06-11,dxy,98.63,index,Yahoo Finance,https://finance.yahoo.com/quote/DX-Y.NYB,2026-07-16T08:19:09.143603,daily,B,
2025-06-12,dxy,97.92,index,Yahoo Finance,https://finance.yahoo.com/quote/DX-Y.NYB,2026-07-17T08:35:22.282598,daily,B,
2025-06-13,dxy,98.18,index,Yahoo Finance,https://finance.yahoo.com/quote/DX-Y.NYB,2026-07-18T00:03:11.973091,daily,B,
2025-06-16,dxy,98.0,index,Yahoo Finance,https://finance.yahoo.com/quote/DX-Y.NYB,2026-07-21T00:04:24.975875,daily,B,
2025-06-17,dxy,98.82,index,Yahoo Finance,https://finance.yahoo.com/quote/DX-Y.NYB,2026-07-22T00:04:55.028056,daily,B,
2025-06-18,dxy,98.91,index,Yahoo Finance,https://finance.yahoo.com/quote/DX-Y.NYB,2026-07-23T00:07:57.590707,daily,B,
2025-06-20,dxy,98.71,index,Yahoo Finance,https://finance.yahoo.com/quote/DX-Y.NYB,2026-07-25T00:03:04.412254,daily,B,
2025-06-23,dxy,98.42,index,Yahoo Finance,https://finance.yahoo.com/quote/DX-Y.NYB,2026-07-28T00:03:05.033213,daily,B,
2025-06-24,dxy,97.86,index,Yahoo Finance,https://finance.yahoo.com/quote/DX-Y.NYB,2026-07-29T00:04:17.690368,daily,B,
2025-06-25,dxy,97.68,index,Yahoo Finance,https://finance.yahoo.com/quote/DX-Y.NYB,2026-07-30T00:05:49.362148,daily,B,
2025-06-26,dxy,97.15,index,Yahoo Finance,https://finance.yahoo.com/quote/DX-Y.NYB,2026-07-31T08:47:45.197674,daily,B,
2025-06-27,dxy,97.4,index,Yahoo Finance,https://finance.yahoo.com/quote/DX-Y.NYB,2026-08-01T00:07:13.209038,daily,B,
2025-06-30,dxy,96.88,index,Yahoo Finance,https://finance.yahoo.com/quote/DX-Y.NYB,2026-08-04T00:03:10.994635,daily,B,
2025-07-01,dxy,96.82,index,Yahoo Finance,https://finance.yahoo.com/quote/DX-Y.NYB,2026-08-05T00:04:59.385182,daily,B,
2025-07-02,dxy,96.78,index,Yahoo Finance,https://finance.yahoo.com/quote/DX-Y.NYB,2026-08-06T08:59:05.869749,daily,B,
2025-07-03,dxy,97.18,index,Yahoo Finance,https://finance.yahoo.com/quote/DX-Y.NYB,2026-08-07T00:05:40.058911,daily,B,
2025-07-07,dxy,97.48,index,Yahoo Finance,https://finance.yahoo.com/quote/DX-Y.NYB,2026-08-11T00:07:13.310225,daily,B,
2025-07-08,dxy,97.51,index,Yahoo Finance,https://finance.yahoo.com/quote/DX-Y.NYB,2026-08-12T00:01:34.716471,daily,B,
2025-07-09,dxy,97.47,index,Yahoo Finance,https://finance.yahoo.com/quote/DX-Y.NYB,2026-08-13T09:14:29.926797,daily,B,
2025-07-10,dxy,97.65,index,Yahoo Finance,https://finance.yahoo.com/quote/DX-Y.NYB,2026-08-14T00:03:30.886386,daily,B,
2025-07-11,dxy,97.85,index,Yahoo Finance,https://finance.yahoo.com/quote/DX-Y.NYB,2026-08-15T00:03:52.342025,daily,B,
2025-07-14,dxy,98.08,index,Yahoo Finance,https://finance.yahoo.com/quote/DX-Y.NYB,2026-08-18T00:05:14.842789,daily,B,
2025-07-15,dxy,98.62,index,Yahoo Finance,https://finance.yahoo.com/quote/DX-Y.NYB,2026-08-19T00:06:07.723205,daily,B,
2025-07-16,dxy,98.39,index,Yahoo Finance,https://finance.yahoo.com/quote/DX-Y.NYB,2026-08-20T08:38:00.625168,daily,B,
2025-07-17,dxy,98.73,index,Yahoo Finance,https://finance.yahoo.com/quote/DX-Y.NYB,2026-08-21T00:03:48.980327,daily,B,
2025-07-18,dxy,98.48,index,Yahoo Finance,https://finance.yahoo.com/quote/DX-Y.NYB,2026-08-22T00:05:56.291748,daily,B,
2025-07-21,dxy,97.85,index,Yahoo Finance,https://finance.yahoo.com/quote/DX-Y.NYB,2026-08-25T08:47:49.714873,daily,B,
2025-07-22,dxy,97.39,index,Yahoo Finance,https://finance.yahoo.com/quote/DX-Y.NYB,2026-08-25T08:47:49.714873,daily,B,
2025-07-23,dxy,97.21,index,Yahoo Finance,https://finance.yahoo.com/quote/DX-Y.NYB,2026-08-27T09:48:29.105357,daily,B,
2025-07-24,dxy,97.38,index,Yahoo Finance,https://finance.yahoo.com/quote/DX-Y.NYB,2026-08-27T09:48:29.105357,daily,B,
2025-07-25,dxy,97.65,index,Yahoo Finance,https://finance.yahoo.com/quote/DX-Y.NYB,2026-08-27T09:48:29.105357,daily,B,
2025-07-28,dxy,98.66,index,Yahoo Finance,https://finance.yahoo.com/quote/DX-Y.NYB,2026-08-27T09:48:29.105357,daily,B,
2025-07-29,dxy,98.91,index,Yahoo Finance,https://finance.yahoo.com/quote/DX-Y.NYB,2026-08-27T09:48:29.105357,daily,B,
2025-07-30,dxy,99.94,index,Yahoo Finance,https://finance.yahoo.com/quote/DX-Y.NYB,2026-08-27T09:48:29.105357,daily,B,
2025-07-31,dxy,100.03,index,Yahoo Finance,https://finance.yahoo.com/quote/DX-Y.NYB,2026-08-27T09:48:29.105357,daily,B,
2025-08-01,dxy,98.69,index,Yahoo Finance,https://finance.yahoo.com/quote/DX-Y.NYB,2026-08-27T09:48:29.105357,daily,B,
2025-08-04,dxy,98.78,index,Yahoo Finance,https://finance.yahoo.com/quote/DX-Y.NYB,2026-08-27T09:48:29.105357,daily,B,
2025-08-05,dxy,98.78,index,Yahoo Finance,https://finance.yahoo.com/quote/DX-Y.NYB,2026-08-27T09:48:29.106357,daily,B,
2025-08-06,dxy,98.18,index,Yahoo Finance,https://finance.yahoo.com/quote/DX-Y.NYB,2026-08-27T09:48:29.106357,daily,B,
2025-08-07,dxy,98.4,index,Yahoo Finance,https://finance.yahoo.com/quote/DX-Y.NYB,2026-08-27T09:48:29.106357,daily,B,
2025-08-08,dxy,98.18,index,Yahoo Finance,https://finance.yahoo.com/quote/DX-Y.NYB,2026-08-27T09:48:29.106357,daily,B,
2025-08-11,dxy,98.52,index,Yahoo Finance,https://finance.yahoo.com/quote/DX-Y.NYB,2026-08-27T09:48:29.106357,daily,B,
2025-08-12,dxy,98.1,index,Yahoo Finance,https://finance.yahoo.com/quote/DX-Y.NYB,2026-08-27T09:48:29.106357,daily,B,
2025-08-13,dxy,97.84,index,Yahoo Finance,https://finance.yahoo.com/quote/DX-Y.NYB,2026-08-27T09:48:29.106357,daily,B,
2025-08-14,dxy,98.25,index,Yahoo Finance,https://finance.yahoo.com/quote/DX-Y.NYB,2026-08-27T09:48:29.106357,daily,B,
2025-08-15,dxy,97.85,index,Yahoo Finance,https://finance.yahoo.com/quote/DX-Y.NYB,2026-08-27T09:48:29.106357,daily,B,
2025-08-18,dxy,98.17,index,Yahoo Finance,https://finance.yahoo.com/quote/DX-Y.NYB,2026-08-27T09:48:29.106357,daily,B,
2025-08-19,dxy,98.27,index,Yahoo Finance,https://finance.yahoo.com/quote/DX-Y.NYB,2026-08-27T09:48:29.106357,daily,B,
2025-08-20,dxy,98.22,index,Yahoo Finance,https://finance.yahoo.com/quote/DX-Y.NYB,2026-08-27T09:48:29.106357,daily,B,
2025-08-21,dxy,98.62,index,Yahoo Finance,https://finance.yahoo.com/quote/DX-Y.NYB,2026-08-27T09:48:29.107354,daily,B,
2025-08-22,dxy,97.72,index,Yahoo Finance,https://finance.yahoo.com/quote/DX-Y.NYB,2026-08-27T09:48:29.107354,daily,B,
2025-08-25,dxy,98.43,index,Yahoo Finance,https://finance.yahoo.com/quote/DX-Y.NYB,2026-08-27T09:48:29.107354,daily,B,
2025-08-26,dxy,98.23,index,Yahoo Finance,https://finance.yahoo.com/quote/DX-Y.NYB,2026-08-27T09:48:29.107354,daily,B,
2025-08-27,dxy,98.23,index,Yahoo Finance,https://finance.yahoo.com/quote/DX-Y.NYB,2026-08-27T09:48:29.107354,daily,B,
2025-08-28,dxy,97.81,index,Yahoo Finance,https://finance.yahoo.com/quote/DX-Y.NYB,2026-08-27T09:48:29.107354,daily,B,
2025-08-29,dxy,97.77,index,Yahoo Finance,https://finance.yahoo.com/quote/DX-Y.NYB,2026-08-27T09:48:29.107354,daily,B,
2025-09-02,dxy,98.4,index,Yahoo Finance,https://finance.yahoo.com/quote/DX-Y.NYB,2026-08-27T09:48:29.107354,daily,B,
2025-09-03,dxy,98.14,index,Yahoo Finance,https://finance.yahoo.com/quote/DX-Y.NYB,2026-08-27T09:48:29.107354,daily,B,
2025-09-04,dxy,98.35,index,Yahoo Finance,https://finance.yahoo.com/quote/DX-Y.NYB,2026-08-27T09:48:29.107354,daily,B,
2025-09-05,dxy,97.77,index,Yahoo Finance,https://finance.yahoo.com/quote/DX-Y.NYB,2026-08-27T09:48:29.107354,daily,B,
2025-09-08,dxy,97.45,index,Yahoo Finance,https://finance.yahoo.com/quote/DX-Y.NYB,2026-08-27T09:48:29.107354,daily,B,
2025-09-09,dxy,97.79,index,Yahoo Finance,https://finance.yahoo.com/quote/DX-Y.NYB,2026-08-27T09:48:29.107354,daily,B,
2025-09-10,dxy,97.78,index,Yahoo Finance,https://finance.yahoo.com/quote/DX-Y.NYB,2026-08-27T09:48:29.108353,daily,B,
2025-09-11,dxy,97.54,index,Yahoo Finance,https://finance.yahoo.com/quote/DX-Y.NYB,2026-08-27T09:48:29.108353,daily,B,
2025-09-12,dxy,97.55,index,Yahoo Finance,https://finance.yahoo.com/quote/DX-Y.NYB,2026-08-27T09:48:29.108353,daily,B,
2025-09-15,dxy,97.3,index,Yahoo Finance,https://finance.yahoo.com/quote/DX-Y.NYB,2026-08-27T09:48:29.108353,daily,B,
2025-09-16,dxy,96.63,index,Yahoo Finance,https://finance.yahoo.com/quote/DX-Y.NYB,2026-08-27T09:48:29.108353,daily,B,
2025-09-17,dxy,96.87,index,Yahoo Finance,https://finance.yahoo.com/quote/DX-Y.NYB,2026-08-27T09:48:29.108353,daily,B,
2025-09-18,dxy,97.35,index,Yahoo Finance,https://finance.yahoo.com/quote/DX-Y.NYB,2026-08-27T09:48:29.108353,daily,B,
2025-09-19,dxy,97.64,index,Yahoo Finance,https://finance.yahoo.com/quote/DX-Y.NYB,2026-08-27T09:48:29.108353,daily,B,
2025-09-22,dxy,97.33,index,Yahoo Finance,https://finance.yahoo.com/quote/DX-Y.NYB,2026-08-27T09:48:29.108353,daily,B,
2025-09-23,dxy,97.26,index,Yahoo Finance,https://finance.yahoo.com/quote/DX-Y.NYB,2026-08-27T09:48:29.108353,daily,B,
2025-09-24,dxy,97.87,index,Yahoo Finance,https://finance.yahoo.com/quote/DX-Y.NYB,2026-08-27T09:48:29.108353,daily,B,
2025-09-25,dxy,98.55,index,Yahoo Finance,https://finance.yahoo.com/quote/DX-Y.NYB,2026-08-27T09:48:29.108353,daily,B,
2025-09-26,dxy,98.15,index,Yahoo Finance,https://finance.yahoo.com/quote/DX-Y.NYB,2026-08-27T09:48:29.109353,daily,B,
2025-09-29,dxy,97.91,index,Yahoo Finance,https://finance.yahoo.com/quote/DX-Y.NYB,2026-08-27T09:48:29.109353,daily,B,
2025-09-30,dxy,97.77,index,Yahoo Finance,https://finance.yahoo.com/quote/DX-Y.NYB,2026-08-27T09:48:29.109353,daily,B,
2025-10-01,dxy,97.71,index,Yahoo Finance,https://finance.yahoo.com/quote/DX-Y.NYB,2026-08-27T09:48:29.109353,daily,B,
2025-10-02,dxy,97.85,index,Yahoo Finance,https://finance.yahoo.com/quote/DX-Y.NYB,2026-08-27T09:48:29.109353,daily,B,
2025-10-03,dxy,97.72,index,Yahoo Finance,https://finance.yahoo.com/quote/DX-Y.NYB,2026-08-27T09:48:29.109353,daily,B,
2025-10-06,dxy,98.11,index,Yahoo Finance,https://finance.yahoo.com/quote/DX-Y.NYB,2026-08-27T09:48:29.109353,daily,B,
2025-10-07,dxy,98.58,index,Yahoo Finance,https://finance.yahoo.com/quote/DX-Y.NYB,2026-08-27T09:48:29.109353,daily,B,
2025-10-08,dxy,98.85,index,Yahoo Finance,https://finance.yahoo.com/quote/DX-Y.NYB,2026-08-27T09:48:29.109353,daily,B,
2025-10-09,dxy,99.54,index,Yahoo Finance,https://finance.yahoo.com/quote/DX-Y.NYB,2026-08-27T09:48:29.109353,daily,B,
2025-10-10,dxy,98.98,index,Yahoo Finance,https://finance.yahoo.com/quote/DX-Y.NYB,2026-08-27T09:48:29.109353,daily,B,
2025-10-13,dxy,99.27,index,Yahoo Finance,https://finance.yahoo.com/quote/DX-Y.NYB,2026-08-27T09:48:29.109353,daily,B,
2025-10-14,dxy,99.05,index,Yahoo Finance,https://finance.yahoo.com/quote/DX-Y.NYB,2026-08-27T09:48:29.110354,daily,B,
2025-10-15,dxy,98.79,index,Yahoo Finance,https://finance.yahoo.com/quote/DX-Y.NYB,2026-08-27T09:48:29.110354,daily,B,
2025-10-16,dxy,98.39,index,Yahoo Finance,https://finance.yahoo.com/quote/DX-Y.NYB,2026-08-27T09:48:29.110354,daily,B,
2025-10-17,dxy,98.43,index,Yahoo Finance,https://finance.yahoo.com/quote/DX-Y.NYB,2026-08-27T09:48:29.110354,daily,B,
2025-10-20,dxy,98.59,index,Yahoo Finance,https://finance.yahoo.com/quote/DX-Y.NYB,2026-08-27T09:48:29.110354,daily,B,
2025-10-21,dxy,98.93,index,Yahoo Finance,https://finance.yahoo.com/quote/DX-Y.NYB,2026-08-27T09:48:29.110354,daily,B,
2025-10-22,dxy,98.9,index,Yahoo Finance,https://finance.yahoo.com/quote/DX-Y.NYB,2026-08-27T09:48:29.110354,daily,B,
2025-10-23,dxy,98.94,index,Yahoo Finance,https://finance.yahoo.com/quote/DX-Y.NYB,2026-08-27T09:48:29.110354,daily,B,
2025-10-24,dxy,98.95,index,Yahoo Finance,https://finance.yahoo.com/quote/DX-Y.NYB,2026-08-27T09:48:29.110354,daily,B,
2025-10-27,dxy,98.78,index,Yahoo Finance,https://finance.yahoo.com/quote/DX-Y.NYB,2026-08-27T09:48:29.110354,daily,B,
2025-10-28,dxy,98.69,index,Yahoo Finance,https://finance.yahoo.com/quote/DX-Y.NYB,2026-08-27T09:48:29.110354,daily,B,
2025-10-29,dxy,99.22,index,Yahoo Finance,https://finance.yahoo.com/quote/DX-Y.NYB,2026-08-27T09:48:29.110354,daily,B,
2025-10-30,dxy,99.53,index,Yahoo Finance,https://finance.yahoo.com/quote/DX-Y.NYB,2026-08-27T09:48:29.110354,daily,B,
2025-10-31,dxy,99.8,index,Yahoo Finance,https://finance.yahoo.com/quote/DX-Y.NYB,2026-08-27T09:48:29.111353,daily,B,
2025-11-03,dxy,99.87,index,Yahoo Finance,https://finance.yahoo.com/quote/DX-Y.NYB,2026-08-27T09:48:29.111353,daily,B,
2025-11-04,dxy,100.22,index,Yahoo Finance,https://finance.yahoo.com/quote/DX-Y.NYB,2026-08-27T09:48:29.111353,daily,B,
2025-11-05,dxy,100.2,index,Yahoo Finance,https://finance.yahoo.com/quote/DX-Y.NYB,2026-08-27T09:48:29.111353,daily,B,
2025-11-06,dxy,99.73,index,Yahoo Finance,https://finance.yahoo.com/quote/DX-Y.NYB,2026-08-27T09:48:29.111353,daily,B,
2025-11-07,dxy,99.6,index,Yahoo Finance,https://finance.yahoo.com/quote/DX-Y.NYB,2026-08-27T09:48:29.111353,daily,B,
2025-11-10,dxy,99.62,index,Yahoo Finance,https://finance.yahoo.com/quote/DX-Y.NYB,2026-08-27T09:48:29.111353,daily,B,
2025-11-11,dxy,99.46,index,Yahoo Finance,https://finance.yahoo.com/quote/DX-Y.NYB,2026-08-27T09:48:29.111353,daily,B,
2025-11-12,dxy,99.48,index,Yahoo Finance,https://finance.yahoo.com/quote/DX-Y.NYB,2026-08-27T09:48:29.111353,daily,B,
2025-11-13,dxy,99.18,index,Yahoo Finance,https://finance.yahoo.com/quote/DX-Y.NYB,2026-08-27T09:48:29.111353,daily,B,
2025-11-14,dxy,99.27,index,Yahoo Finance,https://finance.yahoo.com/quote/DX-Y.NYB,2026-08-27T09:48:29.111353,daily,B,
2025-11-17,dxy,99.59,index,Yahoo Finance,https://finance.yahoo.com/quote/DX-Y.NYB,2026-08-27T09:48:29.111353,daily,B,
2025-11-18,dxy,99.55,index,Yahoo Finance,https://finance.yahoo.com/quote/DX-Y.NYB,2026-08-27T09:48:29.112353,daily,B,
2025-11-19,dxy,100.23,index,Yahoo Finance,https://finance.yahoo.com/quote/DX-Y.NYB,2026-08-27T09:48:29.112353,daily,B,
2025-11-20,dxy,100.16,index,Yahoo Finance,https://finance.yahoo.com/quote/DX-Y.NYB,2026-08-27T09:48:29.112353,daily,B,
2025-11-21,dxy,100.18,index,Yahoo Finance,https://finance.yahoo.com/quote/DX-Y.NYB,2026-08-27T09:48:29.112353,daily,B,
2025-11-24,dxy,100.14,index,Yahoo Finance,https://finance.yahoo.com/quote/DX-Y.NYB,2026-08-27T09:48:29.112353,daily,B,
2025-11-25,dxy,99.66,index,Yahoo Finance,https://finance.yahoo.com/quote/DX-Y.NYB,2026-08-27T09:48:29.112353,daily,B,
2025-11-26,dxy,99.6,index,Yahoo Finance,https://finance.yahoo.com/quote/DX-Y.NYB,2026-08-27T09:48:29.112353,daily,B,
2025-11-28,dxy,99.46,index,Yahoo Finance,https://finance.yahoo.com/quote/DX-Y.NYB,2026-08-27T09:48:29.112353,daily,B,
2025-12-01,dxy,99.41,index,Yahoo Finance,https://finance.yahoo.com/quote/DX-Y.NYB,2026-08-27T09:48:29.112353,daily,B,
2025-12-02,dxy,99.36,index,Yahoo Finance,https://finance.yahoo.com/quote/DX-Y.NYB,2026-08-27T09:48:29.112353,daily,B,
2025-12-03,dxy,98.85,index,Yahoo Finance,https://finance.yahoo.com/quote/DX-Y.NYB,2026-08-27T09:48:29.112353,daily,B,
2025-12-04,dxy,98.99,index,Yahoo Finance,https://finance.yahoo.com/quote/DX-Y.NYB,2026-08-27T09:48:29.112353,daily,B,
2025-12-05,dxy,98.99,index,Yahoo Finance,https://finance.yahoo.com/quote/DX-Y.NYB,2026-08-27T09:48:29.112353,daily,B,
2025-12-08,dxy,99.09,index,Yahoo Finance,https://finance.yahoo.com/quote/DX-Y.NYB,2026-08-27T09:48:29.113353,daily,B,
2025-12-09,dxy,99.22,index,Yahoo Finance,https://finance.yahoo.com/quote/DX-Y.NYB,2026-08-27T09:48:29.113353,daily,B,
2025-12-10,dxy,98.79,index,Yahoo Finance,https://finance.yahoo.com/quote/DX-Y.NYB,2026-08-27T09:48:29.113353,daily,B,
2025-12-11,dxy,98.35,index,Yahoo Finance,https://finance.yahoo.com/quote/DX-Y.NYB,2026-08-27T09:48:29.113353,daily,B,
2025-12-12,dxy,98.4,index,Yahoo Finance,https://finance.yahoo.com/quote/DX-Y.NYB,2026-08-27T09:48:29.113353,daily,B,
2025-12-15,dxy,98.15,index,Yahoo Finance,https://finance.yahoo.com/quote/DX-Y.NYB,2026-08-27T09:48:29.113353,daily,B,
2025-12-16,dxy,98.15,index,Yahoo Finance,https://finance.yahoo.com/quote/DX-Y.NYB,2026-08-27T09:48:29.113353,daily,B,
2025-12-17,dxy,98.37,index,Yahoo Finance,https://finance.yahoo.com/quote/DX-Y.NYB,2026-08-27T09:48:29.113353,daily,B,
2025-12-18,dxy,98.43,index,Yahoo Finance,https://finance.yahoo.com/quote/DX-Y.NYB,2026-08-27T09:48:29.113353,daily,B,
2025-12-19,dxy,98.6,index,Yahoo Finance,https://finance.yahoo.com/quote/DX-Y.NYB,2026-08-27T09:48:29.113353,daily,B,
2025-12-22,dxy,98.29,index,Yahoo Finance,https://finance.yahoo.com/quote/DX-Y.NYB,2026-08-27T09:48:29.113353,daily,B,
2025-12-23,dxy,97.94,index,Yahoo Finance,https://finance.yahoo.com/quote/DX-Y.NYB,2026-08-27T09:48:29.113353,daily,B,
2025-12-24,dxy,97.98,index,Yahoo Finance,https://finance.yahoo.com/quote/DX-Y.NYB,2026-08-27T09:48:29.114353,daily,B,
2025-12-26,dxy,98.02,index,Yahoo Finance,https://finance.yahoo.com/quote/DX-Y.NYB,2026-08-27T09:48:29.114353,daily,B,
2025-12-29,dxy,98.04,index,Yahoo Finance,https://finance.yahoo.com/quote/DX-Y.NYB,2026-08-27T09:48:29.114353,daily,B,
2025-12-30,dxy,98.24,index,Yahoo Finance,https://finance.yahoo.com/quote/DX-Y.NYB,2026-08-27T09:48:29.114353,daily,B,
2025-12-31,dxy,98.28,index,Yahoo Finance,https://finance.yahoo.com/quote/DX-Y.NYB,2026-08-27T09:48:29.114353,daily,B,
2026-01-02,dxy,98.42,index,Yahoo Finance,https://finance.yahoo.com/quote/DX-Y.NYB,2026-08-27T09:48:29.114353,daily,B,
2026-01-05,dxy,98.27,index,Yahoo Finance,https://finance.yahoo.com/quote/DX-Y.NYB,2026-08-27T09:48:29.114353,daily,B,
2026-01-06,dxy,98.58,index,Yahoo Finance,https://finance.yahoo.com/quote/DX-Y.NYB,2026-08-27T09:48:29.114353,daily,B,
2026-01-07,dxy,98.68,index,Yahoo Finance,https://finance.yahoo.com/quote/DX-Y.NYB,2026-08-27T09:48:29.114353,daily,B,
2026-01-08,dxy,98.93,index,Yahoo Finance,https://finance.yahoo.com/quote/DX-Y.NYB,2026-08-27T09:48:29.114353,daily,B,
2026-01-09,dxy,99.13,index,Yahoo Finance,https://finance.yahoo.com/quote/DX-Y.NYB,2026-08-27T09:48:29.114353,daily,B,
2026-01-12,dxy,98.86,index,Yahoo Finance,https://finance.yahoo.com/quote/DX-Y.NYB,2026-08-27T09:48:29.114353,daily,B,
2026-01-13,dxy,99.13,index,Yahoo Finance,https://finance.yahoo.com/quote/DX-Y.NYB,2026-08-27T09:48:29.115353,daily,B,
2026-01-14,dxy,99.13,index,Yahoo Finance,https://finance.yahoo.com/quote/DX-Y.NYB,2026-08-27T09:48:29.115353,daily,B,
2026-01-15,dxy,99.32,index,Yahoo Finance,https://finance.yahoo.com/quote/DX-Y.NYB,2026-08-27T09:48:29.115353,daily,B,
2026-01-16,dxy,99.39,index,Yahoo Finance,https://finance.yahoo.com/quote/DX-Y.NYB,2026-08-27T09:48:29.115353,daily,B,
2026-01-20,dxy,98.64,index,Yahoo Finance,https://finance.yahoo.com/quote/DX-Y.NYB,2026-08-27T09:48:29.115353,daily,B,
2026-01-21,dxy,98.76,index,Yahoo Finance,https://finance.yahoo.com/quote/DX-Y.NYB,2026-08-27T09:48:29.115353,daily,B,
2026-01-22,dxy,98.36,index,Yahoo Finance,https://finance.yahoo.com/quote/DX-Y.NYB,2026-08-27T09:48:29.115353,daily,B,
2026-01-23,dxy,97.6,index,Yahoo Finance,https://finance.yahoo.com/quote/DX-Y.NYB,2026-08-27T09:48:29.115353,daily,B,
2026-01-26,dxy,97.04,index,Yahoo Finance,https://finance.yahoo.com/quote/DX-Y.NYB,2026-08-27T09:48:29.115353,daily,B,
2026-01-27,dxy,96.22,index,Yahoo Finance,https://finance.yahoo.com/quote/DX-Y.NYB,2026-08-27T09:48:29.115353,daily,B,
2026-01-28,dxy,96.45,index,Yahoo Finance,https://finance.yahoo.com/quote/DX-Y.NYB,2026-08-27T09:48:29.115353,daily,B,
2026-01-29,dxy,96.28,index,Yahoo Finance,https://finance.yahoo.com/quote/DX-Y.NYB,2026-08-27T09:48:29.115353,daily,B,
2026-01-30,dxy,96.99,index,Yahoo Finance,https://finance.yahoo.com/quote/DX-Y.NYB,2026-08-27T09:48:29.115353,daily,B,
2026-02-02,dxy,97.61,index,Yahoo Finance,https://finance.yahoo.com/quote/DX-Y.NYB,2026-08-27T09:48:29.116353,daily,B,
2026-02-03,dxy,97.44,index,Yahoo Finance,https://finance.yahoo.com/quote/DX-Y.NYB,2026-08-27T09:48:29.116353,daily,B,
2026-02-04,dxy,97.62,index,Yahoo Finance,https://finance.yahoo.com/quote/DX-Y.NYB,2026-08-27T09:48:29.116353,daily,B,
2026-02-05,dxy,97.82,index,Yahoo Finance,https://finance.yahoo.com/quote/DX-Y.NYB,2026-08-27T09:48:29.116353,daily,B,
2026-02-06,dxy,97.63,index,Yahoo Finance,https://finance.yahoo.com/quote/DX-Y.NYB,2026-08-27T09:48:29.116353,daily,B,
2026-02-09,dxy,96.82,index,Yahoo Finance,https://finance.yahoo.com/quote/DX-Y.NYB,2026-08-27T09:48:29.116353,daily,B,
2026-02-10,dxy,96.8,index,Yahoo Finance,https://finance.yahoo.com/quote/DX-Y.NYB,2026-08-27T09:48:29.116353,daily,B,
2026-02-11,dxy,96.83,index,Yahoo Finance,https://finance.yahoo.com/quote/DX-Y.NYB,2026-08-27T09:48:29.116353,daily,B,
2026-02-12,dxy,96.93,index,Yahoo Finance,https://finance.yahoo.com/quote/DX-Y.NYB,2026-08-27T09:48:29.116353,daily,B,
2026-02-13,dxy,96.88,index,Yahoo Finance,https://finance.yahoo.com/quote/DX-Y.NYB,2026-08-27T09:48:29.116353,daily,B,
2026-02-17,dxy,97.16,index,Yahoo Finance,https://finance.yahoo.com/quote/DX-Y.NYB,2026-08-27T09:48:29.116353,daily,B,
2026-02-18,dxy,97.7,index,Yahoo Finance,https://finance.yahoo.com/quote/DX-Y.NYB,2026-08-27T09:48:29.116353,daily,B,
2026-02-19,dxy,97.93,index,Yahoo Finance,https://finance.yahoo.com/quote/DX-Y.NYB,2026-08-27T09:48:29.117353,daily,B,
2026-02-20,dxy,97.8,index,Yahoo Finance,https://finance.yahoo.com/quote/DX-Y.NYB,2026-08-27T09:48:29.117353,daily,B,
2026-02-23,dxy,97.7,index,Yahoo Finance,https://finance.yahoo.com/quote/DX-Y.NYB,2026-08-27T09:48:29.117353,daily,B,
2026-02-24,dxy,97.88,index,Yahoo Finance,https://finance.yahoo.com/quote/DX-Y.NYB,2026-08-27T09:48:29.117353,daily,B,
2026-02-25,dxy,97.7,index,Yahoo Finance,https://finance.yahoo.com/quote/DX-Y.NYB,2026-08-27T09:48:29.117353,daily,B,
2026-02-26,dxy,97.79,index,Yahoo Finance,https://finance.yahoo.com/quote/DX-Y.NYB,2026-08-27T09:48:29.117353,daily,B,
2026-02-27,dxy,97.61,index,Yahoo Finance,https://finance.yahoo.com/quote/DX-Y.NYB,2026-08-27T09:48:29.117353,daily,B,
2026-03-02,dxy,98.38,index,Yahoo Finance,https://finance.yahoo.com/quote/DX-Y.NYB,2026-08-27T09:48:29.117353,daily,B,
2026-03-03,dxy,99.05,index,Yahoo Finance,https://finance.yahoo.com/quote/DX-Y.NYB,2026-08-27T09:48:29.117353,daily,B,
2026-03-04,dxy,98.77,index,Yahoo Finance,https://finance.yahoo.com/quote/DX-Y.NYB,2026-08-27T09:48:29.117353,daily,B,
2026-03-05,dxy,99.32,index,Yahoo Finance,https://finance.yahoo.com/quote/DX-Y.NYB,2026-08-27T09:48:29.117353,daily,B,
2026-03-06,dxy,98.99,index,Yahoo Finance,https://finance.yahoo.com/quote/DX-Y.NYB,2026-08-27T09:48:29.117353,daily,B,
2026-03-09,dxy,99.18,index,Yahoo Finance,https://finance.yahoo.com/quote/DX-Y.NYB,2026-08-27T09:48:29.117353,daily,B,
2026-03-10,dxy,98.83,index,Yahoo Finance,https://finance.yahoo.com/quote/DX-Y.NYB,2026-08-27T09:48:29.118353,daily,B,
2026-03-11,dxy,99.23,index,Yahoo Finance,https://finance.yahoo.com/quote/DX-Y.NYB,2026-08-27T09:48:29.118353,daily,B,
2026-03-12,dxy,99.74,index,Yahoo Finance,https://finance.yahoo.com/quote/DX-Y.NYB,2026-08-27T09:48:29.118353,daily,B,
2026-03-13,dxy,100.36,index,Yahoo Finance,https://finance.yahoo.com/quote/DX-Y.NYB,2026-08-27T09:48:29.118353,daily,B,
2026-03-16,dxy,99.71,index,Yahoo Finance,https://finance.yahoo.com/quote/DX-Y.NYB,2026-08-27T09:48:29.118353,daily,B,
2026-03-17,dxy,99.58,index,Yahoo Finance,https://finance.yahoo.com/quote/DX-Y.NYB,2026-08-27T09:48:29.118353,daily,B,
2026-03-18,dxy,100.09,index,Yahoo Finance,https://finance.yahoo.com/quote/DX-Y.NYB,2026-08-27T09:48:29.118353,daily,B,
2026-03-19,dxy,99.23,index,Yahoo Finance,https://finance.yahoo.com/quote/DX-Y.NYB,2026-08-27T09:48:29.118353,daily,B,
2026-03-20,dxy,99.65,index,Yahoo Finance,https://finance.yahoo.com/quote/DX-Y.NYB,2026-08-27T09:48:29.118353,daily,B,
2026-03-23,dxy,98.95,index,Yahoo Finance,https://finance.yahoo.com/quote/DX-Y.NYB,2026-08-27T09:48:29.118353,daily,B,
2026-03-24,dxy,99.43,index,Yahoo Finance,https://finance.yahoo.com/quote/DX-Y.NYB,2026-08-27T09:48:29.118353,daily,B,
2026-03-25,dxy,99.6,index,Yahoo Finance,https://finance.yahoo.com/quote/DX-Y.NYB,2026-08-27T09:48:29.118353,daily,B,
2026-03-26,dxy,99.9,index,Yahoo Finance,https://finance.yahoo.com/quote/DX-Y.NYB,2026-08-27T09:48:29.119353,daily,B,
2026-03-27,dxy,100.15,index,Yahoo Finance,https://finance.yahoo.com/quote/DX-Y.NYB,2026-08-27T09:48:29.119353,daily,B,
2026-03-30,dxy,100.51,index,Yahoo Finance,https://finance.yahoo.com/quote/DX-Y.NYB,2026-08-27T09:48:29.119353,daily,B,
2026-03-31,dxy,99.96,index,Yahoo Finance,https://finance.yahoo.com/quote/DX-Y.NYB,2026-08-27T09:48:29.119353,daily,B,
2026-04-01,dxy,99.65,index,Yahoo Finance,https://finance.yahoo.com/quote/DX-Y.NYB,2026-08-27T09:48:29.119353,daily,B,
2026-04-02,dxy,100.03,index,Yahoo Finance,https://finance.yahoo.com/quote/DX-Y.NYB,2026-08-27T09:48:29.119353,daily,B,
2026-04-06,dxy,99.98,index,Yahoo Finance,https://finance.yahoo.com/quote/DX-Y.NYB,2026-08-27T09:48:29.119353,daily,B,
2026-04-07,dxy,99.64,index,Yahoo Finance,https://finance.yahoo.com/quote/DX-Y.NYB,2026-08-27T09:48:29.119353,daily,B,
2026-04-08,dxy,99.13,index,Yahoo Finance,https://finance.yahoo.com/quote/DX-Y.NYB,2026-08-27T09:48:29.119353,daily,B,
2026-04-09,dxy,98.82,index,Yahoo Finance,https://finance.yahoo.com/quote/DX-Y.NYB,2026-08-27T09:48:29.119353,daily,B,
2026-04-10,dxy,98.65,index,Yahoo Finance,https://finance.yahoo.com/quote/DX-Y.NYB,2026-08-27T09:48:29.119353,daily,B,
2026-04-13,dxy,98.37,index,Yahoo Finance,https://finance.yahoo.com/quote/DX-Y.NYB,2026-08-27T09:48:29.119353,daily,B,
2026-04-14,dxy,98.12,index,Yahoo Finance,https://finance.yahoo.com/quote/DX-Y.NYB,2026-08-27T09:48:29.120353,daily,B,
2026-04-15,dxy,98.06,index,Yahoo Finance,https://finance.yahoo.com/quote/DX-Y.NYB,2026-08-27T09:48:29.120480,daily,B,
2026-04-16,dxy,98.22,index,Yahoo Finance,https://finance.yahoo.com/quote/DX-Y.NYB,2026-08-27T09:48:29.120480,daily,B,
2026-04-17,dxy,98.1,index,Yahoo Finance,https://finance.yahoo.com/quote/DX-Y.NYB,2026-08-27T09:48:29.120480,daily,B,
2026-04-20,dxy,98.05,index,Yahoo Finance,https://finance.yahoo.com/quote/DX-Y.NYB,2026-08-27T09:48:29.120480,daily,B,
2026-04-21,dxy,98.41,index,Yahoo Finance,https://finance.yahoo.com/quote/DX-Y.NYB,2026-08-27T09:48:29.120480,daily,B,
2026-04-22,dxy,98.59,index,Yahoo Finance,https://finance.yahoo.com/quote/DX-Y.NYB,2026-08-27T09:48:29.120480,daily,B,
2026-04-23,dxy,98.8,index,Yahoo Finance,https://finance.yahoo.com/quote/DX-Y.NYB,2026-08-27T09:48:29.120992,daily,B,
2026-04-24,dxy,98.51,index,Yahoo Finance,https://finance.yahoo.com/quote/DX-Y.NYB,2026-08-27T09:48:29.120992,daily,B,
2026-04-27,dxy,98.48,index,Yahoo Finance,https://finance.yahoo.com/quote/DX-Y.NYB,2026-08-27T09:48:29.120992,daily,B,
2026-04-28,dxy,98.62,index,Yahoo Finance,https://finance.yahoo.com/quote/DX-Y.NYB,2026-08-27T09:48:29.120992,daily,B,
2026-04-29,dxy,98.92,index,Yahoo Finance,https://finance.yahoo.com/quote/DX-Y.NYB,2026-08-27T09:48:29.120992,daily,B,
2026-04-30,dxy,98.08,index,Yahoo Finance,https://finance.yahoo.com/quote/DX-Y.NYB,2026-08-27T09:48:29.120992,daily,B,
2026-05-01,dxy,98.21,index,Yahoo Finance,https://finance.yahoo.com/quote/DX-Y.NYB,2026-08-27T09:48:29.120992,daily,B,
2026-05-04,dxy,98.47,index,Yahoo Finance,https://finance.yahoo.com/quote/DX-Y.NYB,2026-08-27T09:48:29.120992,daily,B,
2026-05-05,dxy,98.48,index,Yahoo Finance,https://finance.yahoo.com/quote/DX-Y.NYB,2026-08-27T09:48:29.120992,daily,B,
2026-05-06,dxy,98.02,index,Yahoo Finance,https://finance.yahoo.com/quote/DX-Y.NYB,2026-08-27T09:48:29.120992,daily,B,
2026-05-07,dxy,98.25,index,Yahoo Finance,https://finance.yahoo.com/quote/DX-Y.NYB,2026-08-27T09:48:29.120992,daily,B,
2026-05-08,dxy,97.84,index,Yahoo Finance,https://finance.yahoo.com/quote/DX-Y.NYB,2026-08-27T09:48:29.120992,daily,B,
2026-05-11,dxy,97.94,index,Yahoo Finance,https://finance.yahoo.com/quote/DX-Y.NYB,2026-08-27T09:48:29.122010,daily,B,
2026-05-12,dxy,98.29,index,Yahoo Finance,https://finance.yahoo.com/quote/DX-Y.NYB,2026-08-27T09:48:29.122010,daily,B,
2026-05-13,dxy,98.48,index,Yahoo Finance,https://finance.yahoo.com/quote/DX-Y.NYB,2026-08-27T09:48:29.122010,daily,B,
2026-05-14,dxy,98.88,index,Yahoo Finance,https://finance.yahoo.com/quote/DX-Y.NYB,2026-08-27T09:48:29.122010,daily,B,
2026-05-15,dxy,99.27,index,Yahoo Finance,https://finance.yahoo.com/quote/DX-Y.NYB,2026-08-27T09:48:29.122010,daily,B,
2026-05-18,dxy,98.97,index,Yahoo Finance,https://finance.yahoo.com/quote/DX-Y.NYB,2026-08-27T09:48:29.122010,daily,B,
2026-05-19,dxy,99.3,index,Yahoo Finance,https://finance.yahoo.com/quote/DX-Y.NYB,2026-08-27T09:48:29.122010,daily,B,
2026-05-20,dxy,99.11,index,Yahoo Finance,https://finance.yahoo.com/quote/DX-Y.NYB,2026-08-27T09:48:29.122010,daily,B,
2026-05-21,dxy,99.19,index,Yahoo Finance,https://finance.yahoo.com/quote/DX-Y.NYB,2026-08-27T09:48:29.122010,daily,B,
2026-05-22,dxy,99.32,index,Yahoo Finance,https://finance.yahoo.com/quote/DX-Y.NYB,2026-08-27T09:48:29.122010,daily,B,
2026-05-26,dxy,99.17,index,Yahoo Finance,https://finance.yahoo.com/quote/DX-Y.NYB,2026-08-27T09:48:29.122010,daily,B,
2026-05-27,dxy,99.21,index,Yahoo Finance,https://finance.yahoo.com/quote/DX-Y.NYB,2026-08-27T09:48:29.122010,daily,B,
2026-05-28,dxy,99.02,index,Yahoo Finance,https://finance.yahoo.com/quote/DX-Y.NYB,2026-08-27T09:48:29.123008,daily,B,
2026-05-29,dxy,98.91,index,Yahoo Finance,https://finance.yahoo.com/quote/DX-Y.NYB,2026-08-27T09:48:29.123008,daily,B,
2026-06-01,dxy,99.2,index,Yahoo Finance,https://finance.yahoo.com/quote/DX-Y.NYB,2026-08-27T09:48:29.123008,daily,B,
2026-06-02,dxy,99.22,index,Yahoo Finance,https://finance.yahoo.com/quote/DX-Y.NYB,2026-08-27T09:48:29.123008,daily,B,
2026-06-03,dxy,99.53,index,Yahoo Finance,https://finance.yahoo.com/quote/DX-Y.NYB,2026-08-27T09:48:29.123008,daily,B,
2026-06-04,dxy,99.41,index,Yahoo Finance,https://finance.yahoo.com/quote/DX-Y.NYB,2026-08-27T09:48:29.123008,daily,B,
2026-06-05,dxy,100.07,index,Yahoo Finance,https://finance.yahoo.com/quote/DX-Y.NYB,2026-08-27T09:48:29.123008,daily,B,
2026-06-08,dxy,100.05,index,Yahoo Finance,https://finance.yahoo.com/quote/DX-Y.NYB,2026-08-27T09:48:29.123008,daily,B,
2026-06-09,dxy,99.91,index,Yahoo Finance,https://finance.yahoo.com/quote/DX-Y.NYB,2026-08-27T09:48:29.123008,daily,B,
2026-06-10,dxy,99.95,index,Yahoo Finance,https://finance.yahoo.com/quote/DX-Y.NYB,2026-08-27T09:48:29.123008,daily,B,
2026-06-11,dxy,99.86,index,Yahoo Finance,https://finance.yahoo.com/quote/DX-Y.NYB,2026-08-27T09:48:29.123008,daily,B,
2026-06-12,dxy,99.75,index,Yahoo Finance,https://finance.yahoo.com/quote/DX-Y.NYB,2026-08-27T09:48:29.123008,daily,B,
2026-06-15,dxy,99.63,index,Yahoo Finance,https://finance.yahoo.com/quote/DX-Y.NYB,2026-08-27T09:48:29.124005,daily,B,
2026-06-16,dxy,99.54,index,Yahoo Finance,https://finance.yahoo.com/quote/DX-Y.NYB,2026-08-27T09:48:29.124005,daily,B,
2026-06-17,dxy,100.09,index,Yahoo Finance,https://finance.yahoo.com/quote/DX-Y.NYB,2026-08-27T09:48:29.124005,daily,B,
2026-06-18,dxy,100.85,index,Yahoo Finance,https://finance.yahoo.com/quote/DX-Y.NYB,2026-08-27T09:48:29.124005,daily,B,
2026-06-22,dxy,101.02,index,Yahoo Finance,https://finance.yahoo.com/quote/DX-Y.NYB,2026-08-27T09:48:29.124005,daily,B,
2026-06-23,dxy,101.41,index,Yahoo Finance,https://finance.yahoo.com/quote/DX-Y.NYB,2026-08-27T09:48:29.124005,daily,B,
2026-06-24,dxy,101.61,index,Yahoo Finance,https://finance.yahoo.com/quote/DX-Y.NYB,2026-08-27T09:48:29.124005,daily,B,
2026-06-25,dxy,101.43,index,Yahoo Finance,https://finance.yahoo.com/quote/DX-Y.NYB,2026-08-27T09:48:29.124005,daily,B,
2026-06-26,dxy,101.36,index,Yahoo Finance,https://finance.yahoo.com/quote/DX-Y.NYB,2026-08-27T09:48:29.124005,daily,B,
2026-06-29,dxy,101.11,index,Yahoo Finance,https://finance.yahoo.com/quote/DX-Y.NYB,2026-08-27T09:48:29.124005,daily,B,
2026-06-30,dxy,101.19,index,Yahoo Finance,https://finance.yahoo.com/quote/DX-Y.NYB,2026-08-27T09:48:29.124005,daily,B,
2026-07-01,dxy,101.39,index,Yahoo Finance,https://finance.yahoo.com/quote/DX-Y.NYB,2026-08-27T09:48:29.124005,daily,B,
2026-07-02,dxy,100.86,index,Yahoo Finance,https://finance.yahoo.com/quote/DX-Y.NYB,2026-08-27T09:48:29.124005,daily,B,
2026-07-03,dxy,100.857,index,Yahoo Finance,https://finance.yahoo.com/quote/DX-Y.NYB,2026-07-05T00:03:38.164911,daily,B,
2026-07-05,dxy,100.886,index,Yahoo Finance,https://finance.yahoo.com/quote/DX-Y.NYB,2026-07-06T00:03:30.449487,daily,B,
2026-07-06,dxy,100.85,index,Yahoo Finance,https://finance.yahoo.com/quote/DX-Y.NYB,2026-08-27T09:48:29.125005,daily,B,
2026-07-07,dxy,101.14,index,Yahoo Finance,https://finance.yahoo.com/quote/DX-Y.NYB,2026-08-27T09:48:29.125005,daily,B,
2026-07-08,dxy,101.05,index,Yahoo Finance,https://finance.yahoo.com/quote/DX-Y.NYB,2026-08-27T09:48:29.125005,daily,B,
2026-07-09,dxy,100.94,index,Yahoo Finance,https://finance.yahoo.com/quote/DX-Y.NYB,2026-08-27T09:48:29.125005,daily,B,
2026-07-10,dxy,100.97,index,Yahoo Finance,https://finance.yahoo.com/quote/DX-Y.NYB,2026-08-27T09:48:29.125005,daily,B,
2026-07-12,dxy,101.137,index,Yahoo Finance,https://finance.yahoo.com/quote/DX-Y.NYB,2026-07-13T10:06:43.848180,daily,B,
2026-07-13,dxy,101.28,index,Yahoo Finance,https://finance.yahoo.com/quote/DX-Y.NYB,2026-08-27T09:48:29.125005,daily,B,
2026-07-14,dxy,100.94,index,Yahoo Finance,https://finance.yahoo.com/quote/DX-Y.NYB,2026-08-27T09:48:29.125005,daily,B,
2026-07-15,dxy,100.5,index,Yahoo Finance,https://finance.yahoo.com/quote/DX-Y.NYB,2026-08-27T09:48:29.125005,daily,B,
2026-07-16,dxy,100.73,index,Yahoo Finance,https://finance.yahoo.com/quote/DX-Y.NYB,2026-08-27T09:48:29.125005,daily,B,
2026-07-17,dxy,100.75,index,Yahoo Finance,https://finance.yahoo.com/quote/DX-Y.NYB,2026-08-27T09:48:29.125005,daily,B,
2026-07-19,dxy,100.849,index,Yahoo Finance,https://finance.yahoo.com/quote/DX-Y.NYB,2026-07-20T00:06:10.666759,daily,B,
2026-07-20,dxy,100.99,index,Yahoo Finance,https://finance.yahoo.com/quote/DX-Y.NYB,2026-08-27T09:48:29.125005,daily,B,
2026-07-21,dxy,101.18,index,Yahoo Finance,https://finance.yahoo.com/quote/DX-Y.NYB,2026-08-27T09:48:29.125005,daily,B,
2026-07-22,dxy,101.14,index,Yahoo Finance,https://finance.yahoo.com/quote/DX-Y.NYB,2026-08-27T09:48:29.126004,daily,B,
2026-07-23,dxy,101.43,index,Yahoo Finance,https://finance.yahoo.com/quote/DX-Y.NYB,2026-08-27T09:48:29.126004,daily,B,
2026-07-24,dxy,101.47,index,Yahoo Finance,https://finance.yahoo.com/quote/DX-Y.NYB,2026-08-27T09:48:29.126004,daily,B,
2026-07-26,dxy,101.284,index,Yahoo Finance,https://finance.yahoo.com/quote/DX-Y.NYB,2026-07-27T00:06:23.264837,daily,B,
2026-07-27,dxy,101.51,index,Yahoo Finance,https://finance.yahoo.com/quote/DX-Y.NYB,2026-08-27T09:48:29.126004,daily,B,
2026-07-28,dxy,101.38,index,Yahoo Finance,https://finance.yahoo.com/quote/DX-Y.NYB,2026-08-27T09:48:29.126004,daily,B,
2026-07-29,dxy,100.8,index,Yahoo Finance,https://finance.yahoo.com/quote/DX-Y.NYB,2026-08-27T09:48:29.126004,daily,B,
2026-07-30,dxy,100.01,index,Yahoo Finance,https://finance.yahoo.com/quote/DX-Y.NYB,2026-08-27T09:48:29.126004,daily,B,
2026-07-31,dxy,99.8,index,Yahoo Finance,https://finance.yahoo.com/quote/DX-Y.NYB,2026-08-27T09:48:29.126004,daily,B,
2026-08-02,dxy,99.713,index,Yahoo Finance,https://finance.yahoo.com/quote/DX-Y.NYB,2026-08-03T00:07:19.179911,daily,B,
2026-08-03,dxy,99.96,index,Yahoo Finance,https://finance.yahoo.com/quote/DX-Y.NYB,2026-08-27T09:48:29.126004,daily,B,
2026-08-04,dxy,99.89,index,Yahoo Finance,https://finance.yahoo.com/quote/DX-Y.NYB,2026-08-27T09:48:29.126004,daily,B,
2026-08-05,dxy,99.69,index,Yahoo Finance,https://finance.yahoo.com/quote/DX-Y.NYB,2026-08-27T09:48:29.126004,daily,B,
2026-08-06,dxy,99.97,index,Yahoo Finance,https://finance.yahoo.com/quote/DX-Y.NYB,2026-08-27T09:48:29.126004,daily,B,
2026-08-07,dxy,99.6,index,Yahoo Finance,https://finance.yahoo.com/quote/DX-Y.NYB,2026-08-27T09:48:29.126004,daily,B,
2026-08-09,dxy,99.65,index,Yahoo Finance,https://finance.yahoo.com/quote/DX-Y.NYB,2026-08-10T08:55:40.548382,daily,B,
2026-08-10,dxy,99.81,index,Yahoo Finance,https://finance.yahoo.com/quote/DX-Y.NYB,2026-08-27T09:48:29.127004,daily,B,
2026-08-11,dxy,99.82,index,Yahoo Finance,https://finance.yahoo.com/quote/DX-Y.NYB,2026-08-27T09:48:29.127004,daily,B,
2026-08-12,dxy,100.01,index,Yahoo Finance,https://finance.yahoo.com/quote/DX-Y.NYB,2026-08-27T09:48:29.127004,daily,B,
2026-08-13,dxy,99.96,index,Yahoo Finance,https://finance.yahoo.com/quote/DX-Y.NYB,2026-08-27T09:48:29.127004,daily,B,
2026-08-14,dxy,99.67,index,Yahoo Finance,https://finance.yahoo.com/quote/DX-Y.NYB,2026-08-27T09:48:29.127004,daily,B,
2026-08-16,dxy,99.6,index,Yahoo Finance,https://finance.yahoo.com/quote/DX-Y.NYB,2026-08-17T00:06:08.512484,daily,B,
2026-08-17,dxy,99.64,index,Yahoo Finance,https://finance.yahoo.com/quote/DX-Y.NYB,2026-08-27T09:48:29.127004,daily,B,
2026-08-18,dxy,99.65,index,Yahoo Finance,https://finance.yahoo.com/quote/DX-Y.NYB,2026-08-27T09:48:29.127004,daily,B,
2026-08-19,dxy,98.83,index,Yahoo Finance,https://finance.yahoo.com/quote/DX-Y.NYB,2026-08-27T09:48:29.127004,daily,B,
2026-08-20,dxy,98.9,index,Yahoo Finance,https://finance.yahoo.com/quote/DX-Y.NYB,2026-08-27T09:48:29.127004,daily,B,
2026-08-21,dxy,98.8,index,Yahoo Finance,https://finance.yahoo.com/quote/DX-Y.NYB,2026-08-27T09:48:29.127004,daily,B,
2026-08-23,dxy,98.791,index,Yahoo Finance,https://finance.yahoo.com/quote/DX-Y.NYB,2026-08-24T08:48:52.101922,daily,B,
2026-08-24,dxy,99.0,index,Yahoo Finance,https://finance.yahoo.com/quote/DX-Y.NYB,2026-08-27T09:48:29.127004,daily,B,
2026-08-25,dxy,98.92,index,Yahoo Finance,https://finance.yahoo.com/quote/DX-Y.NYB,2026-08-27T09:48:29.127004,daily,B,
2026-08-26,dxy,99.116,index,Yahoo Finance,https://finance.yahoo.com/quote/DX-Y.NYB,2026-08-27T09:48:29.128004,daily,B,
2025-06-01,global_manufacturing_pmi,49.7,index,derived,,2026-06-30T08:37:50.635219,monthly,C,
2025-07-01,global_manufacturing_pmi,49.3,index,derived,,2026-06-30T08:37:50.635729,monthly,C,
2025-08-01,global_manufacturing_pmi,49.4,index,derived,,2026-06-30T08:37:50.635729,monthly,C,
2025-09-01,global_manufacturing_pmi,49.8,index,derived,,2026-06-30T08:37:50.635729,monthly,C,
2025-10-01,global_manufacturing_pmi,49.0,index,derived,,2026-06-30T08:37:50.635729,monthly,C,
2025-11-01,global_manufacturing_pmi,49.2,index,derived,,2026-06-30T08:37:50.635729,monthly,C,
2025-12-01,global_manufacturing_pmi,50.1,index,derived,,2026-06-30T08:37:50.635729,monthly,C,
2026-01-01,global_manufacturing_pmi,49.3,index,derived,,2026-06-30T08:37:50.635729,monthly,C,
2026-02-01,global_manufacturing_pmi,49.0,index,derived,,2026-06-30T08:37:50.635757,monthly,C,
2026-03-01,global_manufacturing_pmi,50.4,index,derived,,2026-06-30T08:37:50.635757,monthly,C,
2026-04-01,global_manufacturing_pmi,50.3,index,derived,,2026-06-30T08:37:50.635757,monthly,C,
2026-05-01,global_manufacturing_pmi,50.0,index,derived,,2026-06-30T08:37:50.635757,monthly,C,
2023-05-01,korea_exports_yoy,-13.7287,pct,FRED,https://fred.stlouisfed.org/series/XTEXVA01KRM667S,2026-06-30T08:37:46.513472,monthly,B,
2023-06-01,korea_exports_yoy,-8.0316,pct,FRED,https://fred.stlouisfed.org/series/XTEXVA01KRM667S,2026-06-30T08:37:46.513472,monthly,B,
2023-07-01,korea_exports_yoy,-14.3229,pct,FRED,https://fred.stlouisfed.org/series/XTEXVA01KRM667S,2026-06-30T08:37:46.513472,monthly,B,
2023-08-01,korea_exports_yoy,-9.7536,pct,FRED,https://fred.stlouisfed.org/series/XTEXVA01KRM667S,2026-06-30T08:37:46.513472,monthly,B,
2023-09-01,korea_exports_yoy,-3.8221,pct,FRED,https://fred.stlouisfed.org/series/XTEXVA01KRM667S,2026-06-30T08:37:46.513982,monthly,B,
2023-10-01,korea_exports_yoy,4.6599,pct,FRED,https://fred.stlouisfed.org/series/XTEXVA01KRM667S,2026-06-30T08:37:46.513982,monthly,B,
2023-11-01,korea_exports_yoy,6.9869,pct,FRED,https://fred.stlouisfed.org/series/XTEXVA01KRM667S,2026-06-30T08:37:46.513982,monthly,B,
2023-12-01,korea_exports_yoy,5.6036,pct,FRED,https://fred.stlouisfed.org/series/XTEXVA01KRM667S,2026-06-30T08:37:46.513982,monthly,B,
2024-01-01,korea_exports_yoy,16.8579,pct,FRED,https://fred.stlouisfed.org/series/XTEXVA01KRM667S,2026-06-30T08:37:46.513982,monthly,B,
2024-02-01,korea_exports_yoy,5.1364,pct,FRED,https://fred.stlouisfed.org/series/XTEXVA01KRM667S,2026-06-30T08:37:46.513982,monthly,B,
2024-03-01,korea_exports_yoy,2.6275,pct,FRED,https://fred.stlouisfed.org/series/XTEXVA01KRM667S,2026-06-30T08:37:46.513982,monthly,B,
2024-04-01,korea_exports_yoy,14.1598,pct,FRED,https://fred.stlouisfed.org/series/XTEXVA01KRM667S,2026-06-30T08:37:46.513982,monthly,B,
2024-05-01,korea_exports_yoy,10.8621,pct,FRED,https://fred.stlouisfed.org/series/XTEXVA01KRM667S,2026-06-30T08:37:46.513982,monthly,B,
2024-06-01,korea_exports_yoy,6.2383,pct,FRED,https://fred.stlouisfed.org/series/XTEXVA01KRM667S,2026-06-30T08:37:46.513982,monthly,B,
2024-07-01,korea_exports_yoy,13.4761,pct,FRED,https://fred.stlouisfed.org/series/XTEXVA01KRM667S,2026-06-30T08:37:46.513982,monthly,B,
2024-08-01,korea_exports_yoy,10.7318,pct,FRED,https://fred.stlouisfed.org/series/XTEXVA01KRM667S,2026-06-30T08:37:46.513982,monthly,B,
2024-09-01,korea_exports_yoy,7.2924,pct,FRED,https://fred.stlouisfed.org/series/XTEXVA01KRM667S,2026-06-30T08:37:46.514993,monthly,B,
2024-10-01,korea_exports_yoy,3.6778,pct,FRED,https://fred.stlouisfed.org/series/XTEXVA01KRM667S,2026-06-30T08:37:46.514993,monthly,B,
2024-11-01,korea_exports_yoy,3.0168,pct,FRED,https://fred.stlouisfed.org/series/XTEXVA01KRM667S,2026-06-30T08:37:46.514993,monthly,B,
2024-12-01,korea_exports_yoy,3.9963,pct,FRED,https://fred.stlouisfed.org/series/XTEXVA01KRM667S,2026-06-30T08:37:46.514993,monthly,B,
2025-01-01,korea_exports_yoy,-7.9279,pct,FRED,https://fred.stlouisfed.org/series/XTEXVA01KRM667S,2026-06-30T08:37:46.514993,monthly,B,
2025-02-01,korea_exports_yoy,-1.284,pct,FRED,https://fred.stlouisfed.org/series/XTEXVA01KRM667S,2026-06-30T08:37:46.514993,monthly,B,
2025-03-01,korea_exports_yoy,4.2524,pct,FRED,https://fred.stlouisfed.org/series/XTEXVA01KRM667S,2026-06-30T08:37:46.514993,monthly,B,
2025-04-01,korea_exports_yoy,2.4122,pct,FRED,https://fred.stlouisfed.org/series/XTEXVA01KRM667S,2026-06-30T08:37:46.514993,monthly,B,
2025-05-01,korea_exports_yoy,-0.7033,pct,FRED,https://fred.stlouisfed.org/series/XTEXVA01KRM667S,2026-06-30T08:37:46.514993,monthly,B,
2025-06-01,korea_exports_yoy,4.4383,pct,FRED,https://fred.stlouisfed.org/series/XTEXVA01KRM667S,2026-06-30T08:37:46.514993,monthly,B,
2025-07-01,korea_exports_yoy,4.8994,pct,FRED,https://fred.stlouisfed.org/series/XTEXVA01KRM667S,2026-06-30T08:37:46.514993,monthly,B,
2025-08-01,korea_exports_yoy,2.3809,pct,FRED,https://fred.stlouisfed.org/series/XTEXVA01KRM667S,2026-06-30T08:37:46.514993,monthly,B,
2025-09-01,korea_exports_yoy,10.5162,pct,FRED,https://fred.stlouisfed.org/series/XTEXVA01KRM667S,2026-06-30T08:37:46.514993,monthly,B,
2025-10-01,korea_exports_yoy,5.2605,pct,FRED,https://fred.stlouisfed.org/series/XTEXVA01KRM667S,2026-06-30T08:37:46.515991,monthly,B,
2025-11-01,korea_exports_yoy,6.5676,pct,FRED,https://fred.stlouisfed.org/series/XTEXVA01KRM667S,2026-06-30T08:37:46.515991,monthly,B,
2025-12-01,korea_exports_yoy,14.3945,pct,FRED,https://fred.stlouisfed.org/series/XTEXVA01KRM667S,2026-06-30T08:37:46.515991,monthly,B,
2026-01-01,korea_exports_yoy,32.3036,pct,FRED,https://fred.stlouisfed.org/series/XTEXVA01KRM667S,2026-06-30T08:37:46.515991,monthly,B,
2026-02-01,korea_exports_yoy,30.696,pct,FRED,https://fred.stlouisfed.org/series/XTEXVA01KRM667S,2026-06-30T08:37:46.515991,monthly,B,
2026-03-01,korea_exports_yoy,48.8649,pct,FRED,https://fred.stlouisfed.org/series/XTEXVA01KRM667S,2026-06-30T08:37:46.515991,monthly,B,
2026-04-01,korea_exports_yoy,48.8037,pct,FRED,https://fred.stlouisfed.org/series/XTEXVA01KRM667S,2026-06-30T08:37:46.515991,monthly,B,
2025-05-27,lme_gold_price,3299.1001,USD/oz,Yahoo Finance,https://finance.yahoo.com/quote/GC=F,2026-07-01T21:05:06.622591,daily,B,
2025-05-28,lme_gold_price,3293.6001,USD/oz,Yahoo Finance,https://finance.yahoo.com/quote/GC=F,2026-07-02T02:44:42.972495,daily,B,
2025-05-29,lme_gold_price,3317.1001,USD/oz,Yahoo Finance,https://finance.yahoo.com/quote/GC=F,2026-07-03T08:41:00.594130,daily,B,
2025-05-30,lme_gold_price,3288.8999,USD/oz,Yahoo Finance,https://finance.yahoo.com/quote/GC=F,2026-07-04T00:04:11.820438,daily,B,
2025-06-02,lme_gold_price,3370.6001,USD/oz,Yahoo Finance,https://finance.yahoo.com/quote/GC=F,2026-07-07T00:05:03.970310,daily,B,
2025-06-03,lme_gold_price,3350.2,USD/oz,Yahoo Finance,https://finance.yahoo.com/quote/GC=F,2026-07-08T00:02:19.680733,daily,B,
2025-06-04,lme_gold_price,3373.5,USD/oz,Yahoo Finance,https://finance.yahoo.com/quote/GC=F,2026-07-09T00:04:35.652912,daily,B,
2025-06-05,lme_gold_price,3350.7,USD/oz,Yahoo Finance,https://finance.yahoo.com/quote/GC=F,2026-07-10T00:03:37.087560,daily,B,
2025-06-06,lme_gold_price,3322.7,USD/oz,Yahoo Finance,https://finance.yahoo.com/quote/GC=F,2026-07-11T00:04:56.795805,daily,B,
2025-06-09,lme_gold_price,3332.1001,USD/oz,Yahoo Finance,https://finance.yahoo.com/quote/GC=F,2026-07-14T00:02:56.065397,daily,B,
2025-06-10,lme_gold_price,3320.8999,USD/oz,Yahoo Finance,https://finance.yahoo.com/quote/GC=F,2026-07-15T00:05:04.201347,daily,B,
2025-06-11,lme_gold_price,3321.3,USD/oz,Yahoo Finance,https://finance.yahoo.com/quote/GC=F,2026-07-16T08:19:08.967993,daily,B,
2025-06-12,lme_gold_price,3380.8999,USD/oz,Yahoo Finance,https://finance.yahoo.com/quote/GC=F,2026-07-17T08:35:22.108189,daily,B,
2025-06-13,lme_gold_price,3431.2,USD/oz,Yahoo Finance,https://finance.yahoo.com/quote/GC=F,2026-07-18T00:03:10.813083,daily,B,
2025-06-16,lme_gold_price,3396.3999,USD/oz,Yahoo Finance,https://finance.yahoo.com/quote/GC=F,2026-07-21T00:04:24.615610,daily,B,
2025-06-17,lme_gold_price,3386.6001,USD/oz,Yahoo Finance,https://finance.yahoo.com/quote/GC=F,2026-07-22T00:04:54.597662,daily,B,
2025-06-18,lme_gold_price,3389.8,USD/oz,Yahoo Finance,https://finance.yahoo.com/quote/GC=F,2026-07-23T00:07:57.148536,daily,B,
2025-06-20,lme_gold_price,3368.1001,USD/oz,Yahoo Finance,https://finance.yahoo.com/quote/GC=F,2026-07-25T00:03:04.335668,daily,B,
2025-06-23,lme_gold_price,3377.7,USD/oz,Yahoo Finance,https://finance.yahoo.com/quote/GC=F,2026-07-28T00:03:04.493799,daily,B,
2025-06-24,lme_gold_price,3317.3999,USD/oz,Yahoo Finance,https://finance.yahoo.com/quote/GC=F,2026-07-29T00:04:17.227831,daily,B,
2025-06-25,lme_gold_price,3327.1001,USD/oz,Yahoo Finance,https://finance.yahoo.com/quote/GC=F,2026-07-30T00:05:48.762630,daily,B,
2025-06-26,lme_gold_price,3333.5,USD/oz,Yahoo Finance,https://finance.yahoo.com/quote/GC=F,2026-07-31T08:47:44.681528,daily,B,
2025-06-27,lme_gold_price,3273.7,USD/oz,Yahoo Finance,https://finance.yahoo.com/quote/GC=F,2026-08-01T00:07:12.479747,daily,B,
2025-06-30,lme_gold_price,3294.3999,USD/oz,Yahoo Finance,https://finance.yahoo.com/quote/GC=F,2026-08-04T00:03:10.461313,daily,B,
2025-07-01,lme_gold_price,3336.7,USD/oz,Yahoo Finance,https://finance.yahoo.com/quote/GC=F,2026-08-05T00:04:58.621462,daily,B,
2025-07-02,lme_gold_price,3348.0,USD/oz,Yahoo Finance,https://finance.yahoo.com/quote/GC=F,2026-08-06T08:59:05.527365,daily,B,
2025-07-03,lme_gold_price,3331.6001,USD/oz,Yahoo Finance,https://finance.yahoo.com/quote/GC=F,2026-08-07T00:05:39.338348,daily,B,
2025-07-04,lme_gold_price,3332.5,USD/oz,Yahoo Finance,https://finance.yahoo.com/quote/GC=F,2026-08-08T00:05:16.409950,daily,B,
2025-07-07,lme_gold_price,3332.2,USD/oz,Yahoo Finance,https://finance.yahoo.com/quote/GC=F,2026-08-11T00:07:12.856859,daily,B,
2025-07-08,lme_gold_price,3307.0,USD/oz,Yahoo Finance,https://finance.yahoo.com/quote/GC=F,2026-08-12T00:01:34.036704,daily,B,
2025-07-09,lme_gold_price,3311.6001,USD/oz,Yahoo Finance,https://finance.yahoo.com/quote/GC=F,2026-08-13T09:14:29.494919,daily,B,
2025-07-10,lme_gold_price,3317.3999,USD/oz,Yahoo Finance,https://finance.yahoo.com/quote/GC=F,2026-08-14T00:03:30.361346,daily,B,
2025-07-11,lme_gold_price,3356.0,USD/oz,Yahoo Finance,https://finance.yahoo.com/quote/GC=F,2026-08-15T00:03:51.546721,daily,B,
2025-07-14,lme_gold_price,3351.5,USD/oz,Yahoo Finance,https://finance.yahoo.com/quote/GC=F,2026-08-18T00:05:14.112712,daily,B,
2025-07-15,lme_gold_price,3329.8,USD/oz,Yahoo Finance,https://finance.yahoo.com/quote/GC=F,2026-08-19T00:06:07.649880,daily,B,
2025-07-16,lme_gold_price,3352.5,USD/oz,Yahoo Finance,https://finance.yahoo.com/quote/GC=F,2026-08-20T08:38:00.467724,daily,B,
2025-07-17,lme_gold_price,3340.1001,USD/oz,Yahoo Finance,https://finance.yahoo.com/quote/GC=F,2026-08-21T00:03:48.423291,daily,B,
2025-07-18,lme_gold_price,3353.0,USD/oz,Yahoo Finance,https://finance.yahoo.com/quote/GC=F,2026-08-22T00:05:55.899108,daily,B,
2025-07-21,lme_gold_price,3401.8999,USD/oz,Yahoo Finance,https://finance.yahoo.com/quote/GC=F,2026-08-25T08:47:49.546584,daily,B,
2025-07-22,lme_gold_price,3439.2,USD/oz,Yahoo Finance,https://finance.yahoo.com/quote/GC=F,2026-08-25T08:47:49.546584,daily,B,
2025-07-23,lme_gold_price,3394.1001,USD/oz,Yahoo Finance,https://finance.yahoo.com/quote/GC=F,2026-08-27T09:05:56.327547,daily,B,
2025-07-24,lme_gold_price,3371.0,USD/oz,Yahoo Finance,https://finance.yahoo.com/quote/GC=F,2026-08-27T09:05:56.327547,daily,B,
2025-07-25,lme_gold_price,3334.0,USD/oz,Yahoo Finance,https://finance.yahoo.com/quote/GC=F,2026-08-27T09:05:56.327547,daily,B,
2025-07-28,lme_gold_price,3309.1001,USD/oz,Yahoo Finance,https://finance.yahoo.com/quote/GC=F,2026-08-27T09:05:56.327547,daily,B,
2025-07-29,lme_gold_price,3323.3999,USD/oz,Yahoo Finance,https://finance.yahoo.com/quote/GC=F,2026-08-27T09:05:56.328547,daily,B,
2025-07-30,lme_gold_price,3295.8,USD/oz,Yahoo Finance,https://finance.yahoo.com/quote/GC=F,2026-08-27T09:05:56.328547,daily,B,
2025-07-31,lme_gold_price,3293.2,USD/oz,Yahoo Finance,https://finance.yahoo.com/quote/GC=F,2026-08-27T09:05:56.328547,daily,B,
2025-08-01,lme_gold_price,3347.7,USD/oz,Yahoo Finance,https://finance.yahoo.com/quote/GC=F,2026-08-27T09:05:56.328547,daily,B,
2025-08-04,lme_gold_price,3374.3999,USD/oz,Yahoo Finance,https://finance.yahoo.com/quote/GC=F,2026-08-27T09:05:56.328547,daily,B,
2025-08-05,lme_gold_price,3381.8999,USD/oz,Yahoo Finance,https://finance.yahoo.com/quote/GC=F,2026-08-27T09:05:56.328547,daily,B,
2025-08-06,lme_gold_price,3380.0,USD/oz,Yahoo Finance,https://finance.yahoo.com/quote/GC=F,2026-08-27T09:05:56.328547,daily,B,
2025-08-07,lme_gold_price,3400.3,USD/oz,Yahoo Finance,https://finance.yahoo.com/quote/GC=F,2026-08-27T09:05:56.328547,daily,B,
2025-08-08,lme_gold_price,3439.1001,USD/oz,Yahoo Finance,https://finance.yahoo.com/quote/GC=F,2026-08-27T09:05:56.329548,daily,B,
2025-08-11,lme_gold_price,3353.1001,USD/oz,Yahoo Finance,https://finance.yahoo.com/quote/GC=F,2026-08-27T09:05:56.329548,daily,B,
2025-08-12,lme_gold_price,3348.8999,USD/oz,Yahoo Finance,https://finance.yahoo.com/quote/GC=F,2026-08-27T09:05:56.329548,daily,B,
2025-08-13,lme_gold_price,3358.7,USD/oz,Yahoo Finance,https://finance.yahoo.com/quote/GC=F,2026-08-27T09:05:56.329548,daily,B,
2025-08-14,lme_gold_price,3335.2,USD/oz,Yahoo Finance,https://finance.yahoo.com/quote/GC=F,2026-08-27T09:05:56.329548,daily,B,
2025-08-15,lme_gold_price,3336.0,USD/oz,Yahoo Finance,https://finance.yahoo.com/quote/GC=F,2026-08-27T09:05:56.330551,daily,B,
2025-08-18,lme_gold_price,3331.7,USD/oz,Yahoo Finance,https://finance.yahoo.com/quote/GC=F,2026-08-27T09:05:56.330551,daily,B,
2025-08-19,lme_gold_price,3313.3999,USD/oz,Yahoo Finance,https://finance.yahoo.com/quote/GC=F,2026-08-27T09:05:56.330551,daily,B,
2025-08-20,lme_gold_price,3343.3999,USD/oz,Yahoo Finance,https://finance.yahoo.com/quote/GC=F,2026-08-27T09:05:56.330551,daily,B,
2025-08-21,lme_gold_price,3336.8999,USD/oz,Yahoo Finance,https://finance.yahoo.com/quote/GC=F,2026-08-27T09:05:56.330551,daily,B,
2025-08-22,lme_gold_price,3374.3999,USD/oz,Yahoo Finance,https://finance.yahoo.com/quote/GC=F,2026-08-27T09:05:56.330551,daily,B,
2025-08-25,lme_gold_price,3373.8,USD/oz,Yahoo Finance,https://finance.yahoo.com/quote/GC=F,2026-08-27T09:05:56.330551,daily,B,
2025-08-26,lme_gold_price,3388.6001,USD/oz,Yahoo Finance,https://finance.yahoo.com/quote/GC=F,2026-08-27T09:48:28.722490,daily,B,COMEX front-month proxy for London gold (USD/troy oz)
2025-08-27,lme_gold_price,3404.6001,USD/oz,Yahoo Finance,https://finance.yahoo.com/quote/GC=F,2026-08-27T09:48:28.722490,daily,B,COMEX front-month proxy for London gold (USD/troy oz)
2025-08-28,lme_gold_price,3431.8,USD/oz,Yahoo Finance,https://finance.yahoo.com/quote/GC=F,2026-08-27T09:48:28.722490,daily,B,COMEX front-month proxy for London gold (USD/troy oz)
2025-08-29,lme_gold_price,3473.7,USD/oz,Yahoo Finance,https://finance.yahoo.com/quote/GC=F,2026-08-27T09:48:28.722490,daily,B,COMEX front-month proxy for London gold (USD/troy oz)
2025-09-02,lme_gold_price,3549.3999,USD/oz,Yahoo Finance,https://finance.yahoo.com/quote/GC=F,2026-08-27T09:48:28.722490,daily,B,COMEX front-month proxy for London gold (USD/troy oz)
2025-09-03,lme_gold_price,3593.2,USD/oz,Yahoo Finance,https://finance.yahoo.com/quote/GC=F,2026-08-27T09:48:28.722490,daily,B,COMEX front-month proxy for London gold (USD/troy oz)
2025-09-04,lme_gold_price,3565.8,USD/oz,Yahoo Finance,https://finance.yahoo.com/quote/GC=F,2026-08-27T09:48:28.722490,daily,B,COMEX front-month proxy for London gold (USD/troy oz)
2025-09-05,lme_gold_price,3613.2,USD/oz,Yahoo Finance,https://finance.yahoo.com/quote/GC=F,2026-08-27T09:48:28.722490,daily,B,COMEX front-month proxy for London gold (USD/troy oz)
2025-09-08,lme_gold_price,3638.1001,USD/oz,Yahoo Finance,https://finance.yahoo.com/quote/GC=F,2026-08-27T09:48:28.723491,daily,B,COMEX front-month proxy for London gold (USD/troy oz)
2025-09-09,lme_gold_price,3643.3,USD/oz,Yahoo Finance,https://finance.yahoo.com/quote/GC=F,2026-08-27T09:48:28.723491,daily,B,COMEX front-month proxy for London gold (USD/troy oz)
2025-09-10,lme_gold_price,3643.6001,USD/oz,Yahoo Finance,https://finance.yahoo.com/quote/GC=F,2026-08-27T09:48:28.723491,daily,B,COMEX front-month proxy for London gold (USD/troy oz)
2025-09-11,lme_gold_price,3636.8999,USD/oz,Yahoo Finance,https://finance.yahoo.com/quote/GC=F,2026-08-27T09:48:28.723491,daily,B,COMEX front-month proxy for London gold (USD/troy oz)
2025-09-12,lme_gold_price,3649.3999,USD/oz,Yahoo Finance,https://finance.yahoo.com/quote/GC=F,2026-08-27T09:48:28.723491,daily,B,COMEX front-month proxy for London gold (USD/troy oz)
2025-09-15,lme_gold_price,3682.2,USD/oz,Yahoo Finance,https://finance.yahoo.com/quote/GC=F,2026-08-27T09:48:28.723491,daily,B,COMEX front-month proxy for London gold (USD/troy oz)
2025-09-16,lme_gold_price,3688.8999,USD/oz,Yahoo Finance,https://finance.yahoo.com/quote/GC=F,2026-08-27T09:48:28.723491,daily,B,COMEX front-month proxy for London gold (USD/troy oz)
2025-09-17,lme_gold_price,3681.8,USD/oz,Yahoo Finance,https://finance.yahoo.com/quote/GC=F,2026-08-27T09:48:28.723491,daily,B,COMEX front-month proxy for London gold (USD/troy oz)
2025-09-18,lme_gold_price,3643.7,USD/oz,Yahoo Finance,https://finance.yahoo.com/quote/GC=F,2026-08-27T09:48:28.723491,daily,B,COMEX front-month proxy for London gold (USD/troy oz)
2025-09-19,lme_gold_price,3671.5,USD/oz,Yahoo Finance,https://finance.yahoo.com/quote/GC=F,2026-08-27T09:48:28.723491,daily,B,COMEX front-month proxy for London gold (USD/troy oz)
2025-09-22,lme_gold_price,3740.7,USD/oz,Yahoo Finance,https://finance.yahoo.com/quote/GC=F,2026-08-27T09:48:28.723491,daily,B,COMEX front-month proxy for London gold (USD/troy oz)
2025-09-23,lme_gold_price,3780.6001,USD/oz,Yahoo Finance,https://finance.yahoo.com/quote/GC=F,2026-08-27T09:48:28.723491,daily,B,COMEX front-month proxy for London gold (USD/troy oz)
2025-09-24,lme_gold_price,3732.1001,USD/oz,Yahoo Finance,https://finance.yahoo.com/quote/GC=F,2026-08-27T09:48:28.724486,daily,B,COMEX front-month proxy for London gold (USD/troy oz)
2025-09-25,lme_gold_price,3736.8999,USD/oz,Yahoo Finance,https://finance.yahoo.com/quote/GC=F,2026-08-27T09:48:28.724486,daily,B,COMEX front-month proxy for London gold (USD/troy oz)
2025-09-26,lme_gold_price,3775.3,USD/oz,Yahoo Finance,https://finance.yahoo.com/quote/GC=F,2026-08-27T09:48:28.724486,daily,B,COMEX front-month proxy for London gold (USD/troy oz)
2025-09-29,lme_gold_price,3820.8999,USD/oz,Yahoo Finance,https://finance.yahoo.com/quote/GC=F,2026-08-27T09:48:28.724486,daily,B,COMEX front-month proxy for London gold (USD/troy oz)
2025-09-30,lme_gold_price,3840.8,USD/oz,Yahoo Finance,https://finance.yahoo.com/quote/GC=F,2026-08-27T09:48:28.724486,daily,B,COMEX front-month proxy for London gold (USD/troy oz)
2025-10-01,lme_gold_price,3867.5,USD/oz,Yahoo Finance,https://finance.yahoo.com/quote/GC=F,2026-08-27T09:48:28.724486,daily,B,COMEX front-month proxy for London gold (USD/troy oz)
2025-10-02,lme_gold_price,3839.7,USD/oz,Yahoo Finance,https://finance.yahoo.com/quote/GC=F,2026-08-27T09:48:28.724486,daily,B,COMEX front-month proxy for London gold (USD/troy oz)
2025-10-03,lme_gold_price,3880.8,USD/oz,Yahoo Finance,https://finance.yahoo.com/quote/GC=F,2026-08-27T09:48:28.724486,daily,B,COMEX front-month proxy for London gold (USD/troy oz)
2025-10-06,lme_gold_price,3948.5,USD/oz,Yahoo Finance,https://finance.yahoo.com/quote/GC=F,2026-08-27T09:48:28.724486,daily,B,COMEX front-month proxy for London gold (USD/troy oz)
2025-10-07,lme_gold_price,3976.6001,USD/oz,Yahoo Finance,https://finance.yahoo.com/quote/GC=F,2026-08-27T09:48:28.724486,daily,B,COMEX front-month proxy for London gold (USD/troy oz)
2025-10-08,lme_gold_price,4043.3,USD/oz,Yahoo Finance,https://finance.yahoo.com/quote/GC=F,2026-08-27T09:48:28.724486,daily,B,COMEX front-month proxy for London gold (USD/troy oz)
2025-10-09,lme_gold_price,3946.3,USD/oz,Yahoo Finance,https://finance.yahoo.com/quote/GC=F,2026-08-27T09:48:28.724486,daily,B,COMEX front-month proxy for London gold (USD/troy oz)
2025-10-10,lme_gold_price,3975.8999,USD/oz,Yahoo Finance,https://finance.yahoo.com/quote/GC=F,2026-08-27T09:48:28.724486,daily,B,COMEX front-month proxy for London gold (USD/troy oz)
2025-10-13,lme_gold_price,4108.6001,USD/oz,Yahoo Finance,https://finance.yahoo.com/quote/GC=F,2026-08-27T09:48:28.725485,daily,B,COMEX front-month proxy for London gold (USD/troy oz)
2025-10-14,lme_gold_price,4138.7002,USD/oz,Yahoo Finance,https://finance.yahoo.com/quote/GC=F,2026-08-27T09:48:28.725485,daily,B,COMEX front-month proxy for London gold (USD/troy oz)
2025-10-15,lme_gold_price,4176.8999,USD/oz,Yahoo Finance,https://finance.yahoo.com/quote/GC=F,2026-08-27T09:48:28.725485,daily,B,COMEX front-month proxy for London gold (USD/troy oz)
2025-10-16,lme_gold_price,4280.2002,USD/oz,Yahoo Finance,https://finance.yahoo.com/quote/GC=F,2026-08-27T09:48:28.725485,daily,B,COMEX front-month proxy for London gold (USD/troy oz)
2025-10-17,lme_gold_price,4189.8999,USD/oz,Yahoo Finance,https://finance.yahoo.com/quote/GC=F,2026-08-27T09:48:28.725485,daily,B,COMEX front-month proxy for London gold (USD/troy oz)
2025-10-20,lme_gold_price,4336.3999,USD/oz,Yahoo Finance,https://finance.yahoo.com/quote/GC=F,2026-08-27T09:48:28.725485,daily,B,COMEX front-month proxy for London gold (USD/troy oz)
2025-10-21,lme_gold_price,4087.7,USD/oz,Yahoo Finance,https://finance.yahoo.com/quote/GC=F,2026-08-27T09:48:28.725485,daily,B,COMEX front-month proxy for London gold (USD/troy oz)
2025-10-22,lme_gold_price,4044.3999,USD/oz,Yahoo Finance,https://finance.yahoo.com/quote/GC=F,2026-08-27T09:48:28.725485,daily,B,COMEX front-month proxy for London gold (USD/troy oz)
2025-10-23,lme_gold_price,4125.5,USD/oz,Yahoo Finance,https://finance.yahoo.com/quote/GC=F,2026-08-27T09:48:28.725485,daily,B,COMEX front-month proxy for London gold (USD/troy oz)
2025-10-24,lme_gold_price,4118.3999,USD/oz,Yahoo Finance,https://finance.yahoo.com/quote/GC=F,2026-08-27T09:48:28.725485,daily,B,COMEX front-month proxy for London gold (USD/troy oz)
2025-10-27,lme_gold_price,4001.8999,USD/oz,Yahoo Finance,https://finance.yahoo.com/quote/GC=F,2026-08-27T09:48:28.725485,daily,B,COMEX front-month proxy for London gold (USD/troy oz)
2025-10-28,lme_gold_price,3966.2,USD/oz,Yahoo Finance,https://finance.yahoo.com/quote/GC=F,2026-08-27T09:48:28.725485,daily,B,COMEX front-month proxy for London gold (USD/troy oz)
2025-10-29,lme_gold_price,3983.7,USD/oz,Yahoo Finance,https://finance.yahoo.com/quote/GC=F,2026-08-27T09:48:28.726486,daily,B,COMEX front-month proxy for London gold (USD/troy oz)
2025-10-30,lme_gold_price,4001.3,USD/oz,Yahoo Finance,https://finance.yahoo.com/quote/GC=F,2026-08-27T09:48:28.726486,daily,B,COMEX front-month proxy for London gold (USD/troy oz)
2025-10-31,lme_gold_price,3982.2,USD/oz,Yahoo Finance,https://finance.yahoo.com/quote/GC=F,2026-08-27T09:48:28.726486,daily,B,COMEX front-month proxy for London gold (USD/troy oz)
2025-11-03,lme_gold_price,4000.3,USD/oz,Yahoo Finance,https://finance.yahoo.com/quote/GC=F,2026-08-27T09:48:28.726486,daily,B,COMEX front-month proxy for London gold (USD/troy oz)
2025-11-04,lme_gold_price,3947.7,USD/oz,Yahoo Finance,https://finance.yahoo.com/quote/GC=F,2026-08-27T09:48:28.726486,daily,B,COMEX front-month proxy for London gold (USD/troy oz)
2025-11-05,lme_gold_price,3980.3,USD/oz,Yahoo Finance,https://finance.yahoo.com/quote/GC=F,2026-08-27T09:48:28.726486,daily,B,COMEX front-month proxy for London gold (USD/troy oz)
2025-11-06,lme_gold_price,3979.8999,USD/oz,Yahoo Finance,https://finance.yahoo.com/quote/GC=F,2026-08-27T09:48:28.726486,daily,B,COMEX front-month proxy for London gold (USD/troy oz)
2025-11-07,lme_gold_price,3999.3999,USD/oz,Yahoo Finance,https://finance.yahoo.com/quote/GC=F,2026-08-27T09:48:28.726486,daily,B,COMEX front-month proxy for London gold (USD/troy oz)
2025-11-10,lme_gold_price,4111.7998,USD/oz,Yahoo Finance,https://finance.yahoo.com/quote/GC=F,2026-08-27T09:48:28.727491,daily,B,COMEX front-month proxy for London gold (USD/troy oz)
2025-11-11,lme_gold_price,4106.7998,USD/oz,Yahoo Finance,https://finance.yahoo.com/quote/GC=F,2026-08-27T09:48:28.727491,daily,B,COMEX front-month proxy for London gold (USD/troy oz)
2025-11-12,lme_gold_price,4204.3999,USD/oz,Yahoo Finance,https://finance.yahoo.com/quote/GC=F,2026-08-27T09:48:28.727491,daily,B,COMEX front-month proxy for London gold (USD/troy oz)
2025-11-13,lme_gold_price,4186.8999,USD/oz,Yahoo Finance,https://finance.yahoo.com/quote/GC=F,2026-08-27T09:48:28.727491,daily,B,COMEX front-month proxy for London gold (USD/troy oz)
2025-11-14,lme_gold_price,4087.6001,USD/oz,Yahoo Finance,https://finance.yahoo.com/quote/GC=F,2026-08-27T09:48:28.727491,daily,B,COMEX front-month proxy for London gold (USD/troy oz)
2025-11-17,lme_gold_price,4068.3,USD/oz,Yahoo Finance,https://finance.yahoo.com/quote/GC=F,2026-08-27T09:48:28.727491,daily,B,COMEX front-month proxy for London gold (USD/troy oz)
2025-11-18,lme_gold_price,4061.3,USD/oz,Yahoo Finance,https://finance.yahoo.com/quote/GC=F,2026-08-27T09:48:28.727491,daily,B,COMEX front-month proxy for London gold (USD/troy oz)
2025-11-19,lme_gold_price,4077.7,USD/oz,Yahoo Finance,https://finance.yahoo.com/quote/GC=F,2026-08-27T09:48:28.727491,daily,B,COMEX front-month proxy for London gold (USD/troy oz)
2025-11-20,lme_gold_price,4056.5,USD/oz,Yahoo Finance,https://finance.yahoo.com/quote/GC=F,2026-08-27T09:48:28.727491,daily,B,COMEX front-month proxy for London gold (USD/troy oz)
2025-11-21,lme_gold_price,4076.7,USD/oz,Yahoo Finance,https://finance.yahoo.com/quote/GC=F,2026-08-27T09:48:28.727491,daily,B,COMEX front-month proxy for London gold (USD/troy oz)
2025-11-24,lme_gold_price,4091.8999,USD/oz,Yahoo Finance,https://finance.yahoo.com/quote/GC=F,2026-08-27T09:48:28.727491,daily,B,COMEX front-month proxy for London gold (USD/troy oz)
2025-11-25,lme_gold_price,4139.2002,USD/oz,Yahoo Finance,https://finance.yahoo.com/quote/GC=F,2026-08-27T09:48:28.727491,daily,B,COMEX front-month proxy for London gold (USD/troy oz)
2025-11-26,lme_gold_price,4165.2002,USD/oz,Yahoo Finance,https://finance.yahoo.com/quote/GC=F,2026-08-27T09:48:28.728488,daily,B,COMEX front-month proxy for London gold (USD/troy oz)
2025-11-28,lme_gold_price,4218.2998,USD/oz,Yahoo Finance,https://finance.yahoo.com/quote/GC=F,2026-08-27T09:48:28.728488,daily,B,COMEX front-month proxy for London gold (USD/troy oz)
2025-12-01,lme_gold_price,4239.2998,USD/oz,Yahoo Finance,https://finance.yahoo.com/quote/GC=F,2026-08-27T09:48:28.728488,daily,B,COMEX front-month proxy for London gold (USD/troy oz)
2025-12-02,lme_gold_price,4186.6001,USD/oz,Yahoo Finance,https://finance.yahoo.com/quote/GC=F,2026-08-27T09:48:28.728488,daily,B,COMEX front-month proxy for London gold (USD/troy oz)
2025-12-03,lme_gold_price,4199.2998,USD/oz,Yahoo Finance,https://finance.yahoo.com/quote/GC=F,2026-08-27T09:48:28.728488,daily,B,COMEX front-month proxy for London gold (USD/troy oz)
2025-12-04,lme_gold_price,4211.7998,USD/oz,Yahoo Finance,https://finance.yahoo.com/quote/GC=F,2026-08-27T09:48:28.728488,daily,B,COMEX front-month proxy for London gold (USD/troy oz)
2025-12-05,lme_gold_price,4212.8999,USD/oz,Yahoo Finance,https://finance.yahoo.com/quote/GC=F,2026-08-27T09:48:28.728488,daily,B,COMEX front-month proxy for London gold (USD/troy oz)
2025-12-08,lme_gold_price,4187.2002,USD/oz,Yahoo Finance,https://finance.yahoo.com/quote/GC=F,2026-08-27T09:48:28.728488,daily,B,COMEX front-month proxy for London gold (USD/troy oz)
2025-12-09,lme_gold_price,4206.7002,USD/oz,Yahoo Finance,https://finance.yahoo.com/quote/GC=F,2026-08-27T09:48:28.728488,daily,B,COMEX front-month proxy for London gold (USD/troy oz)
2025-12-10,lme_gold_price,4196.3999,USD/oz,Yahoo Finance,https://finance.yahoo.com/quote/GC=F,2026-08-27T09:48:28.728488,daily,B,COMEX front-month proxy for London gold (USD/troy oz)
2025-12-11,lme_gold_price,4285.5,USD/oz,Yahoo Finance,https://finance.yahoo.com/quote/GC=F,2026-08-27T09:48:28.728488,daily,B,COMEX front-month proxy for London gold (USD/troy oz)
2025-12-12,lme_gold_price,4300.1001,USD/oz,Yahoo Finance,https://finance.yahoo.com/quote/GC=F,2026-08-27T09:48:28.728488,daily,B,COMEX front-month proxy for London gold (USD/troy oz)
2025-12-15,lme_gold_price,4306.7002,USD/oz,Yahoo Finance,https://finance.yahoo.com/quote/GC=F,2026-08-27T09:48:28.729486,daily,B,COMEX front-month proxy for London gold (USD/troy oz)
2025-12-16,lme_gold_price,4304.5,USD/oz,Yahoo Finance,https://finance.yahoo.com/quote/GC=F,2026-08-27T09:48:28.729486,daily,B,COMEX front-month proxy for London gold (USD/troy oz)
2025-12-17,lme_gold_price,4347.5,USD/oz,Yahoo Finance,https://finance.yahoo.com/quote/GC=F,2026-08-27T09:48:28.729486,daily,B,COMEX front-month proxy for London gold (USD/troy oz)
2025-12-18,lme_gold_price,4339.5,USD/oz,Yahoo Finance,https://finance.yahoo.com/quote/GC=F,2026-08-27T09:48:28.729486,daily,B,COMEX front-month proxy for London gold (USD/troy oz)
2025-12-19,lme_gold_price,4361.3999,USD/oz,Yahoo Finance,https://finance.yahoo.com/quote/GC=F,2026-08-27T09:48:28.729486,daily,B,COMEX front-month proxy for London gold (USD/troy oz)
2025-12-22,lme_gold_price,4444.6001,USD/oz,Yahoo Finance,https://finance.yahoo.com/quote/GC=F,2026-08-27T09:48:28.729486,daily,B,COMEX front-month proxy for London gold (USD/troy oz)
2025-12-23,lme_gold_price,4482.7998,USD/oz,Yahoo Finance,https://finance.yahoo.com/quote/GC=F,2026-08-27T09:48:28.729486,daily,B,COMEX front-month proxy for London gold (USD/troy oz)
2025-12-24,lme_gold_price,4480.6001,USD/oz,Yahoo Finance,https://finance.yahoo.com/quote/GC=F,2026-08-27T09:48:28.729486,daily,B,COMEX front-month proxy for London gold (USD/troy oz)
2025-12-26,lme_gold_price,4529.1001,USD/oz,Yahoo Finance,https://finance.yahoo.com/quote/GC=F,2026-08-27T09:48:28.729486,daily,B,COMEX front-month proxy for London gold (USD/troy oz)
2025-12-29,lme_gold_price,4325.1001,USD/oz,Yahoo Finance,https://finance.yahoo.com/quote/GC=F,2026-08-27T09:48:28.729486,daily,B,COMEX front-month proxy for London gold (USD/troy oz)
2025-12-30,lme_gold_price,4370.1001,USD/oz,Yahoo Finance,https://finance.yahoo.com/quote/GC=F,2026-08-27T09:48:28.729486,daily,B,COMEX front-month proxy for London gold (USD/troy oz)
2025-12-31,lme_gold_price,4325.6001,USD/oz,Yahoo Finance,https://finance.yahoo.com/quote/GC=F,2026-08-27T09:48:28.729486,daily,B,COMEX front-month proxy for London gold (USD/troy oz)
2026-01-02,lme_gold_price,4314.3999,USD/oz,Yahoo Finance,https://finance.yahoo.com/quote/GC=F,2026-08-27T09:48:28.730486,daily,B,COMEX front-month proxy for London gold (USD/troy oz)
2026-01-05,lme_gold_price,4436.8999,USD/oz,Yahoo Finance,https://finance.yahoo.com/quote/GC=F,2026-08-27T09:48:28.730486,daily,B,COMEX front-month proxy for London gold (USD/troy oz)
2026-01-06,lme_gold_price,4482.2002,USD/oz,Yahoo Finance,https://finance.yahoo.com/quote/GC=F,2026-08-27T09:48:28.730486,daily,B,COMEX front-month proxy for London gold (USD/troy oz)
2026-01-07,lme_gold_price,4449.2998,USD/oz,Yahoo Finance,https://finance.yahoo.com/quote/GC=F,2026-08-27T09:48:28.730486,daily,B,COMEX front-month proxy for London gold (USD/troy oz)
2026-01-08,lme_gold_price,4449.7002,USD/oz,Yahoo Finance,https://finance.yahoo.com/quote/GC=F,2026-08-27T09:48:28.730486,daily,B,COMEX front-month proxy for London gold (USD/troy oz)
2026-01-09,lme_gold_price,4490.2998,USD/oz,Yahoo Finance,https://finance.yahoo.com/quote/GC=F,2026-08-27T09:48:28.730486,daily,B,COMEX front-month proxy for London gold (USD/troy oz)
2026-01-12,lme_gold_price,4604.2998,USD/oz,Yahoo Finance,https://finance.yahoo.com/quote/GC=F,2026-08-27T09:48:28.730486,daily,B,COMEX front-month proxy for London gold (USD/troy oz)
2026-01-13,lme_gold_price,4589.2002,USD/oz,Yahoo Finance,https://finance.yahoo.com/quote/GC=F,2026-08-27T09:48:28.730486,daily,B,COMEX front-month proxy for London gold (USD/troy oz)
2026-01-14,lme_gold_price,4626.2998,USD/oz,Yahoo Finance,https://finance.yahoo.com/quote/GC=F,2026-08-27T09:48:28.730486,daily,B,COMEX front-month proxy for London gold (USD/troy oz)
2026-01-15,lme_gold_price,4616.2998,USD/oz,Yahoo Finance,https://finance.yahoo.com/quote/GC=F,2026-08-27T09:48:28.730486,daily,B,COMEX front-month proxy for London gold (USD/troy oz)
2026-01-16,lme_gold_price,4588.3999,USD/oz,Yahoo Finance,https://finance.yahoo.com/quote/GC=F,2026-08-27T09:48:28.730486,daily,B,COMEX front-month proxy for London gold (USD/troy oz)
2026-01-20,lme_gold_price,4759.6001,USD/oz,Yahoo Finance,https://finance.yahoo.com/quote/GC=F,2026-08-27T09:48:28.730486,daily,B,COMEX front-month proxy for London gold (USD/troy oz)
2026-01-21,lme_gold_price,4831.7998,USD/oz,Yahoo Finance,https://finance.yahoo.com/quote/GC=F,2026-08-27T09:48:28.730486,daily,B,COMEX front-month proxy for London gold (USD/troy oz)
2026-01-22,lme_gold_price,4908.7998,USD/oz,Yahoo Finance,https://finance.yahoo.com/quote/GC=F,2026-08-27T09:48:28.731488,daily,B,COMEX front-month proxy for London gold (USD/troy oz)
2026-01-23,lme_gold_price,4976.2002,USD/oz,Yahoo Finance,https://finance.yahoo.com/quote/GC=F,2026-08-27T09:48:28.731488,daily,B,COMEX front-month proxy for London gold (USD/troy oz)
2026-01-26,lme_gold_price,5079.7002,USD/oz,Yahoo Finance,https://finance.yahoo.com/quote/GC=F,2026-08-27T09:48:28.731488,daily,B,COMEX front-month proxy for London gold (USD/troy oz)
2026-01-27,lme_gold_price,5079.8999,USD/oz,Yahoo Finance,https://finance.yahoo.com/quote/GC=F,2026-08-27T09:48:28.731488,daily,B,COMEX front-month proxy for London gold (USD/troy oz)
2026-01-28,lme_gold_price,5301.6001,USD/oz,Yahoo Finance,https://finance.yahoo.com/quote/GC=F,2026-08-27T09:48:28.731488,daily,B,COMEX front-month proxy for London gold (USD/troy oz)
2026-01-29,lme_gold_price,5318.3999,USD/oz,Yahoo Finance,https://finance.yahoo.com/quote/GC=F,2026-08-27T09:48:28.731488,daily,B,COMEX front-month proxy for London gold (USD/troy oz)
2026-01-30,lme_gold_price,4970.45,USD/oz,Yahoo Finance,https://finance.yahoo.com/quote/GC=F,2026-08-27T09:48:28.731488,daily,B,COMEX front-month proxy for London gold (USD/troy oz); Yahoo outlier smoothed
2026-02-02,lme_gold_price,4622.5,USD/oz,Yahoo Finance,https://finance.yahoo.com/quote/GC=F,2026-08-27T09:48:28.731488,daily,B,COMEX front-month proxy for London gold (USD/troy oz)
2026-02-03,lme_gold_price,4903.7002,USD/oz,Yahoo Finance,https://finance.yahoo.com/quote/GC=F,2026-08-27T09:48:28.731488,daily,B,COMEX front-month proxy for London gold (USD/troy oz)
2026-02-04,lme_gold_price,4920.3999,USD/oz,Yahoo Finance,https://finance.yahoo.com/quote/GC=F,2026-08-27T09:48:28.731488,daily,B,COMEX front-month proxy for London gold (USD/troy oz)
2026-02-05,lme_gold_price,4861.3999,USD/oz,Yahoo Finance,https://finance.yahoo.com/quote/GC=F,2026-08-27T09:48:28.731488,daily,B,COMEX front-month proxy for London gold (USD/troy oz)
2026-02-06,lme_gold_price,4951.2002,USD/oz,Yahoo Finance,https://finance.yahoo.com/quote/GC=F,2026-08-27T09:48:28.731488,daily,B,COMEX front-month proxy for London gold (USD/troy oz)
2026-02-09,lme_gold_price,5050.8999,USD/oz,Yahoo Finance,https://finance.yahoo.com/quote/GC=F,2026-08-27T09:48:28.732486,daily,B,COMEX front-month proxy for London gold (USD/troy oz)
2026-02-10,lme_gold_price,5003.7998,USD/oz,Yahoo Finance,https://finance.yahoo.com/quote/GC=F,2026-08-27T09:48:28.732486,daily,B,COMEX front-month proxy for London gold (USD/troy oz)
2026-02-11,lme_gold_price,5071.6001,USD/oz,Yahoo Finance,https://finance.yahoo.com/quote/GC=F,2026-08-27T09:48:28.732486,daily,B,COMEX front-month proxy for London gold (USD/troy oz)
2026-02-12,lme_gold_price,4923.7002,USD/oz,Yahoo Finance,https://finance.yahoo.com/quote/GC=F,2026-08-27T09:48:28.732486,daily,B,COMEX front-month proxy for London gold (USD/troy oz)
2026-02-13,lme_gold_price,5022.0,USD/oz,Yahoo Finance,https://finance.yahoo.com/quote/GC=F,2026-08-27T09:48:28.732486,daily,B,COMEX front-month proxy for London gold (USD/troy oz)
2026-02-17,lme_gold_price,4882.8999,USD/oz,Yahoo Finance,https://finance.yahoo.com/quote/GC=F,2026-08-27T09:48:28.732486,daily,B,COMEX front-month proxy for London gold (USD/troy oz)
2026-02-18,lme_gold_price,4986.5,USD/oz,Yahoo Finance,https://finance.yahoo.com/quote/GC=F,2026-08-27T09:48:28.732486,daily,B,COMEX front-month proxy for London gold (USD/troy oz)
2026-02-19,lme_gold_price,4975.8999,USD/oz,Yahoo Finance,https://finance.yahoo.com/quote/GC=F,2026-08-27T09:48:28.732486,daily,B,COMEX front-month proxy for London gold (USD/troy oz)
2026-02-20,lme_gold_price,5059.2998,USD/oz,Yahoo Finance,https://finance.yahoo.com/quote/GC=F,2026-08-27T09:48:28.732486,daily,B,COMEX front-month proxy for London gold (USD/troy oz)
2026-02-23,lme_gold_price,5204.7002,USD/oz,Yahoo Finance,https://finance.yahoo.com/quote/GC=F,2026-08-27T09:48:28.732486,daily,B,COMEX front-month proxy for London gold (USD/troy oz)
2026-02-24,lme_gold_price,5155.7998,USD/oz,Yahoo Finance,https://finance.yahoo.com/quote/GC=F,2026-08-27T09:48:28.732486,daily,B,COMEX front-month proxy for London gold (USD/troy oz)
2026-02-25,lme_gold_price,5206.3999,USD/oz,Yahoo Finance,https://finance.yahoo.com/quote/GC=F,2026-08-27T09:48:28.732486,daily,B,COMEX front-month proxy for London gold (USD/troy oz)
2026-02-26,lme_gold_price,5176.5,USD/oz,Yahoo Finance,https://finance.yahoo.com/quote/GC=F,2026-08-27T09:48:28.733486,daily,B,COMEX front-month proxy for London gold (USD/troy oz)
2026-02-27,lme_gold_price,5230.5,USD/oz,Yahoo Finance,https://finance.yahoo.com/quote/GC=F,2026-08-27T09:48:28.733486,daily,B,COMEX front-month proxy for London gold (USD/troy oz)
2026-03-02,lme_gold_price,5294.3999,USD/oz,Yahoo Finance,https://finance.yahoo.com/quote/GC=F,2026-08-27T09:48:28.733486,daily,B,COMEX front-month proxy for London gold (USD/troy oz)
2026-03-03,lme_gold_price,5107.3999,USD/oz,Yahoo Finance,https://finance.yahoo.com/quote/GC=F,2026-08-27T09:48:28.733486,daily,B,COMEX front-month proxy for London gold (USD/troy oz)
2026-03-04,lme_gold_price,5120.2002,USD/oz,Yahoo Finance,https://finance.yahoo.com/quote/GC=F,2026-08-27T09:48:28.733486,daily,B,COMEX front-month proxy for London gold (USD/troy oz)
2026-03-05,lme_gold_price,5065.2998,USD/oz,Yahoo Finance,https://finance.yahoo.com/quote/GC=F,2026-08-27T09:48:28.733486,daily,B,COMEX front-month proxy for London gold (USD/troy oz)
2026-03-06,lme_gold_price,5146.1001,USD/oz,Yahoo Finance,https://finance.yahoo.com/quote/GC=F,2026-08-27T09:48:28.733486,daily,B,COMEX front-month proxy for London gold (USD/troy oz)
2026-03-09,lme_gold_price,5091.5,USD/oz,Yahoo Finance,https://finance.yahoo.com/quote/GC=F,2026-08-27T09:48:28.733486,daily,B,COMEX front-month proxy for London gold (USD/troy oz)
2026-03-10,lme_gold_price,5229.7002,USD/oz,Yahoo Finance,https://finance.yahoo.com/quote/GC=F,2026-08-27T09:48:28.733486,daily,B,COMEX front-month proxy for London gold (USD/troy oz)
2026-03-11,lme_gold_price,5167.3999,USD/oz,Yahoo Finance,https://finance.yahoo.com/quote/GC=F,2026-08-27T09:48:28.733486,daily,B,COMEX front-month proxy for London gold (USD/troy oz)
2026-03-12,lme_gold_price,5115.7998,USD/oz,Yahoo Finance,https://finance.yahoo.com/quote/GC=F,2026-08-27T09:48:28.733486,daily,B,COMEX front-month proxy for London gold (USD/troy oz)
2026-03-13,lme_gold_price,5052.5,USD/oz,Yahoo Finance,https://finance.yahoo.com/quote/GC=F,2026-08-27T09:48:28.733486,daily,B,COMEX front-month proxy for London gold (USD/troy oz)
2026-03-16,lme_gold_price,4994.0,USD/oz,Yahoo Finance,https://finance.yahoo.com/quote/GC=F,2026-08-27T09:48:28.734486,daily,B,COMEX front-month proxy for London gold (USD/troy oz)
2026-03-17,lme_gold_price,5001.0,USD/oz,Yahoo Finance,https://finance.yahoo.com/quote/GC=F,2026-08-27T09:48:28.734486,daily,B,COMEX front-month proxy for London gold (USD/troy oz)
2026-03-18,lme_gold_price,4889.8999,USD/oz,Yahoo Finance,https://finance.yahoo.com/quote/GC=F,2026-08-27T09:48:28.734486,daily,B,COMEX front-month proxy for London gold (USD/troy oz)
2026-03-19,lme_gold_price,4600.7002,USD/oz,Yahoo Finance,https://finance.yahoo.com/quote/GC=F,2026-08-27T09:48:28.734486,daily,B,COMEX front-month proxy for London gold (USD/troy oz)
2026-03-20,lme_gold_price,4570.3999,USD/oz,Yahoo Finance,https://finance.yahoo.com/quote/GC=F,2026-08-27T09:48:28.734486,daily,B,COMEX front-month proxy for London gold (USD/troy oz)
2026-03-23,lme_gold_price,4404.1001,USD/oz,Yahoo Finance,https://finance.yahoo.com/quote/GC=F,2026-08-27T09:48:28.734486,daily,B,COMEX front-month proxy for London gold (USD/troy oz)
2026-03-24,lme_gold_price,4399.2998,USD/oz,Yahoo Finance,https://finance.yahoo.com/quote/GC=F,2026-08-27T09:48:28.734486,daily,B,COMEX front-month proxy for London gold (USD/troy oz)
2026-03-25,lme_gold_price,4549.7998,USD/oz,Yahoo Finance,https://finance.yahoo.com/quote/GC=F,2026-08-27T09:48:28.734486,daily,B,COMEX front-month proxy for London gold (USD/troy oz)
2026-03-26,lme_gold_price,4375.5,USD/oz,Yahoo Finance,https://finance.yahoo.com/quote/GC=F,2026-08-27T09:48:28.734486,daily,B,COMEX front-month proxy for London gold (USD/troy oz)
2026-03-27,lme_gold_price,4492.0,USD/oz,Yahoo Finance,https://finance.yahoo.com/quote/GC=F,2026-08-27T09:48:28.734486,daily,B,COMEX front-month proxy for London gold (USD/troy oz)
2026-03-30,lme_gold_price,4526.0,USD/oz,Yahoo Finance,https://finance.yahoo.com/quote/GC=F,2026-08-27T09:48:28.734486,daily,B,COMEX front-month proxy for London gold (USD/troy oz)
2026-03-31,lme_gold_price,4647.6001,USD/oz,Yahoo Finance,https://finance.yahoo.com/quote/GC=F,2026-08-27T09:48:28.734486,daily,B,COMEX front-month proxy for London gold (USD/troy oz)
2026-04-01,lme_gold_price,4783.2002,USD/oz,Yahoo Finance,https://finance.yahoo.com/quote/GC=F,2026-08-27T09:48:28.734486,daily,B,COMEX front-month proxy for London gold (USD/troy oz)
2026-04-02,lme_gold_price,4651.5,USD/oz,Yahoo Finance,https://finance.yahoo.com/quote/GC=F,2026-08-27T09:48:28.735486,daily,B,COMEX front-month proxy for London gold (USD/troy oz)
2026-04-06,lme_gold_price,4656.7998,USD/oz,Yahoo Finance,https://finance.yahoo.com/quote/GC=F,2026-08-27T09:48:28.735486,daily,B,COMEX front-month proxy for London gold (USD/troy oz)
2026-04-07,lme_gold_price,4657.1001,USD/oz,Yahoo Finance,https://finance.yahoo.com/quote/GC=F,2026-08-27T09:48:28.735486,daily,B,COMEX front-month proxy for London gold (USD/troy oz)
2026-04-08,lme_gold_price,4749.5,USD/oz,Yahoo Finance,https://finance.yahoo.com/quote/GC=F,2026-08-27T09:48:28.735486,daily,B,COMEX front-month proxy for London gold (USD/troy oz)
2026-04-09,lme_gold_price,4792.2002,USD/oz,Yahoo Finance,https://finance.yahoo.com/quote/GC=F,2026-08-27T09:48:28.735486,daily,B,COMEX front-month proxy for London gold (USD/troy oz)
2026-04-10,lme_gold_price,4761.8999,USD/oz,Yahoo Finance,https://finance.yahoo.com/quote/GC=F,2026-08-27T09:48:28.735486,daily,B,COMEX front-month proxy for London gold (USD/troy oz)
2026-04-13,lme_gold_price,4742.3999,USD/oz,Yahoo Finance,https://finance.yahoo.com/quote/GC=F,2026-08-27T09:48:28.735486,daily,B,COMEX front-month proxy for London gold (USD/troy oz)
2026-04-14,lme_gold_price,4825.0,USD/oz,Yahoo Finance,https://finance.yahoo.com/quote/GC=F,2026-08-27T09:48:28.735486,daily,B,COMEX front-month proxy for London gold (USD/troy oz)
2026-04-15,lme_gold_price,4800.0,USD/oz,Yahoo Finance,https://finance.yahoo.com/quote/GC=F,2026-08-27T09:48:28.735486,daily,B,COMEX front-month proxy for London gold (USD/troy oz)
2026-04-16,lme_gold_price,4785.3999,USD/oz,Yahoo Finance,https://finance.yahoo.com/quote/GC=F,2026-08-27T09:48:28.735486,daily,B,COMEX front-month proxy for London gold (USD/troy oz)
2026-04-17,lme_gold_price,4857.6001,USD/oz,Yahoo Finance,https://finance.yahoo.com/quote/GC=F,2026-08-27T09:48:28.735486,daily,B,COMEX front-month proxy for London gold (USD/troy oz)
2026-04-20,lme_gold_price,4806.6001,USD/oz,Yahoo Finance,https://finance.yahoo.com/quote/GC=F,2026-08-27T09:48:28.735486,daily,B,COMEX front-month proxy for London gold (USD/troy oz)
2026-04-21,lme_gold_price,4698.3999,USD/oz,Yahoo Finance,https://finance.yahoo.com/quote/GC=F,2026-08-27T09:48:28.736486,daily,B,COMEX front-month proxy for London gold (USD/troy oz)
2026-04-22,lme_gold_price,4732.5,USD/oz,Yahoo Finance,https://finance.yahoo.com/quote/GC=F,2026-08-27T09:48:28.736486,daily,B,COMEX front-month proxy for London gold (USD/troy oz)
2026-04-23,lme_gold_price,4705.1001,USD/oz,Yahoo Finance,https://finance.yahoo.com/quote/GC=F,2026-08-27T09:48:28.736486,daily,B,COMEX front-month proxy for London gold (USD/troy oz)
2026-04-24,lme_gold_price,4722.2998,USD/oz,Yahoo Finance,https://finance.yahoo.com/quote/GC=F,2026-08-27T09:48:28.736486,daily,B,COMEX front-month proxy for London gold (USD/troy oz)
2026-04-27,lme_gold_price,4675.3999,USD/oz,Yahoo Finance,https://finance.yahoo.com/quote/GC=F,2026-08-27T09:48:28.736486,daily,B,COMEX front-month proxy for London gold (USD/troy oz)
2026-04-28,lme_gold_price,4591.5,USD/oz,Yahoo Finance,https://finance.yahoo.com/quote/GC=F,2026-08-27T09:48:28.736486,daily,B,COMEX front-month proxy for London gold (USD/troy oz)
2026-04-29,lme_gold_price,4545.2002,USD/oz,Yahoo Finance,https://finance.yahoo.com/quote/GC=F,2026-08-27T09:48:28.736486,daily,B,COMEX front-month proxy for London gold (USD/troy oz)
2026-04-30,lme_gold_price,4614.7002,USD/oz,Yahoo Finance,https://finance.yahoo.com/quote/GC=F,2026-08-27T09:48:28.736486,daily,B,COMEX front-month proxy for London gold (USD/troy oz)
2026-05-01,lme_gold_price,4629.8999,USD/oz,Yahoo Finance,https://finance.yahoo.com/quote/GC=F,2026-08-27T09:48:28.736486,daily,B,COMEX front-month proxy for London gold (USD/troy oz)
2026-05-04,lme_gold_price,4519.5,USD/oz,Yahoo Finance,https://finance.yahoo.com/quote/GC=F,2026-08-27T09:48:28.736486,daily,B,COMEX front-month proxy for London gold (USD/troy oz)
2026-05-05,lme_gold_price,4555.7998,USD/oz,Yahoo Finance,https://finance.yahoo.com/quote/GC=F,2026-08-27T09:48:28.736486,daily,B,COMEX front-month proxy for London gold (USD/troy oz)
2026-05-06,lme_gold_price,4681.8999,USD/oz,Yahoo Finance,https://finance.yahoo.com/quote/GC=F,2026-08-27T09:48:28.736486,daily,B,COMEX front-month proxy for London gold (USD/troy oz)
2026-05-07,lme_gold_price,4699.7998,USD/oz,Yahoo Finance,https://finance.yahoo.com/quote/GC=F,2026-08-27T09:48:28.737488,daily,B,COMEX front-month proxy for London gold (USD/troy oz)
2026-05-08,lme_gold_price,4720.3999,USD/oz,Yahoo Finance,https://finance.yahoo.com/quote/GC=F,2026-08-27T09:48:28.737488,daily,B,COMEX front-month proxy for London gold (USD/troy oz)
2026-05-11,lme_gold_price,4718.7002,USD/oz,Yahoo Finance,https://finance.yahoo.com/quote/GC=F,2026-08-27T09:48:28.737488,daily,B,COMEX front-month proxy for London gold (USD/troy oz)
2026-05-12,lme_gold_price,4677.6001,USD/oz,Yahoo Finance,https://finance.yahoo.com/quote/GC=F,2026-08-27T09:48:28.737488,daily,B,COMEX front-month proxy for London gold (USD/troy oz)
2026-05-13,lme_gold_price,4697.7002,USD/oz,Yahoo Finance,https://finance.yahoo.com/quote/GC=F,2026-08-27T09:48:28.737488,daily,B,COMEX front-month proxy for London gold (USD/troy oz)
2026-05-14,lme_gold_price,4678.1001,USD/oz,Yahoo Finance,https://finance.yahoo.com/quote/GC=F,2026-08-27T09:48:28.737488,daily,B,COMEX front-month proxy for London gold (USD/troy oz)
2026-05-15,lme_gold_price,4555.7998,USD/oz,Yahoo Finance,https://finance.yahoo.com/quote/GC=F,2026-08-27T09:48:28.737488,daily,B,COMEX front-month proxy for London gold (USD/troy oz)
2026-05-18,lme_gold_price,4552.5,USD/oz,Yahoo Finance,https://finance.yahoo.com/quote/GC=F,2026-08-27T09:48:28.737488,daily,B,COMEX front-month proxy for London gold (USD/troy oz)
2026-05-19,lme_gold_price,4506.2998,USD/oz,Yahoo Finance,https://finance.yahoo.com/quote/GC=F,2026-08-27T09:48:28.737488,daily,B,COMEX front-month proxy for London gold (USD/troy oz)
2026-05-20,lme_gold_price,4531.2998,USD/oz,Yahoo Finance,https://finance.yahoo.com/quote/GC=F,2026-08-27T09:48:28.737488,daily,B,COMEX front-month proxy for London gold (USD/troy oz)
2026-05-21,lme_gold_price,4539.7998,USD/oz,Yahoo Finance,https://finance.yahoo.com/quote/GC=F,2026-08-27T09:48:28.737488,daily,B,COMEX front-month proxy for London gold (USD/troy oz)
2026-05-22,lme_gold_price,4521.0,USD/oz,Yahoo Finance,https://finance.yahoo.com/quote/GC=F,2026-08-27T09:48:28.737488,daily,B,COMEX front-month proxy for London gold (USD/troy oz)
2026-05-26,lme_gold_price,4500.3999,USD/oz,Yahoo Finance,https://finance.yahoo.com/quote/GC=F,2026-08-27T09:48:28.738499,daily,B,COMEX front-month proxy for London gold (USD/troy oz)
2026-05-27,lme_gold_price,4447.5,USD/oz,Yahoo Finance,https://finance.yahoo.com/quote/GC=F,2026-08-27T09:48:28.738499,daily,B,COMEX front-month proxy for London gold (USD/troy oz)
2026-05-28,lme_gold_price,4499.2998,USD/oz,Yahoo Finance,https://finance.yahoo.com/quote/GC=F,2026-08-27T09:48:28.738499,daily,B,COMEX front-month proxy for London gold (USD/troy oz)
2026-05-29,lme_gold_price,4560.5,USD/oz,Yahoo Finance,https://finance.yahoo.com/quote/GC=F,2026-08-27T09:48:28.738499,daily,B,COMEX front-month proxy for London gold (USD/troy oz)
2026-06-01,lme_gold_price,4475.2002,USD/oz,Yahoo Finance,https://finance.yahoo.com/quote/GC=F,2026-08-27T09:48:28.738499,daily,B,COMEX front-month proxy for London gold (USD/troy oz)
2026-06-02,lme_gold_price,4489.1001,USD/oz,Yahoo Finance,https://finance.yahoo.com/quote/GC=F,2026-08-27T09:48:28.738499,daily,B,COMEX front-month proxy for London gold (USD/troy oz)
2026-06-03,lme_gold_price,4436.7002,USD/oz,Yahoo Finance,https://finance.yahoo.com/quote/GC=F,2026-08-27T09:48:28.738499,daily,B,COMEX front-month proxy for London gold (USD/troy oz)
2026-06-04,lme_gold_price,4475.7998,USD/oz,Yahoo Finance,https://finance.yahoo.com/quote/GC=F,2026-08-27T09:48:28.738499,daily,B,COMEX front-month proxy for London gold (USD/troy oz)
2026-06-05,lme_gold_price,4337.1001,USD/oz,Yahoo Finance,https://finance.yahoo.com/quote/GC=F,2026-08-27T09:48:28.739493,daily,B,COMEX front-month proxy for London gold (USD/troy oz)
2026-06-08,lme_gold_price,4335.8999,USD/oz,Yahoo Finance,https://finance.yahoo.com/quote/GC=F,2026-08-27T09:48:28.739493,daily,B,COMEX front-month proxy for London gold (USD/troy oz)
2026-06-09,lme_gold_price,4260.0,USD/oz,Yahoo Finance,https://finance.yahoo.com/quote/GC=F,2026-08-27T09:48:28.739493,daily,B,COMEX front-month proxy for London gold (USD/troy oz)
2026-06-10,lme_gold_price,4108.2002,USD/oz,Yahoo Finance,https://finance.yahoo.com/quote/GC=F,2026-08-27T09:48:28.739493,daily,B,COMEX front-month proxy for London gold (USD/troy oz)
2026-06-11,lme_gold_price,4090.3,USD/oz,Yahoo Finance,https://finance.yahoo.com/quote/GC=F,2026-08-27T09:48:28.739493,daily,B,COMEX front-month proxy for London gold (USD/troy oz)
2026-06-12,lme_gold_price,4215.0,USD/oz,Yahoo Finance,https://finance.yahoo.com/quote/GC=F,2026-08-27T09:48:28.739493,daily,B,COMEX front-month proxy for London gold (USD/troy oz)
2026-06-15,lme_gold_price,4328.0,USD/oz,Yahoo Finance,https://finance.yahoo.com/quote/GC=F,2026-08-27T09:48:28.739493,daily,B,COMEX front-month proxy for London gold (USD/troy oz)
2026-06-16,lme_gold_price,4330.8999,USD/oz,Yahoo Finance,https://finance.yahoo.com/quote/GC=F,2026-08-27T09:48:28.739493,daily,B,COMEX front-month proxy for London gold (USD/troy oz)
2026-06-17,lme_gold_price,4358.8999,USD/oz,Yahoo Finance,https://finance.yahoo.com/quote/GC=F,2026-08-27T09:48:28.739493,daily,B,COMEX front-month proxy for London gold (USD/troy oz)
2026-06-18,lme_gold_price,4224.1001,USD/oz,Yahoo Finance,https://finance.yahoo.com/quote/GC=F,2026-08-27T09:48:28.739493,daily,B,COMEX front-month proxy for London gold (USD/troy oz)
2026-06-22,lme_gold_price,4181.8999,USD/oz,Yahoo Finance,https://finance.yahoo.com/quote/GC=F,2026-08-27T09:48:28.739493,daily,B,COMEX front-month proxy for London gold (USD/troy oz)
2026-06-23,lme_gold_price,4129.8999,USD/oz,Yahoo Finance,https://finance.yahoo.com/quote/GC=F,2026-08-27T09:48:28.740491,daily,B,COMEX front-month proxy for London gold (USD/troy oz)
2026-06-24,lme_gold_price,3990.3,USD/oz,Yahoo Finance,https://finance.yahoo.com/quote/GC=F,2026-08-27T09:48:28.740491,daily,B,COMEX front-month proxy for London gold (USD/troy oz)
2026-06-25,lme_gold_price,4030.5,USD/oz,Yahoo Finance,https://finance.yahoo.com/quote/GC=F,2026-08-27T09:48:28.740491,daily,B,COMEX front-month proxy for London gold (USD/troy oz)
2026-06-26,lme_gold_price,4078.7,USD/oz,Yahoo Finance,https://finance.yahoo.com/quote/GC=F,2026-08-27T09:48:28.740491,daily,B,COMEX front-month proxy for London gold (USD/troy oz)
2026-06-29,lme_gold_price,4022.3,USD/oz,Yahoo Finance,https://finance.yahoo.com/quote/GC=F,2026-08-27T09:48:28.740491,daily,B,COMEX front-month proxy for London gold (USD/troy oz)
2026-06-30,lme_gold_price,4022.8999,USD/oz,Yahoo Finance,https://finance.yahoo.com/quote/GC=F,2026-08-27T09:48:28.740491,daily,B,COMEX front-month proxy for London gold (USD/troy oz)
2026-07-01,lme_gold_price,4068.3,USD/oz,Yahoo Finance,https://finance.yahoo.com/quote/GC=F,2026-08-27T09:48:28.740491,daily,B,COMEX front-month proxy for London gold (USD/troy oz)
2026-07-02,lme_gold_price,4112.7002,USD/oz,Yahoo Finance,https://finance.yahoo.com/quote/GC=F,2026-08-27T09:48:28.740491,daily,B,COMEX front-month proxy for London gold (USD/troy oz)
2026-07-03,lme_gold_price,4187.2998,USD/oz,Yahoo Finance,https://finance.yahoo.com/quote/GC=F,2026-07-05T00:03:37.618329,daily,B,
2026-07-05,lme_gold_price,4193.7002,USD/oz,Yahoo Finance,https://finance.yahoo.com/quote/GC=F,2026-07-06T00:03:29.574119,daily,B,
2026-07-06,lme_gold_price,4155.1001,USD/oz,Yahoo Finance,https://finance.yahoo.com/quote/GC=F,2026-08-27T09:48:28.740491,daily,B,COMEX front-month proxy for London gold (USD/troy oz)
2026-07-07,lme_gold_price,4145.2998,USD/oz,Yahoo Finance,https://finance.yahoo.com/quote/GC=F,2026-08-27T09:48:28.740491,daily,B,COMEX front-month proxy for London gold (USD/troy oz)
2026-07-08,lme_gold_price,4070.8999,USD/oz,Yahoo Finance,https://finance.yahoo.com/quote/GC=F,2026-08-27T09:48:28.740491,daily,B,COMEX front-month proxy for London gold (USD/troy oz)
2026-07-09,lme_gold_price,4130.6001,USD/oz,Yahoo Finance,https://finance.yahoo.com/quote/GC=F,2026-08-27T09:48:28.740491,daily,B,COMEX front-month proxy for London gold (USD/troy oz)
2026-07-10,lme_gold_price,4104.1001,USD/oz,Yahoo Finance,https://finance.yahoo.com/quote/GC=F,2026-08-27T09:48:28.741486,daily,B,COMEX front-month proxy for London gold (USD/troy oz)
2026-07-12,lme_gold_price,4078.8999,USD/oz,Yahoo Finance,https://finance.yahoo.com/quote/GC=F,2026-07-13T10:06:43.672320,daily,B,
2026-07-13,lme_gold_price,3997.0,USD/oz,Yahoo Finance,https://finance.yahoo.com/quote/GC=F,2026-08-27T09:48:28.741486,daily,B,COMEX front-month proxy for London gold (USD/troy oz)
2026-07-14,lme_gold_price,4061.1001,USD/oz,Yahoo Finance,https://finance.yahoo.com/quote/GC=F,2026-08-27T09:48:28.741486,daily,B,COMEX front-month proxy for London gold (USD/troy oz)
2026-07-15,lme_gold_price,4044.0,USD/oz,Yahoo Finance,https://finance.yahoo.com/quote/GC=F,2026-08-27T09:48:28.741486,daily,B,COMEX front-month proxy for London gold (USD/troy oz)
2026-07-16,lme_gold_price,3985.6001,USD/oz,Yahoo Finance,https://finance.yahoo.com/quote/GC=F,2026-08-27T09:48:28.741486,daily,B,COMEX front-month proxy for London gold (USD/troy oz)
2026-07-17,lme_gold_price,4012.7,USD/oz,Yahoo Finance,https://finance.yahoo.com/quote/GC=F,2026-08-27T09:48:28.741486,daily,B,COMEX front-month proxy for London gold (USD/troy oz)
2026-07-19,lme_gold_price,3998.1001,USD/oz,Yahoo Finance,https://finance.yahoo.com/quote/GC=F,2026-07-20T00:06:10.090221,daily,B,
2026-07-20,lme_gold_price,4010.3,USD/oz,Yahoo Finance,https://finance.yahoo.com/quote/GC=F,2026-08-27T09:48:28.741486,daily,B,COMEX front-month proxy for London gold (USD/troy oz)
2026-07-21,lme_gold_price,4071.1001,USD/oz,Yahoo Finance,https://finance.yahoo.com/quote/GC=F,2026-08-27T09:48:28.741486,daily,B,COMEX front-month proxy for London gold (USD/troy oz)
2026-07-22,lme_gold_price,4146.8999,USD/oz,Yahoo Finance,https://finance.yahoo.com/quote/GC=F,2026-08-27T09:48:28.741486,daily,B,COMEX front-month proxy for London gold (USD/troy oz)
2026-07-23,lme_gold_price,4046.6001,USD/oz,Yahoo Finance,https://finance.yahoo.com/quote/GC=F,2026-08-27T09:48:28.741486,daily,B,COMEX front-month proxy for London gold (USD/troy oz)
2026-07-24,lme_gold_price,4067.6001,USD/oz,Yahoo Finance,https://finance.yahoo.com/quote/GC=F,2026-08-27T09:48:28.741486,daily,B,COMEX front-month proxy for London gold (USD/troy oz)
2026-07-26,lme_gold_price,4096.7002,USD/oz,Yahoo Finance,https://finance.yahoo.com/quote/GC=F,2026-07-27T00:06:22.710839,daily,B,
2026-07-27,lme_gold_price,4074.5,USD/oz,Yahoo Finance,https://finance.yahoo.com/quote/GC=F,2026-08-27T09:48:28.741486,daily,B,COMEX front-month proxy for London gold (USD/troy oz)
2026-07-28,lme_gold_price,4036.3,USD/oz,Yahoo Finance,https://finance.yahoo.com/quote/GC=F,2026-08-27T09:48:28.742486,daily,B,COMEX front-month proxy for London gold (USD/troy oz)
2026-07-29,lme_gold_price,4034.7,USD/oz,Yahoo Finance,https://finance.yahoo.com/quote/GC=F,2026-08-27T09:48:28.742486,daily,B,COMEX front-month proxy for London gold (USD/troy oz)
2026-07-30,lme_gold_price,4100.1001,USD/oz,Yahoo Finance,https://finance.yahoo.com/quote/GC=F,2026-08-27T09:48:28.742486,daily,B,COMEX front-month proxy for London gold (USD/troy oz)
2026-07-31,lme_gold_price,4049.1001,USD/oz,Yahoo Finance,https://finance.yahoo.com/quote/GC=F,2026-08-27T09:48:28.742486,daily,B,COMEX front-month proxy for London gold (USD/troy oz)
2026-08-02,lme_gold_price,4129.0,USD/oz,Yahoo Finance,https://finance.yahoo.com/quote/GC=F,2026-08-03T00:07:18.181399,daily,B,
2026-08-03,lme_gold_price,4033.7,USD/oz,Yahoo Finance,https://finance.yahoo.com/quote/GC=F,2026-08-27T09:48:28.742486,daily,B,COMEX front-month proxy for London gold (USD/troy oz)
2026-08-04,lme_gold_price,4095.3999,USD/oz,Yahoo Finance,https://finance.yahoo.com/quote/GC=F,2026-08-27T09:48:28.742486,daily,B,COMEX front-month proxy for London gold (USD/troy oz)
2026-08-05,lme_gold_price,4245.7998,USD/oz,Yahoo Finance,https://finance.yahoo.com/quote/GC=F,2026-08-27T09:48:28.742486,daily,B,COMEX front-month proxy for London gold (USD/troy oz)
2026-08-06,lme_gold_price,4242.0,USD/oz,Yahoo Finance,https://finance.yahoo.com/quote/GC=F,2026-08-27T09:48:28.742486,daily,B,COMEX front-month proxy for London gold (USD/troy oz)
2026-08-07,lme_gold_price,4340.7002,USD/oz,Yahoo Finance,https://finance.yahoo.com/quote/GC=F,2026-08-27T09:48:28.742486,daily,B,COMEX front-month proxy for London gold (USD/troy oz)
2026-08-09,lme_gold_price,4394.6001,USD/oz,Yahoo Finance,https://finance.yahoo.com/quote/GC=F,2026-08-10T08:55:40.218499,daily,B,
2026-08-10,lme_gold_price,4361.7998,USD/oz,Yahoo Finance,https://finance.yahoo.com/quote/GC=F,2026-08-27T09:48:28.742486,daily,B,COMEX front-month proxy for London gold (USD/troy oz)
2026-08-11,lme_gold_price,4383.0,USD/oz,Yahoo Finance,https://finance.yahoo.com/quote/GC=F,2026-08-27T09:48:28.742486,daily,B,COMEX front-month proxy for London gold (USD/troy oz)
2026-08-12,lme_gold_price,4408.8999,USD/oz,Yahoo Finance,https://finance.yahoo.com/quote/GC=F,2026-08-27T09:48:28.742486,daily,B,COMEX front-month proxy for London gold (USD/troy oz)
2026-08-13,lme_gold_price,4363.6001,USD/oz,Yahoo Finance,https://finance.yahoo.com/quote/GC=F,2026-08-27T09:48:28.743489,daily,B,COMEX front-month proxy for London gold (USD/troy oz)
2026-08-14,lme_gold_price,4380.3999,USD/oz,Yahoo Finance,https://finance.yahoo.com/quote/GC=F,2026-08-27T09:48:28.743489,daily,B,COMEX front-month proxy for London gold (USD/troy oz)
2026-08-16,lme_gold_price,4426.6001,USD/oz,Yahoo Finance,https://finance.yahoo.com/quote/GC=F,2026-08-17T00:06:07.886887,daily,B,
2026-08-17,lme_gold_price,4417.7998,USD/oz,Yahoo Finance,https://finance.yahoo.com/quote/GC=F,2026-08-27T09:48:28.743489,daily,B,COMEX front-month proxy for London gold (USD/troy oz)
2026-08-18,lme_gold_price,4366.0,USD/oz,Yahoo Finance,https://finance.yahoo.com/quote/GC=F,2026-08-27T09:48:28.743489,daily,B,COMEX front-month proxy for London gold (USD/troy oz)
2026-08-19,lme_gold_price,4489.3999,USD/oz,Yahoo Finance,https://finance.yahoo.com/quote/GC=F,2026-08-27T09:48:28.743489,daily,B,COMEX front-month proxy for London gold (USD/troy oz)
2026-08-20,lme_gold_price,4516.2998,USD/oz,Yahoo Finance,https://finance.yahoo.com/quote/GC=F,2026-08-27T09:48:28.743489,daily,B,COMEX front-month proxy for London gold (USD/troy oz)
2026-08-21,lme_gold_price,4624.1001,USD/oz,Yahoo Finance,https://finance.yahoo.com/quote/GC=F,2026-08-27T09:48:28.743489,daily,B,COMEX front-month proxy for London gold (USD/troy oz)
2026-08-23,lme_gold_price,4660.6001,USD/oz,Yahoo Finance,https://finance.yahoo.com/quote/GC=F,2026-08-24T08:48:51.930849,daily,B,
2026-08-24,lme_gold_price,4640.7998,USD/oz,Yahoo Finance,https://finance.yahoo.com/quote/GC=F,2026-08-27T09:48:28.743489,daily,B,COMEX front-month proxy for London gold (USD/troy oz)
2026-08-25,lme_gold_price,4638.1001,USD/oz,Yahoo Finance,https://finance.yahoo.com/quote/GC=F,2026-08-27T09:48:28.743489,daily,B,COMEX front-month proxy for London gold (USD/troy oz)
2026-08-26,lme_gold_price,4683.2002,USD/oz,Yahoo Finance,https://finance.yahoo.com/quote/GC=F,2026-08-27T09:48:28.743489,daily,B,COMEX front-month proxy for London gold (USD/troy oz)
2026-01-02,lme_inventory,8755.42,ton,手动维护-LME,https://www.lme.com/Market-data/Reports-and-data/Warehouse-and-stock-reports,2026-07-13T10:06:58.443606,daily,B,
2026-01-03,lme_inventory,8755.84,ton,手动维护-LME,https://www.lme.com/Market-data/Reports-and-data/Warehouse-and-stock-reports,2026-07-13T10:06:58.443606,daily,B,
2026-01-04,lme_inventory,8756.26,ton,手动维护-LME,https://www.lme.com/Market-data/Reports-and-data/Warehouse-and-stock-reports,2026-07-13T10:06:58.443606,daily,B,
2026-01-05,lme_inventory,8756.68,ton,手动维护-LME,https://www.lme.com/Market-data/Reports-and-data/Warehouse-and-stock-reports,2026-07-13T10:06:58.443606,daily,B,
2026-01-06,lme_inventory,8757.1,ton,手动维护-LME,https://www.lme.com/Market-data/Reports-and-data/Warehouse-and-stock-reports,2026-07-13T10:06:58.443606,daily,B,
2026-01-07,lme_inventory,8757.52,ton,手动维护-LME,https://www.lme.com/Market-data/Reports-and-data/Warehouse-and-stock-reports,2026-07-13T10:06:58.444606,daily,B,
2026-01-08,lme_inventory,8757.94,ton,手动维护-LME,https://www.lme.com/Market-data/Reports-and-data/Warehouse-and-stock-reports,2026-07-13T10:06:58.444606,daily,B,
2026-01-09,lme_inventory,8758.35,ton,手动维护-LME,https://www.lme.com/Market-data/Reports-and-data/Warehouse-and-stock-reports,2026-07-13T10:06:58.444606,daily,B,
2026-01-10,lme_inventory,8758.77,ton,手动维护-LME,https://www.lme.com/Market-data/Reports-and-data/Warehouse-and-stock-reports,2026-07-13T10:06:58.444606,daily,B,
2026-01-11,lme_inventory,8759.19,ton,手动维护-LME,https://www.lme.com/Market-data/Reports-and-data/Warehouse-and-stock-reports,2026-07-13T10:06:58.444606,daily,B,
2026-01-12,lme_inventory,8759.61,ton,手动维护-LME,https://www.lme.com/Market-data/Reports-and-data/Warehouse-and-stock-reports,2026-07-13T10:06:58.445609,daily,B,
2026-01-13,lme_inventory,8760.03,ton,手动维护-LME,https://www.lme.com/Market-data/Reports-and-data/Warehouse-and-stock-reports,2026-07-13T10:06:58.445700,daily,B,
2026-01-14,lme_inventory,8760.45,ton,手动维护-LME,https://www.lme.com/Market-data/Reports-and-data/Warehouse-and-stock-reports,2026-07-13T10:06:58.445700,daily,B,
2026-01-15,lme_inventory,8760.87,ton,手动维护-LME,https://www.lme.com/Market-data/Reports-and-data/Warehouse-and-stock-reports,2026-07-13T10:06:58.445700,daily,B,
2026-01-16,lme_inventory,8761.29,ton,手动维护-LME,https://www.lme.com/Market-data/Reports-and-data/Warehouse-and-stock-reports,2026-07-13T10:06:58.445700,daily,B,
2026-01-17,lme_inventory,8761.71,ton,手动维护-LME,https://www.lme.com/Market-data/Reports-and-data/Warehouse-and-stock-reports,2026-07-13T10:06:58.446214,daily,B,
2026-01-18,lme_inventory,8762.13,ton,手动维护-LME,https://www.lme.com/Market-data/Reports-and-data/Warehouse-and-stock-reports,2026-07-13T10:06:58.446244,daily,B,
2026-01-19,lme_inventory,8762.55,ton,手动维护-LME,https://www.lme.com/Market-data/Reports-and-data/Warehouse-and-stock-reports,2026-07-13T10:06:58.446244,daily,B,
2026-01-20,lme_inventory,8762.97,ton,手动维护-LME,https://www.lme.com/Market-data/Reports-and-data/Warehouse-and-stock-reports,2026-07-13T10:06:58.446244,daily,B,
2026-01-21,lme_inventory,8763.39,ton,手动维护-LME,https://www.lme.com/Market-data/Reports-and-data/Warehouse-and-stock-reports,2026-07-13T10:06:58.446244,daily,B,
2026-01-22,lme_inventory,8763.81,ton,手动维护-LME,https://www.lme.com/Market-data/Reports-and-data/Warehouse-and-stock-reports,2026-07-13T10:06:58.446244,daily,B,
2026-01-23,lme_inventory,8764.23,ton,手动维护-LME,https://www.lme.com/Market-data/Reports-and-data/Warehouse-and-stock-reports,2026-07-13T10:06:58.446244,daily,B,
2026-01-24,lme_inventory,8764.65,ton,手动维护-LME,https://www.lme.com/Market-data/Reports-and-data/Warehouse-and-stock-reports,2026-07-13T10:06:58.446244,daily,B,
2026-01-25,lme_inventory,8765.06,ton,手动维护-LME,https://www.lme.com/Market-data/Reports-and-data/Warehouse-and-stock-reports,2026-07-13T10:06:58.447236,daily,B,
2026-01-26,lme_inventory,8765.48,ton,手动维护-LME,https://www.lme.com/Market-data/Reports-and-data/Warehouse-and-stock-reports,2026-07-13T10:06:58.447236,daily,B,
2026-01-27,lme_inventory,8765.9,ton,手动维护-LME,https://www.lme.com/Market-data/Reports-and-data/Warehouse-and-stock-reports,2026-07-13T10:06:58.447236,daily,B,
2026-01-28,lme_inventory,8766.32,ton,手动维护-LME,https://www.lme.com/Market-data/Reports-and-data/Warehouse-and-stock-reports,2026-07-13T10:06:58.447236,daily,B,
2026-01-29,lme_inventory,8766.74,ton,手动维护-LME,https://www.lme.com/Market-data/Reports-and-data/Warehouse-and-stock-reports,2026-07-13T10:06:58.447236,daily,B,
2026-01-30,lme_inventory,8767.16,ton,手动维护-LME,https://www.lme.com/Market-data/Reports-and-data/Warehouse-and-stock-reports,2026-07-13T10:06:58.447236,daily,B,
2026-01-31,lme_inventory,8767.58,ton,手动维护-LME,https://www.lme.com/Market-data/Reports-and-data/Warehouse-and-stock-reports,2026-07-13T10:06:58.447236,daily,B,
2026-02-01,lme_inventory,8768.0,ton,手动维护-LME,https://www.lme.com/Market-data/Reports-and-data/Warehouse-and-stock-reports,2026-07-13T10:06:58.448235,daily,B,
2026-02-02,lme_inventory,8768.43,ton,手动维护-LME,https://www.lme.com/Market-data/Reports-and-data/Warehouse-and-stock-reports,2026-07-13T10:06:58.448235,daily,B,
2026-02-03,lme_inventory,8768.86,ton,手动维护-LME,https://www.lme.com/Market-data/Reports-and-data/Warehouse-and-stock-reports,2026-07-13T10:06:58.448235,daily,B,
2026-02-04,lme_inventory,8769.29,ton,手动维护-LME,https://www.lme.com/Market-data/Reports-and-data/Warehouse-and-stock-reports,2026-07-13T10:06:58.448235,daily,B,
2026-02-05,lme_inventory,8769.71,ton,手动维护-LME,https://www.lme.com/Market-data/Reports-and-data/Warehouse-and-stock-reports,2026-07-13T10:06:58.448235,daily,B,
2026-02-06,lme_inventory,8770.14,ton,手动维护-LME,https://www.lme.com/Market-data/Reports-and-data/Warehouse-and-stock-reports,2026-07-13T10:06:58.448235,daily,B,
2026-02-07,lme_inventory,8770.57,ton,手动维护-LME,https://www.lme.com/Market-data/Reports-and-data/Warehouse-and-stock-reports,2026-07-13T10:06:58.448235,daily,B,
2026-02-08,lme_inventory,8771.0,ton,手动维护-LME,https://www.lme.com/Market-data/Reports-and-data/Warehouse-and-stock-reports,2026-07-13T10:06:58.448235,daily,B,
2026-02-09,lme_inventory,8771.43,ton,手动维护-LME,https://www.lme.com/Market-data/Reports-and-data/Warehouse-and-stock-reports,2026-07-13T10:06:58.448235,daily,B,
2026-02-10,lme_inventory,8771.86,ton,手动维护-LME,https://www.lme.com/Market-data/Reports-and-data/Warehouse-and-stock-reports,2026-07-13T10:06:58.448235,daily,B,
2026-02-11,lme_inventory,8772.29,ton,手动维护-LME,https://www.lme.com/Market-data/Reports-and-data/Warehouse-and-stock-reports,2026-07-13T10:06:58.449236,daily,B,
2026-02-12,lme_inventory,8772.71,ton,手动维护-LME,https://www.lme.com/Market-data/Reports-and-data/Warehouse-and-stock-reports,2026-07-13T10:06:58.449236,daily,B,
2026-02-13,lme_inventory,8773.14,ton,手动维护-LME,https://www.lme.com/Market-data/Reports-and-data/Warehouse-and-stock-reports,2026-07-13T10:06:58.449236,daily,B,
2026-02-14,lme_inventory,8773.57,ton,手动维护-LME,https://www.lme.com/Market-data/Reports-and-data/Warehouse-and-stock-reports,2026-07-13T10:06:58.449236,daily,B,
2026-02-15,lme_inventory,8774.0,ton,手动维护-LME,https://www.lme.com/Market-data/Reports-and-data/Warehouse-and-stock-reports,2026-07-13T10:06:58.449236,daily,B,
2026-02-16,lme_inventory,8774.43,ton,手动维护-LME,https://www.lme.com/Market-data/Reports-and-data/Warehouse-and-stock-reports,2026-07-13T10:06:58.449236,daily,B,
2026-02-17,lme_inventory,8774.86,ton,手动维护-LME,https://www.lme.com/Market-data/Reports-and-data/Warehouse-and-stock-reports,2026-07-13T10:06:58.449236,daily,B,
2026-02-18,lme_inventory,8775.29,ton,手动维护-LME,https://www.lme.com/Market-data/Reports-and-data/Warehouse-and-stock-reports,2026-07-13T10:06:58.449236,daily,B,
2026-02-19,lme_inventory,8775.71,ton,手动维护-LME,https://www.lme.com/Market-data/Reports-and-data/Warehouse-and-stock-reports,2026-07-13T10:06:58.449236,daily,B,
2026-02-20,lme_inventory,8776.14,ton,手动维护-LME,https://www.lme.com/Market-data/Reports-and-data/Warehouse-and-stock-reports,2026-07-13T10:06:58.449236,daily,B,
2026-02-21,lme_inventory,8776.57,ton,手动维护-LME,https://www.lme.com/Market-data/Reports-and-data/Warehouse-and-stock-reports,2026-07-13T10:06:58.449236,daily,B,
2026-02-22,lme_inventory,8777.0,ton,手动维护-LME,https://www.lme.com/Market-data/Reports-and-data/Warehouse-and-stock-reports,2026-07-13T10:06:58.450229,daily,B,
2026-02-23,lme_inventory,8777.43,ton,手动维护-LME,https://www.lme.com/Market-data/Reports-and-data/Warehouse-and-stock-reports,2026-07-13T10:06:58.450229,daily,B,
2026-02-24,lme_inventory,8777.86,ton,手动维护-LME,https://www.lme.com/Market-data/Reports-and-data/Warehouse-and-stock-reports,2026-07-13T10:06:58.450229,daily,B,
2026-02-25,lme_inventory,8778.29,ton,手动维护-LME,https://www.lme.com/Market-data/Reports-and-data/Warehouse-and-stock-reports,2026-07-13T10:06:58.450229,daily,B,
2026-02-26,lme_inventory,8778.71,ton,手动维护-LME,https://www.lme.com/Market-data/Reports-and-data/Warehouse-and-stock-reports,2026-07-13T10:06:58.450229,daily,B,
2026-02-27,lme_inventory,8779.14,ton,手动维护-LME,https://www.lme.com/Market-data/Reports-and-data/Warehouse-and-stock-reports,2026-07-13T10:06:58.450229,daily,B,
2026-02-28,lme_inventory,8779.57,ton,手动维护-LME,https://www.lme.com/Market-data/Reports-and-data/Warehouse-and-stock-reports,2026-07-13T10:06:58.450229,daily,B,
2026-03-01,lme_inventory,8780.0,ton,手动维护-LME,https://www.lme.com/Market-data/Reports-and-data/Warehouse-and-stock-reports,2026-07-13T10:06:58.450229,daily,B,
2026-03-02,lme_inventory,8780.48,ton,手动维护-LME,https://www.lme.com/Market-data/Reports-and-data/Warehouse-and-stock-reports,2026-07-13T10:06:58.450229,daily,B,
2026-03-03,lme_inventory,8780.97,ton,手动维护-LME,https://www.lme.com/Market-data/Reports-and-data/Warehouse-and-stock-reports,2026-07-13T10:06:58.451230,daily,B,
2026-03-04,lme_inventory,8781.45,ton,手动维护-LME,https://www.lme.com/Market-data/Reports-and-data/Warehouse-and-stock-reports,2026-07-13T10:06:58.451230,daily,B,
2026-03-05,lme_inventory,8781.94,ton,手动维护-LME,https://www.lme.com/Market-data/Reports-and-data/Warehouse-and-stock-reports,2026-07-13T10:06:58.451230,daily,B,
2026-03-06,lme_inventory,8782.42,ton,手动维护-LME,https://www.lme.com/Market-data/Reports-and-data/Warehouse-and-stock-reports,2026-07-13T10:06:58.451230,daily,B,
2026-03-07,lme_inventory,8782.9,ton,手动维护-LME,https://www.lme.com/Market-data/Reports-and-data/Warehouse-and-stock-reports,2026-07-13T10:06:58.451230,daily,B,
2026-03-08,lme_inventory,8783.39,ton,手动维护-LME,https://www.lme.com/Market-data/Reports-and-data/Warehouse-and-stock-reports,2026-07-13T10:06:58.451230,daily,B,
2026-03-09,lme_inventory,8783.87,ton,手动维护-LME,https://www.lme.com/Market-data/Reports-and-data/Warehouse-and-stock-reports,2026-07-13T10:06:58.451230,daily,B,
2026-03-10,lme_inventory,8784.35,ton,手动维护-LME,https://www.lme.com/Market-data/Reports-and-data/Warehouse-and-stock-reports,2026-07-13T10:06:58.451230,daily,B,
2026-03-11,lme_inventory,8784.84,ton,手动维护-LME,https://www.lme.com/Market-data/Reports-and-data/Warehouse-and-stock-reports,2026-07-13T10:06:58.451230,daily,B,
2026-03-12,lme_inventory,8785.32,ton,手动维护-LME,https://www.lme.com/Market-data/Reports-and-data/Warehouse-and-stock-reports,2026-07-13T10:06:58.452230,daily,B,
2026-03-13,lme_inventory,8785.81,ton,手动维护-LME,https://www.lme.com/Market-data/Reports-and-data/Warehouse-and-stock-reports,2026-07-13T10:06:58.452230,daily,B,
2026-03-14,lme_inventory,8786.29,ton,手动维护-LME,https://www.lme.com/Market-data/Reports-and-data/Warehouse-and-stock-reports,2026-07-13T10:06:58.452230,daily,B,
2026-03-15,lme_inventory,8786.77,ton,手动维护-LME,https://www.lme.com/Market-data/Reports-and-data/Warehouse-and-stock-reports,2026-07-13T10:06:58.452230,daily,B,
2026-03-16,lme_inventory,8650.0,ton,手动维护-LBMA,https://www.lbma.org.uk/prices-and-data/london-vault-data,2026-08-27T09:48:38.306652,daily,B,LBMA London vault stocks loaded from gold_inventory.csv (legacy LME column still supported)
2026-03-17,lme_inventory,8647.0,ton,手动维护-LBMA,https://www.lbma.org.uk/prices-and-data/london-vault-data,2026-08-27T09:48:38.306652,daily,B,LBMA London vault stocks loaded from gold_inventory.csv (legacy LME column still supported)
2026-03-18,lme_inventory,8652.0,ton,手动维护-LBMA,https://www.lbma.org.uk/prices-and-data/london-vault-data,2026-08-27T09:48:38.306652,daily,B,LBMA London vault stocks loaded from gold_inventory.csv (legacy LME column still supported)
2026-03-19,lme_inventory,8649.0,ton,手动维护-LBMA,https://www.lbma.org.uk/prices-and-data/london-vault-data,2026-08-27T09:48:38.306652,daily,B,LBMA London vault stocks loaded from gold_inventory.csv (legacy LME column still supported)
2026-03-20,lme_inventory,8655.0,ton,手动维护-LBMA,https://www.lbma.org.uk/prices-and-data/london-vault-data,2026-08-27T09:48:38.306652,daily,B,LBMA London vault stocks loaded from gold_inventory.csv (legacy LME column still supported)
2026-03-21,lme_inventory,8658.0,ton,手动维护-LBMA,https://www.lbma.org.uk/prices-and-data/london-vault-data,2026-08-27T09:48:38.306652,daily,B,LBMA London vault stocks loaded from gold_inventory.csv (legacy LME column still supported)
2026-03-22,lme_inventory,8660.0,ton,手动维护-LBMA,https://www.lbma.org.uk/prices-and-data/london-vault-data,2026-08-27T09:48:38.306652,daily,B,LBMA London vault stocks loaded from gold_inventory.csv (legacy LME column still supported)
2026-03-23,lme_inventory,8659.0,ton,手动维护-LBMA,https://www.lbma.org.uk/prices-and-data/london-vault-data,2026-08-27T09:48:38.306652,daily,B,LBMA London vault stocks loaded from gold_inventory.csv (legacy LME column still supported)
2026-03-24,lme_inventory,8662.0,ton,手动维护-LBMA,https://www.lbma.org.uk/prices-and-data/london-vault-data,2026-08-27T09:48:38.306652,daily,B,LBMA London vault stocks loaded from gold_inventory.csv (legacy LME column still supported)
2026-03-25,lme_inventory,8662.0,ton,手动维护-LBMA,https://www.lbma.org.uk/prices-and-data/london-vault-data,2026-08-27T09:48:38.306652,daily,B,LBMA London vault stocks loaded from gold_inventory.csv (legacy LME column still supported)
2026-03-26,lme_inventory,8662.0,ton,手动维护-LBMA,https://www.lbma.org.uk/prices-and-data/london-vault-data,2026-08-27T09:48:38.307650,daily,B,LBMA London vault stocks loaded from gold_inventory.csv (legacy LME column still supported)
2026-03-27,lme_inventory,8647.0,ton,手动维护-LBMA,https://www.lbma.org.uk/prices-and-data/london-vault-data,2026-08-27T09:48:38.307650,daily,B,LBMA London vault stocks loaded from gold_inventory.csv (legacy LME column still supported)
2026-03-28,lme_inventory,8643.0,ton,手动维护-LBMA,https://www.lbma.org.uk/prices-and-data/london-vault-data,2026-08-27T09:48:38.307650,daily,B,LBMA London vault stocks loaded from gold_inventory.csv (legacy LME column still supported)
2026-03-29,lme_inventory,8663.0,ton,手动维护-LBMA,https://www.lbma.org.uk/prices-and-data/london-vault-data,2026-08-27T09:48:38.307650,daily,B,LBMA London vault stocks loaded from gold_inventory.csv (legacy LME column still supported)
2026-03-30,lme_inventory,8649.0,ton,手动维护-LBMA,https://www.lbma.org.uk/prices-and-data/london-vault-data,2026-08-27T09:48:38.307650,daily,B,LBMA London vault stocks loaded from gold_inventory.csv (legacy LME column still supported)
2026-03-31,lme_inventory,8647.0,ton,手动维护-LBMA,https://www.lbma.org.uk/prices-and-data/london-vault-data,2026-08-27T09:48:38.307650,daily,B,LBMA London vault stocks loaded from gold_inventory.csv (legacy LME column still supported)
2026-04-01,lme_inventory,8635.0,ton,手动维护-LBMA,https://www.lbma.org.uk/prices-and-data/london-vault-data,2026-08-27T09:48:38.307650,daily,B,LBMA London vault stocks loaded from gold_inventory.csv (legacy LME column still supported)
2026-04-02,lme_inventory,8659.0,ton,手动维护-LBMA,https://www.lbma.org.uk/prices-and-data/london-vault-data,2026-08-27T09:48:38.307650,daily,B,LBMA London vault stocks loaded from gold_inventory.csv (legacy LME column still supported)
2026-04-03,lme_inventory,8641.0,ton,手动维护-LBMA,https://www.lbma.org.uk/prices-and-data/london-vault-data,2026-08-27T09:48:38.307650,daily,B,LBMA London vault stocks loaded from gold_inventory.csv (legacy LME column still supported)
2026-04-04,lme_inventory,8643.0,ton,手动维护-LBMA,https://www.lbma.org.uk/prices-and-data/london-vault-data,2026-08-27T09:48:38.307650,daily,B,LBMA London vault stocks loaded from gold_inventory.csv (legacy LME column still supported)
2026-04-05,lme_inventory,8658.0,ton,手动维护-LBMA,https://www.lbma.org.uk/prices-and-data/london-vault-data,2026-08-27T09:48:38.307650,daily,B,LBMA London vault stocks loaded from gold_inventory.csv (legacy LME column still supported)
2026-04-06,lme_inventory,8635.0,ton,手动维护-LBMA,https://www.lbma.org.uk/prices-and-data/london-vault-data,2026-08-27T09:48:38.307650,daily,B,LBMA London vault stocks loaded from gold_inventory.csv (legacy LME column still supported)
2026-04-07,lme_inventory,8646.0,ton,手动维护-LBMA,https://www.lbma.org.uk/prices-and-data/london-vault-data,2026-08-27T09:48:38.308649,daily,B,LBMA London vault stocks loaded from gold_inventory.csv (legacy LME column still supported)
2026-04-08,lme_inventory,8642.0,ton,手动维护-LBMA,https://www.lbma.org.uk/prices-and-data/london-vault-data,2026-08-27T09:48:38.308649,daily,B,LBMA London vault stocks loaded from gold_inventory.csv (legacy LME column still supported)
2026-04-09,lme_inventory,8658.0,ton,手动维护-LBMA,https://www.lbma.org.uk/prices-and-data/london-vault-data,2026-08-27T09:48:38.308649,daily,B,LBMA London vault stocks loaded from gold_inventory.csv (legacy LME column still supported)
2026-04-10,lme_inventory,8645.0,ton,手动维护-LBMA,https://www.lbma.org.uk/prices-and-data/london-vault-data,2026-08-27T09:48:38.308649,daily,B,LBMA London vault stocks loaded from gold_inventory.csv (legacy LME column still supported)
2026-04-11,lme_inventory,8653.0,ton,手动维护-LBMA,https://www.lbma.org.uk/prices-and-data/london-vault-data,2026-08-27T09:48:38.308649,daily,B,LBMA London vault stocks loaded from gold_inventory.csv (legacy LME column still supported)
2026-04-12,lme_inventory,8651.0,ton,手动维护-LBMA,https://www.lbma.org.uk/prices-and-data/london-vault-data,2026-08-27T09:48:38.308649,daily,B,LBMA London vault stocks loaded from gold_inventory.csv (legacy LME column still supported)
2026-04-13,lme_inventory,8642.0,ton,手动维护-LBMA,https://www.lbma.org.uk/prices-and-data/london-vault-data,2026-08-27T09:48:38.308649,daily,B,LBMA London vault stocks loaded from gold_inventory.csv (legacy LME column still supported)
2026-04-14,lme_inventory,8637.0,ton,手动维护-LBMA,https://www.lbma.org.uk/prices-and-data/london-vault-data,2026-08-27T09:48:38.308649,daily,B,LBMA London vault stocks loaded from gold_inventory.csv (legacy LME column still supported)
2026-04-15,lme_inventory,8617.0,ton,手动维护-LBMA,https://www.lbma.org.uk/prices-and-data/london-vault-data,2026-08-27T09:48:38.309362,daily,B,LBMA London vault stocks loaded from gold_inventory.csv (legacy LME column still supported)
2026-04-16,lme_inventory,8615.0,ton,手动维护-LBMA,https://www.lbma.org.uk/prices-and-data/london-vault-data,2026-08-27T09:48:38.309362,daily,B,LBMA London vault stocks loaded from gold_inventory.csv (legacy LME column still supported)
2026-04-17,lme_inventory,8641.0,ton,手动维护-LBMA,https://www.lbma.org.uk/prices-and-data/london-vault-data,2026-08-27T09:48:38.309362,daily,B,LBMA London vault stocks loaded from gold_inventory.csv (legacy LME column still supported)
2026-04-18,lme_inventory,8619.0,ton,手动维护-LBMA,https://www.lbma.org.uk/prices-and-data/london-vault-data,2026-08-27T09:48:38.309362,daily,B,LBMA London vault stocks loaded from gold_inventory.csv (legacy LME column still supported)
2026-04-19,lme_inventory,8624.0,ton,手动维护-LBMA,https://www.lbma.org.uk/prices-and-data/london-vault-data,2026-08-27T09:48:38.309362,daily,B,LBMA London vault stocks loaded from gold_inventory.csv (legacy LME column still supported)
2026-04-20,lme_inventory,8621.0,ton,手动维护-LBMA,https://www.lbma.org.uk/prices-and-data/london-vault-data,2026-08-27T09:48:38.309362,daily,B,LBMA London vault stocks loaded from gold_inventory.csv (legacy LME column still supported)
2026-04-21,lme_inventory,8640.0,ton,手动维护-LBMA,https://www.lbma.org.uk/prices-and-data/london-vault-data,2026-08-27T09:48:38.309871,daily,B,LBMA London vault stocks loaded from gold_inventory.csv (legacy LME column still supported)
2026-04-22,lme_inventory,8623.0,ton,手动维护-LBMA,https://www.lbma.org.uk/prices-and-data/london-vault-data,2026-08-27T09:48:38.309871,daily,B,LBMA London vault stocks loaded from gold_inventory.csv (legacy LME column still supported)
2026-04-23,lme_inventory,8642.0,ton,手动维护-LBMA,https://www.lbma.org.uk/prices-and-data/london-vault-data,2026-08-27T09:48:38.309871,daily,B,LBMA London vault stocks loaded from gold_inventory.csv (legacy LME column still supported)
2026-04-24,lme_inventory,8621.0,ton,手动维护-LBMA,https://www.lbma.org.uk/prices-and-data/london-vault-data,2026-08-27T09:48:38.309871,daily,B,LBMA London vault stocks loaded from gold_inventory.csv (legacy LME column still supported)
2026-04-25,lme_inventory,8623.0,ton,手动维护-LBMA,https://www.lbma.org.uk/prices-and-data/london-vault-data,2026-08-27T09:48:38.309871,daily,B,LBMA London vault stocks loaded from gold_inventory.csv (legacy LME column still supported)
2026-04-26,lme_inventory,8622.0,ton,手动维护-LBMA,https://www.lbma.org.uk/prices-and-data/london-vault-data,2026-08-27T09:48:38.309871,daily,B,LBMA London vault stocks loaded from gold_inventory.csv (legacy LME column still supported)
2026-04-27,lme_inventory,8626.0,ton,手动维护-LBMA,https://www.lbma.org.uk/prices-and-data/london-vault-data,2026-08-27T09:48:38.309871,daily,B,LBMA London vault stocks loaded from gold_inventory.csv (legacy LME column still supported)
2026-04-28,lme_inventory,8616.0,ton,手动维护-LBMA,https://www.lbma.org.uk/prices-and-data/london-vault-data,2026-08-27T09:48:38.309871,daily,B,LBMA London vault stocks loaded from gold_inventory.csv (legacy LME column still supported)
2026-04-29,lme_inventory,8615.0,ton,手动维护-LBMA,https://www.lbma.org.uk/prices-and-data/london-vault-data,2026-08-27T09:48:38.309871,daily,B,LBMA London vault stocks loaded from gold_inventory.csv (legacy LME column still supported)
2026-04-30,lme_inventory,8630.0,ton,手动维护-LBMA,https://www.lbma.org.uk/prices-and-data/london-vault-data,2026-08-27T09:48:38.309871,daily,B,LBMA London vault stocks loaded from gold_inventory.csv (legacy LME column still supported)
2026-05-01,lme_inventory,8637.0,ton,手动维护-LBMA,https://www.lbma.org.uk/prices-and-data/london-vault-data,2026-08-27T09:48:38.309871,daily,B,LBMA London vault stocks loaded from gold_inventory.csv (legacy LME column still supported)
2026-05-02,lme_inventory,8637.0,ton,手动维护-LBMA,https://www.lbma.org.uk/prices-and-data/london-vault-data,2026-08-27T09:48:38.309871,daily,B,LBMA London vault stocks loaded from gold_inventory.csv (legacy LME column still supported)
2026-05-03,lme_inventory,8644.0,ton,手动维护-LBMA,https://www.lbma.org.uk/prices-and-data/london-vault-data,2026-08-27T09:48:38.310879,daily,B,LBMA London vault stocks loaded from gold_inventory.csv (legacy LME column still supported)
2026-05-04,lme_inventory,8638.0,ton,手动维护-LBMA,https://www.lbma.org.uk/prices-and-data/london-vault-data,2026-08-27T09:48:38.310879,daily,B,LBMA London vault stocks loaded from gold_inventory.csv (legacy LME column still supported)
2026-05-05,lme_inventory,8619.0,ton,手动维护-LBMA,https://www.lbma.org.uk/prices-and-data/london-vault-data,2026-08-27T09:48:38.310879,daily,B,LBMA London vault stocks loaded from gold_inventory.csv (legacy LME column still supported)
2026-05-06,lme_inventory,8617.0,ton,手动维护-LBMA,https://www.lbma.org.uk/prices-and-data/london-vault-data,2026-08-27T09:48:38.310879,daily,B,LBMA London vault stocks loaded from gold_inventory.csv (legacy LME column still supported)
2026-05-07,lme_inventory,8626.0,ton,手动维护-LBMA,https://www.lbma.org.uk/prices-and-data/london-vault-data,2026-08-27T09:48:38.310879,daily,B,LBMA London vault stocks loaded from gold_inventory.csv (legacy LME column still supported)
2026-05-08,lme_inventory,8622.0,ton,手动维护-LBMA,https://www.lbma.org.uk/prices-and-data/london-vault-data,2026-08-27T09:48:38.310879,daily,B,LBMA London vault stocks loaded from gold_inventory.csv (legacy LME column still supported)
2026-05-09,lme_inventory,8636.0,ton,手动维护-LBMA,https://www.lbma.org.uk/prices-and-data/london-vault-data,2026-08-27T09:48:38.310879,daily,B,LBMA London vault stocks loaded from gold_inventory.csv (legacy LME column still supported)
2026-05-10,lme_inventory,8641.0,ton,手动维护-LBMA,https://www.lbma.org.uk/prices-and-data/london-vault-data,2026-08-27T09:48:38.310879,daily,B,LBMA London vault stocks loaded from gold_inventory.csv (legacy LME column still supported)
2026-05-11,lme_inventory,8617.0,ton,手动维护-LBMA,https://www.lbma.org.uk/prices-and-data/london-vault-data,2026-08-27T09:48:38.310879,daily,B,LBMA London vault stocks loaded from gold_inventory.csv (legacy LME column still supported)
2026-05-12,lme_inventory,8615.0,ton,手动维护-LBMA,https://www.lbma.org.uk/prices-and-data/london-vault-data,2026-08-27T09:48:38.310879,daily,B,LBMA London vault stocks loaded from gold_inventory.csv (legacy LME column still supported)
2026-05-13,lme_inventory,8617.0,ton,手动维护-LBMA,https://www.lbma.org.uk/prices-and-data/london-vault-data,2026-08-27T09:48:38.310879,daily,B,LBMA London vault stocks loaded from gold_inventory.csv (legacy LME column still supported)
2026-05-14,lme_inventory,8619.0,ton,手动维护-LBMA,https://www.lbma.org.uk/prices-and-data/london-vault-data,2026-08-27T09:48:38.310879,daily,B,LBMA London vault stocks loaded from gold_inventory.csv (legacy LME column still supported)
2026-05-15,lme_inventory,8579.0,ton,手动维护-LBMA,https://www.lbma.org.uk/prices-and-data/london-vault-data,2026-08-27T09:48:38.311880,daily,B,LBMA London vault stocks loaded from gold_inventory.csv (legacy LME column still supported)
2026-05-16,lme_inventory,8578.0,ton,手动维护-LBMA,https://www.lbma.org.uk/prices-and-data/london-vault-data,2026-08-27T09:48:38.311880,daily,B,LBMA London vault stocks loaded from gold_inventory.csv (legacy LME column still supported)
2026-05-17,lme_inventory,8567.0,ton,手动维护-LBMA,https://www.lbma.org.uk/prices-and-data/london-vault-data,2026-08-27T09:48:38.311880,daily,B,LBMA London vault stocks loaded from gold_inventory.csv (legacy LME column still supported)
2026-05-18,lme_inventory,8565.0,ton,手动维护-LBMA,https://www.lbma.org.uk/prices-and-data/london-vault-data,2026-08-27T09:48:38.311880,daily,B,LBMA London vault stocks loaded from gold_inventory.csv (legacy LME column still supported)
2026-05-19,lme_inventory,8569.0,ton,手动维护-LBMA,https://www.lbma.org.uk/prices-and-data/london-vault-data,2026-08-27T09:48:38.311880,daily,B,LBMA London vault stocks loaded from gold_inventory.csv (legacy LME column still supported)
2026-05-20,lme_inventory,8590.0,ton,手动维护-LBMA,https://www.lbma.org.uk/prices-and-data/london-vault-data,2026-08-27T09:48:38.311880,daily,B,LBMA London vault stocks loaded from gold_inventory.csv (legacy LME column still supported)
2026-05-21,lme_inventory,8587.0,ton,手动维护-LBMA,https://www.lbma.org.uk/prices-and-data/london-vault-data,2026-08-27T09:48:38.311880,daily,B,LBMA London vault stocks loaded from gold_inventory.csv (legacy LME column still supported)
2026-05-22,lme_inventory,8578.0,ton,手动维护-LBMA,https://www.lbma.org.uk/prices-and-data/london-vault-data,2026-08-27T09:48:38.311880,daily,B,LBMA London vault stocks loaded from gold_inventory.csv (legacy LME column still supported)
2026-05-23,lme_inventory,8571.0,ton,手动维护-LBMA,https://www.lbma.org.uk/prices-and-data/london-vault-data,2026-08-27T09:48:38.311880,daily,B,LBMA London vault stocks loaded from gold_inventory.csv (legacy LME column still supported)
2026-05-24,lme_inventory,8591.0,ton,手动维护-LBMA,https://www.lbma.org.uk/prices-and-data/london-vault-data,2026-08-27T09:48:38.311880,daily,B,LBMA London vault stocks loaded from gold_inventory.csv (legacy LME column still supported)
2026-05-25,lme_inventory,8573.0,ton,手动维护-LBMA,https://www.lbma.org.uk/prices-and-data/london-vault-data,2026-08-27T09:48:38.311880,daily,B,LBMA London vault stocks loaded from gold_inventory.csv (legacy LME column still supported)
2026-05-26,lme_inventory,8579.0,ton,手动维护-LBMA,https://www.lbma.org.uk/prices-and-data/london-vault-data,2026-08-27T09:48:38.311880,daily,B,LBMA London vault stocks loaded from gold_inventory.csv (legacy LME column still supported)
2026-05-27,lme_inventory,8579.0,ton,手动维护-LBMA,https://www.lbma.org.uk/prices-and-data/london-vault-data,2026-08-27T09:48:38.312879,daily,B,LBMA London vault stocks loaded from gold_inventory.csv (legacy LME column still supported)
2026-05-28,lme_inventory,8590.0,ton,手动维护-LBMA,https://www.lbma.org.uk/prices-and-data/london-vault-data,2026-08-27T09:48:38.312879,daily,B,LBMA London vault stocks loaded from gold_inventory.csv (legacy LME column still supported)
2026-05-29,lme_inventory,8574.0,ton,手动维护-LBMA,https://www.lbma.org.uk/prices-and-data/london-vault-data,2026-08-27T09:48:38.312879,daily,B,LBMA London vault stocks loaded from gold_inventory.csv (legacy LME column still supported)
2026-05-30,lme_inventory,8592.0,ton,手动维护-LBMA,https://www.lbma.org.uk/prices-and-data/london-vault-data,2026-08-27T09:48:38.312879,daily,B,LBMA London vault stocks loaded from gold_inventory.csv (legacy LME column still supported)
2026-05-31,lme_inventory,8577.0,ton,手动维护-LBMA,https://www.lbma.org.uk/prices-and-data/london-vault-data,2026-08-27T09:48:38.312879,daily,B,LBMA London vault stocks loaded from gold_inventory.csv (legacy LME column still supported)
2026-06-01,lme_inventory,8583.0,ton,手动维护-LBMA,https://www.lbma.org.uk/prices-and-data/london-vault-data,2026-08-27T09:48:38.312879,daily,B,LBMA London vault stocks loaded from gold_inventory.csv (legacy LME column still supported)
2026-06-02,lme_inventory,8571.0,ton,手动维护-LBMA,https://www.lbma.org.uk/prices-and-data/london-vault-data,2026-08-27T09:48:38.312879,daily,B,LBMA London vault stocks loaded from gold_inventory.csv (legacy LME column still supported)
2026-06-03,lme_inventory,8581.0,ton,手动维护-LBMA,https://www.lbma.org.uk/prices-and-data/london-vault-data,2026-08-27T09:48:38.312879,daily,B,LBMA London vault stocks loaded from gold_inventory.csv (legacy LME column still supported)
2026-06-04,lme_inventory,8584.0,ton,手动维护-LBMA,https://www.lbma.org.uk/prices-and-data/london-vault-data,2026-08-27T09:48:38.312879,daily,B,LBMA London vault stocks loaded from gold_inventory.csv (legacy LME column still supported)
2026-06-05,lme_inventory,8593.0,ton,手动维护-LBMA,https://www.lbma.org.uk/prices-and-data/london-vault-data,2026-08-27T09:48:38.312879,daily,B,LBMA London vault stocks loaded from gold_inventory.csv (legacy LME column still supported)
2026-06-06,lme_inventory,8568.0,ton,手动维护-LBMA,https://www.lbma.org.uk/prices-and-data/london-vault-data,2026-08-27T09:48:38.312879,daily,B,LBMA London vault stocks loaded from gold_inventory.csv (legacy LME column still supported)
2026-06-07,lme_inventory,8594.0,ton,手动维护-LBMA,https://www.lbma.org.uk/prices-and-data/london-vault-data,2026-08-27T09:48:38.312879,daily,B,LBMA London vault stocks loaded from gold_inventory.csv (legacy LME column still supported)
2026-06-08,lme_inventory,8569.0,ton,手动维护-LBMA,https://www.lbma.org.uk/prices-and-data/london-vault-data,2026-08-27T09:48:38.313879,daily,B,LBMA London vault stocks loaded from gold_inventory.csv (legacy LME column still supported)
2026-06-09,lme_inventory,8587.0,ton,手动维护-LBMA,https://www.lbma.org.uk/prices-and-data/london-vault-data,2026-08-27T09:48:38.313879,daily,B,LBMA London vault stocks loaded from gold_inventory.csv (legacy LME column still supported)
2026-06-10,lme_inventory,8571.0,ton,手动维护-LBMA,https://www.lbma.org.uk/prices-and-data/london-vault-data,2026-08-27T09:48:38.313879,daily,B,LBMA London vault stocks loaded from gold_inventory.csv (legacy LME column still supported)
2026-06-11,lme_inventory,8577.0,ton,手动维护-LBMA,https://www.lbma.org.uk/prices-and-data/london-vault-data,2026-08-27T09:48:38.313879,daily,B,LBMA London vault stocks loaded from gold_inventory.csv (legacy LME column still supported)
2026-06-12,lme_inventory,8579.0,ton,手动维护-LBMA,https://www.lbma.org.uk/prices-and-data/london-vault-data,2026-08-27T09:48:38.313879,daily,B,LBMA London vault stocks loaded from gold_inventory.csv (legacy LME column still supported)
2026-06-13,lme_inventory,8575.0,ton,手动维护-LBMA,https://www.lbma.org.uk/prices-and-data/london-vault-data,2026-08-27T09:48:38.313879,daily,B,LBMA London vault stocks loaded from gold_inventory.csv (legacy LME column still supported)
2026-06-14,lme_inventory,8573.0,ton,手动维护-LBMA,https://www.lbma.org.uk/prices-and-data/london-vault-data,2026-08-27T09:48:38.313879,daily,B,LBMA London vault stocks loaded from gold_inventory.csv (legacy LME column still supported)
2026-06-15,lme_inventory,8548.0,ton,手动维护-LBMA,https://www.lbma.org.uk/prices-and-data/london-vault-data,2026-08-27T09:48:38.313879,daily,B,LBMA London vault stocks loaded from gold_inventory.csv (legacy LME column still supported)
2026-06-16,lme_inventory,8557.0,ton,手动维护-LBMA,https://www.lbma.org.uk/prices-and-data/london-vault-data,2026-08-27T09:48:38.313879,daily,B,LBMA London vault stocks loaded from gold_inventory.csv (legacy LME column still supported)
2026-06-17,lme_inventory,8551.0,ton,手动维护-LBMA,https://www.lbma.org.uk/prices-and-data/london-vault-data,2026-08-27T09:48:38.313879,daily,B,LBMA London vault stocks loaded from gold_inventory.csv (legacy LME column still supported)
2026-06-18,lme_inventory,8571.0,ton,手动维护-LBMA,https://www.lbma.org.uk/prices-and-data/london-vault-data,2026-08-27T09:48:38.313879,daily,B,LBMA London vault stocks loaded from gold_inventory.csv (legacy LME column still supported)
2026-06-19,lme_inventory,8563.0,ton,手动维护-LBMA,https://www.lbma.org.uk/prices-and-data/london-vault-data,2026-08-27T09:48:38.313879,daily,B,LBMA London vault stocks loaded from gold_inventory.csv (legacy LME column still supported)
2026-06-20,lme_inventory,8566.0,ton,手动维护-LBMA,https://www.lbma.org.uk/prices-and-data/london-vault-data,2026-08-27T09:48:38.314879,daily,B,LBMA London vault stocks loaded from gold_inventory.csv (legacy LME column still supported)
2026-06-21,lme_inventory,8572.0,ton,手动维护-LBMA,https://www.lbma.org.uk/prices-and-data/london-vault-data,2026-08-27T09:48:38.314879,daily,B,LBMA London vault stocks loaded from gold_inventory.csv (legacy LME column still supported)
2026-06-22,lme_inventory,8546.0,ton,手动维护-LBMA,https://www.lbma.org.uk/prices-and-data/london-vault-data,2026-08-27T09:48:38.314879,daily,B,LBMA London vault stocks loaded from gold_inventory.csv (legacy LME column still supported)
2026-06-23,lme_inventory,8554.0,ton,手动维护-LBMA,https://www.lbma.org.uk/prices-and-data/london-vault-data,2026-08-27T09:48:38.314879,daily,B,LBMA London vault stocks loaded from gold_inventory.csv (legacy LME column still supported)
2026-06-24,lme_inventory,8557.0,ton,手动维护-LBMA,https://www.lbma.org.uk/prices-and-data/london-vault-data,2026-08-27T09:48:38.314879,daily,B,LBMA London vault stocks loaded from gold_inventory.csv (legacy LME column still supported)
2026-06-25,lme_inventory,8574.0,ton,手动维护-LBMA,https://www.lbma.org.uk/prices-and-data/london-vault-data,2026-08-27T09:48:38.314879,daily,B,LBMA London vault stocks loaded from gold_inventory.csv (legacy LME column still supported)
2026-06-26,lme_inventory,8569.0,ton,手动维护-LBMA,https://www.lbma.org.uk/prices-and-data/london-vault-data,2026-08-27T09:48:38.314879,daily,B,LBMA London vault stocks loaded from gold_inventory.csv (legacy LME column still supported)
2026-06-27,lme_inventory,8565.0,ton,手动维护-LBMA,https://www.lbma.org.uk/prices-and-data/london-vault-data,2026-08-27T09:48:38.314879,daily,B,LBMA London vault stocks loaded from gold_inventory.csv (legacy LME column still supported)
2026-06-28,lme_inventory,8550.0,ton,手动维护-LBMA,https://www.lbma.org.uk/prices-and-data/london-vault-data,2026-08-27T09:48:38.314879,daily,B,LBMA London vault stocks loaded from gold_inventory.csv (legacy LME column still supported)
2026-06-29,lme_inventory,8572.0,ton,手动维护-LBMA,https://www.lbma.org.uk/prices-and-data/london-vault-data,2026-08-27T09:48:38.314879,daily,B,LBMA London vault stocks loaded from gold_inventory.csv (legacy LME column still supported)
2026-06-30,lme_inventory,8572.0,ton,手动维护-LBMA,https://www.lbma.org.uk/prices-and-data/london-vault-data,2026-08-27T09:48:38.314879,daily,B,LBMA London vault stocks loaded from gold_inventory.csv (legacy LME column still supported)
2026-07-01,lme_inventory,8556.0,ton,手动维护-LBMA,https://www.lbma.org.uk/prices-and-data/london-vault-data,2026-08-27T09:48:38.314879,daily,B,LBMA London vault stocks loaded from gold_inventory.csv (legacy LME column still supported)
2026-07-02,lme_inventory,8556.0,ton,手动维护-LBMA,https://www.lbma.org.uk/prices-and-data/london-vault-data,2026-08-27T09:48:38.315879,daily,B,LBMA London vault stocks loaded from gold_inventory.csv (legacy LME column still supported)
2026-07-03,lme_inventory,8564.0,ton,手动维护-LBMA,https://www.lbma.org.uk/prices-and-data/london-vault-data,2026-08-27T09:48:38.315879,daily,B,LBMA London vault stocks loaded from gold_inventory.csv (legacy LME column still supported)
2026-07-04,lme_inventory,8574.0,ton,手动维护-LBMA,https://www.lbma.org.uk/prices-and-data/london-vault-data,2026-08-27T09:48:38.315879,daily,B,LBMA London vault stocks loaded from gold_inventory.csv (legacy LME column still supported)
2026-07-05,lme_inventory,8574.0,ton,手动维护-LBMA,https://www.lbma.org.uk/prices-and-data/london-vault-data,2026-08-27T09:48:38.315879,daily,B,LBMA London vault stocks loaded from gold_inventory.csv (legacy LME column still supported)
2026-07-06,lme_inventory,8555.0,ton,手动维护-LBMA,https://www.lbma.org.uk/prices-and-data/london-vault-data,2026-08-27T09:48:38.315879,daily,B,LBMA London vault stocks loaded from gold_inventory.csv (legacy LME column still supported)
2026-07-07,lme_inventory,8570.0,ton,手动维护-LBMA,https://www.lbma.org.uk/prices-and-data/london-vault-data,2026-08-27T09:48:38.315879,daily,B,LBMA London vault stocks loaded from gold_inventory.csv (legacy LME column still supported)
2026-07-08,lme_inventory,8567.0,ton,手动维护-LBMA,https://www.lbma.org.uk/prices-and-data/london-vault-data,2026-08-27T09:48:38.315879,daily,B,LBMA London vault stocks loaded from gold_inventory.csv (legacy LME column still supported)
2026-07-09,lme_inventory,8572.0,ton,手动维护-LBMA,https://www.lbma.org.uk/prices-and-data/london-vault-data,2026-08-27T09:48:38.315879,daily,B,LBMA London vault stocks loaded from gold_inventory.csv (legacy LME column still supported)
2026-07-10,lme_inventory,8569.0,ton,手动维护-LBMA,https://www.lbma.org.uk/prices-and-data/london-vault-data,2026-08-27T09:48:38.315879,daily,B,LBMA London vault stocks loaded from gold_inventory.csv (legacy LME column still supported)
2026-07-11,lme_inventory,8551.0,ton,手动维护-LBMA,https://www.lbma.org.uk/prices-and-data/london-vault-data,2026-08-27T09:48:38.315879,daily,B,LBMA London vault stocks loaded from gold_inventory.csv (legacy LME column still supported)
2026-07-12,lme_inventory,8574.0,ton,手动维护-LBMA,https://www.lbma.org.uk/prices-and-data/london-vault-data,2026-08-27T09:48:38.315879,daily,B,LBMA London vault stocks loaded from gold_inventory.csv (legacy LME column still supported)
2026-07-13,lme_inventory,8545.0,ton,手动维护-LBMA,https://www.lbma.org.uk/prices-and-data/london-vault-data,2026-08-27T09:48:38.315879,daily,B,LBMA London vault stocks loaded from gold_inventory.csv (legacy LME column still supported)
2026-07-14,lme_inventory,8545.0,ton,手动维护-LBMA,https://www.lbma.org.uk/prices-and-data/london-vault-data,2026-08-27T09:48:38.316882,daily,B,LBMA London vault stocks loaded from gold_inventory.csv (legacy LME column still supported)
2026-07-15,lme_inventory,8545.0,ton,手动维护-LBMA,https://www.lbma.org.uk/prices-and-data/london-vault-data,2026-08-27T09:48:38.316882,daily,B,LBMA London vault stocks loaded from gold_inventory.csv (legacy LME column still supported)
2026-07-16,lme_inventory,8545.0,ton,手动维护-LBMA,https://www.lbma.org.uk/prices-and-data/london-vault-data,2026-08-27T09:48:38.316882,daily,B,LBMA London vault stocks loaded from gold_inventory.csv (legacy LME column still supported)
2026-07-17,lme_inventory,8545.0,ton,手动维护-LBMA,https://www.lbma.org.uk/prices-and-data/london-vault-data,2026-08-27T09:48:38.316882,daily,B,LBMA London vault stocks loaded from gold_inventory.csv (legacy LME column still supported)
2026-07-20,lme_inventory,8545.0,ton,手动维护-LBMA,https://www.lbma.org.uk/prices-and-data/london-vault-data,2026-08-27T09:48:38.316882,daily,B,LBMA London vault stocks loaded from gold_inventory.csv (legacy LME column still supported)
2026-07-21,lme_inventory,8545.0,ton,手动维护-LBMA,https://www.lbma.org.uk/prices-and-data/london-vault-data,2026-08-27T09:48:38.316882,daily,B,LBMA London vault stocks loaded from gold_inventory.csv (legacy LME column still supported)
2026-07-22,lme_inventory,8545.0,ton,手动维护-LBMA,https://www.lbma.org.uk/prices-and-data/london-vault-data,2026-08-27T09:48:38.316882,daily,B,LBMA London vault stocks loaded from gold_inventory.csv (legacy LME column still supported)
2026-07-23,lme_inventory,8545.0,ton,手动维护-LBMA,https://www.lbma.org.uk/prices-and-data/london-vault-data,2026-08-27T09:48:38.316882,daily,B,LBMA London vault stocks loaded from gold_inventory.csv (legacy LME column still supported)
2026-07-24,lme_inventory,8545.0,ton,手动维护-LBMA,https://www.lbma.org.uk/prices-and-data/london-vault-data,2026-08-27T09:48:38.316882,daily,B,LBMA London vault stocks loaded from gold_inventory.csv (legacy LME column still supported)
2026-07-27,lme_inventory,8545.0,ton,手动维护-LBMA,https://www.lbma.org.uk/prices-and-data/london-vault-data,2026-08-27T09:48:38.316882,daily,B,LBMA London vault stocks loaded from gold_inventory.csv (legacy LME column still supported)
2026-07-28,lme_inventory,8545.0,ton,手动维护-LBMA,https://www.lbma.org.uk/prices-and-data/london-vault-data,2026-08-27T09:48:38.316882,daily,B,LBMA London vault stocks loaded from gold_inventory.csv (legacy LME column still supported)
2026-07-29,lme_inventory,8545.0,ton,手动维护-LBMA,https://www.lbma.org.uk/prices-and-data/london-vault-data,2026-08-27T09:48:38.316882,daily,B,LBMA London vault stocks loaded from gold_inventory.csv (legacy LME column still supported)
2026-07-30,lme_inventory,8545.0,ton,手动维护-LBMA,https://www.lbma.org.uk/prices-and-data/london-vault-data,2026-08-27T09:48:38.317879,daily,B,LBMA London vault stocks loaded from gold_inventory.csv (legacy LME column still supported)
2026-07-31,lme_inventory,8545.0,ton,手动维护-LBMA,https://www.lbma.org.uk/prices-and-data/london-vault-data,2026-08-27T09:48:38.317879,daily,B,LBMA London vault stocks loaded from gold_inventory.csv (legacy LME column still supported)
2026-08-03,lme_inventory,8545.0,ton,手动维护-LBMA,https://www.lbma.org.uk/prices-and-data/london-vault-data,2026-08-27T09:48:38.317879,daily,B,LBMA London vault stocks loaded from gold_inventory.csv (legacy LME column still supported)
2026-08-04,lme_inventory,8545.0,ton,手动维护-LBMA,https://www.lbma.org.uk/prices-and-data/london-vault-data,2026-08-27T09:48:38.317879,daily,B,LBMA London vault stocks loaded from gold_inventory.csv (legacy LME column still supported)
2026-08-05,lme_inventory,8545.0,ton,手动维护-LBMA,https://www.lbma.org.uk/prices-and-data/london-vault-data,2026-08-27T09:48:38.317879,daily,B,LBMA London vault stocks loaded from gold_inventory.csv (legacy LME column still supported)
2025-05-31,m1,1089147.65,CNY_bn,东方财富-货币供应,https://data.eastmoney.com/cjsj/hbgyl.html,2026-07-05T00:03:52.248080,monthly,A,
2025-06-30,m1,1139494.08,CNY_bn,东方财富-货币供应,https://data.eastmoney.com/cjsj/hbgyl.html,2026-08-04T00:03:24.348652,monthly,A,
2025-07-31,m1,1110586.92,CNY_bn,东方财富-货币供应,https://data.eastmoney.com/cjsj/hbgyl.html,2026-08-27T09:48:38.220464,monthly,A,
2025-08-31,m1,1112255.7,CNY_bn,东方财富-货币供应,https://data.eastmoney.com/cjsj/hbgyl.html,2026-08-27T09:48:38.219464,monthly,A,
2025-09-30,m1,1131455.07,CNY_bn,东方财富-货币供应,https://data.eastmoney.com/cjsj/hbgyl.html,2026-08-27T09:48:38.219464,monthly,A,
2025-10-31,m1,1119962.73,CNY_bn,东方财富-货币供应,https://data.eastmoney.com/cjsj/hbgyl.html,2026-08-27T09:48:38.219464,monthly,A,
2025-11-30,m1,1128866.64,CNY_bn,东方财富-货币供应,https://data.eastmoney.com/cjsj/hbgyl.html,2026-08-27T09:48:38.219464,monthly,A,
2025-12-31,m1,1155146.5,CNY_bn,东方财富-货币供应,https://data.eastmoney.com/cjsj/hbgyl.html,2026-08-27T09:48:38.219464,monthly,A,
2026-01-31,m1,1179680.52,CNY_bn,东方财富-货币供应,https://data.eastmoney.com/cjsj/hbgyl.html,2026-08-27T09:48:38.219464,monthly,A,
2026-02-28,m1,1159258.82,CNY_bn,东方财富-货币供应,https://data.eastmoney.com/cjsj/hbgyl.html,2026-08-27T09:48:38.219464,monthly,A,
2026-03-31,m1,1193202.99,CNY_bn,东方财富-货币供应,https://data.eastmoney.com/cjsj/hbgyl.html,2026-08-27T09:48:38.219464,monthly,A,
2026-04-30,m1,1145833.73,CNY_bn,东方财富-货币供应,https://data.eastmoney.com/cjsj/hbgyl.html,2026-08-27T09:48:38.219464,monthly,A,
2026-05-31,m1,1148891.41,CNY_bn,东方财富-货币供应,https://data.eastmoney.com/cjsj/hbgyl.html,2026-08-27T09:48:38.219464,monthly,A,
2026-06-30,m1,1184775.53,CNY_bn,东方财富-货币供应,https://data.eastmoney.com/cjsj/hbgyl.html,2026-08-27T09:48:38.219464,monthly,A,
2026-07-31,m1,1154623.0,CNY_bn,东方财富-货币供应,https://data.eastmoney.com/cjsj/hbgyl.html,2026-08-27T09:48:38.219464,monthly,A,
2026-03-16,shfe_inventory,68.0,ton,手动维护-SHFE,https://www.shfe.com.cn/reports/businessdata/prmsummary/,2026-08-27T09:48:38.319689,daily,B,Loaded from gold_inventory.csv (SHFE黄金仓单(吨))
2026-03-17,shfe_inventory,87.0,ton,手动维护-SHFE,https://www.shfe.com.cn/reports/businessdata/prmsummary/,2026-08-27T09:48:38.320198,daily,B,Loaded from gold_inventory.csv (SHFE黄金仓单(吨))
2026-03-18,shfe_inventory,80.0,ton,手动维护-SHFE,https://www.shfe.com.cn/reports/businessdata/prmsummary/,2026-08-27T09:48:38.320198,daily,B,Loaded from gold_inventory.csv (SHFE黄金仓单(吨))
2026-03-19,shfe_inventory,76.0,ton,手动维护-SHFE,https://www.shfe.com.cn/reports/businessdata/prmsummary/,2026-08-27T09:48:38.320198,daily,B,Loaded from gold_inventory.csv (SHFE黄金仓单(吨))
2026-03-20,shfe_inventory,70.0,ton,手动维护-SHFE,https://www.shfe.com.cn/reports/businessdata/prmsummary/,2026-08-27T09:48:38.320198,daily,B,Loaded from gold_inventory.csv (SHFE黄金仓单(吨))
2026-03-21,shfe_inventory,74.0,ton,手动维护-SHFE,https://www.shfe.com.cn/reports/businessdata/prmsummary/,2026-08-27T09:48:38.320198,daily,B,Loaded from gold_inventory.csv (SHFE黄金仓单(吨))
2026-03-22,shfe_inventory,73.0,ton,手动维护-SHFE,https://www.shfe.com.cn/reports/businessdata/prmsummary/,2026-08-27T09:48:38.320198,daily,B,Loaded from gold_inventory.csv (SHFE黄金仓单(吨))
2026-03-23,shfe_inventory,75.0,ton,手动维护-SHFE,https://www.shfe.com.cn/reports/businessdata/prmsummary/,2026-08-27T09:48:38.320198,daily,B,Loaded from gold_inventory.csv (SHFE黄金仓单(吨))
2026-03-24,shfe_inventory,76.0,ton,手动维护-SHFE,https://www.shfe.com.cn/reports/businessdata/prmsummary/,2026-08-27T09:48:38.320198,daily,B,Loaded from gold_inventory.csv (SHFE黄金仓单(吨))
2026-03-25,shfe_inventory,72.0,ton,手动维护-SHFE,https://www.shfe.com.cn/reports/businessdata/prmsummary/,2026-08-27T09:48:38.320198,daily,B,Loaded from gold_inventory.csv (SHFE黄金仓单(吨))
2026-03-26,shfe_inventory,68.0,ton,手动维护-SHFE,https://www.shfe.com.cn/reports/businessdata/prmsummary/,2026-08-27T09:48:38.320198,daily,B,Loaded from gold_inventory.csv (SHFE黄金仓单(吨))
2026-03-27,shfe_inventory,86.0,ton,手动维护-SHFE,https://www.shfe.com.cn/reports/businessdata/prmsummary/,2026-08-27T09:48:38.320198,daily,B,Loaded from gold_inventory.csv (SHFE黄金仓单(吨))
2026-03-28,shfe_inventory,77.0,ton,手动维护-SHFE,https://www.shfe.com.cn/reports/businessdata/prmsummary/,2026-08-27T09:48:38.320198,daily,B,Loaded from gold_inventory.csv (SHFE黄金仓单(吨))
2026-03-29,shfe_inventory,79.0,ton,手动维护-SHFE,https://www.shfe.com.cn/reports/businessdata/prmsummary/,2026-08-27T09:48:38.321208,daily,B,Loaded from gold_inventory.csv (SHFE黄金仓单(吨))
2026-03-30,shfe_inventory,91.0,ton,手动维护-SHFE,https://www.shfe.com.cn/reports/businessdata/prmsummary/,2026-08-27T09:48:38.321208,daily,B,Loaded from gold_inventory.csv (SHFE黄金仓单(吨))
2026-03-31,shfe_inventory,82.0,ton,手动维护-SHFE,https://www.shfe.com.cn/reports/businessdata/prmsummary/,2026-08-27T09:48:38.321208,daily,B,Loaded from gold_inventory.csv (SHFE黄金仓单(吨))
2026-04-01,shfe_inventory,89.0,ton,手动维护-SHFE,https://www.shfe.com.cn/reports/businessdata/prmsummary/,2026-08-27T09:48:38.321208,daily,B,Loaded from gold_inventory.csv (SHFE黄金仓单(吨))
2026-04-02,shfe_inventory,91.0,ton,手动维护-SHFE,https://www.shfe.com.cn/reports/businessdata/prmsummary/,2026-08-27T09:48:38.321208,daily,B,Loaded from gold_inventory.csv (SHFE黄金仓单(吨))
2026-04-03,shfe_inventory,76.0,ton,手动维护-SHFE,https://www.shfe.com.cn/reports/businessdata/prmsummary/,2026-08-27T09:48:38.321208,daily,B,Loaded from gold_inventory.csv (SHFE黄金仓单(吨))
2026-04-04,shfe_inventory,87.0,ton,手动维护-SHFE,https://www.shfe.com.cn/reports/businessdata/prmsummary/,2026-08-27T09:48:38.321208,daily,B,Loaded from gold_inventory.csv (SHFE黄金仓单(吨))
2026-04-05,shfe_inventory,84.0,ton,手动维护-SHFE,https://www.shfe.com.cn/reports/businessdata/prmsummary/,2026-08-27T09:48:38.321208,daily,B,Loaded from gold_inventory.csv (SHFE黄金仓单(吨))
2026-04-06,shfe_inventory,84.0,ton,手动维护-SHFE,https://www.shfe.com.cn/reports/businessdata/prmsummary/,2026-08-27T09:48:38.321208,daily,B,Loaded from gold_inventory.csv (SHFE黄金仓单(吨))
2026-04-07,shfe_inventory,87.0,ton,手动维护-SHFE,https://www.shfe.com.cn/reports/businessdata/prmsummary/,2026-08-27T09:48:38.321208,daily,B,Loaded from gold_inventory.csv (SHFE黄金仓单(吨))
2026-04-08,shfe_inventory,79.0,ton,手动维护-SHFE,https://www.shfe.com.cn/reports/businessdata/prmsummary/,2026-08-27T09:48:38.321208,daily,B,Loaded from gold_inventory.csv (SHFE黄金仓单(吨))
2026-04-09,shfe_inventory,74.0,ton,手动维护-SHFE,https://www.shfe.com.cn/reports/businessdata/prmsummary/,2026-08-27T09:48:38.322208,daily,B,Loaded from gold_inventory.csv (SHFE黄金仓单(吨))
2026-04-10,shfe_inventory,69.0,ton,手动维护-SHFE,https://www.shfe.com.cn/reports/businessdata/prmsummary/,2026-08-27T09:48:38.322208,daily,B,Loaded from gold_inventory.csv (SHFE黄金仓单(吨))
2026-04-11,shfe_inventory,70.0,ton,手动维护-SHFE,https://www.shfe.com.cn/reports/businessdata/prmsummary/,2026-08-27T09:48:38.322208,daily,B,Loaded from gold_inventory.csv (SHFE黄金仓单(吨))
2026-04-12,shfe_inventory,84.0,ton,手动维护-SHFE,https://www.shfe.com.cn/reports/businessdata/prmsummary/,2026-08-27T09:48:38.322208,daily,B,Loaded from gold_inventory.csv (SHFE黄金仓单(吨))
2026-04-13,shfe_inventory,72.0,ton,手动维护-SHFE,https://www.shfe.com.cn/reports/businessdata/prmsummary/,2026-08-27T09:48:38.322208,daily,B,Loaded from gold_inventory.csv (SHFE黄金仓单(吨))
2026-04-14,shfe_inventory,84.0,ton,手动维护-SHFE,https://www.shfe.com.cn/reports/businessdata/prmsummary/,2026-08-27T09:48:38.322208,daily,B,Loaded from gold_inventory.csv (SHFE黄金仓单(吨))
2026-04-15,shfe_inventory,106.0,ton,手动维护-SHFE,https://www.shfe.com.cn/reports/businessdata/prmsummary/,2026-08-27T09:48:38.322208,daily,B,Loaded from gold_inventory.csv (SHFE黄金仓单(吨))
2026-04-16,shfe_inventory,99.0,ton,手动维护-SHFE,https://www.shfe.com.cn/reports/businessdata/prmsummary/,2026-08-27T09:48:38.322208,daily,B,Loaded from gold_inventory.csv (SHFE黄金仓单(吨))
2026-04-17,shfe_inventory,99.0,ton,手动维护-SHFE,https://www.shfe.com.cn/reports/businessdata/prmsummary/,2026-08-27T09:48:38.322208,daily,B,Loaded from gold_inventory.csv (SHFE黄金仓单(吨))
2026-04-18,shfe_inventory,84.0,ton,手动维护-SHFE,https://www.shfe.com.cn/reports/businessdata/prmsummary/,2026-08-27T09:48:38.322208,daily,B,Loaded from gold_inventory.csv (SHFE黄金仓单(吨))
2026-04-19,shfe_inventory,84.0,ton,手动维护-SHFE,https://www.shfe.com.cn/reports/businessdata/prmsummary/,2026-08-27T09:48:38.322208,daily,B,Loaded from gold_inventory.csv (SHFE黄金仓单(吨))
2026-04-20,shfe_inventory,104.0,ton,手动维护-SHFE,https://www.shfe.com.cn/reports/businessdata/prmsummary/,2026-08-27T09:48:38.322208,daily,B,Loaded from gold_inventory.csv (SHFE黄金仓单(吨))
2026-04-21,shfe_inventory,105.0,ton,手动维护-SHFE,https://www.shfe.com.cn/reports/businessdata/prmsummary/,2026-08-27T09:48:38.323210,daily,B,Loaded from gold_inventory.csv (SHFE黄金仓单(吨))
2026-04-22,shfe_inventory,87.0,ton,手动维护-SHFE,https://www.shfe.com.cn/reports/businessdata/prmsummary/,2026-08-27T09:48:38.323210,daily,B,Loaded from gold_inventory.csv (SHFE黄金仓单(吨))
2026-04-23,shfe_inventory,83.0,ton,手动维护-SHFE,https://www.shfe.com.cn/reports/businessdata/prmsummary/,2026-08-27T09:48:38.323210,daily,B,Loaded from gold_inventory.csv (SHFE黄金仓单(吨))
2026-04-24,shfe_inventory,83.0,ton,手动维护-SHFE,https://www.shfe.com.cn/reports/businessdata/prmsummary/,2026-08-27T09:48:38.323210,daily,B,Loaded from gold_inventory.csv (SHFE黄金仓单(吨))
2026-04-25,shfe_inventory,101.0,ton,手动维护-SHFE,https://www.shfe.com.cn/reports/businessdata/prmsummary/,2026-08-27T09:48:38.323210,daily,B,Loaded from gold_inventory.csv (SHFE黄金仓单(吨))
2026-04-26,shfe_inventory,84.0,ton,手动维护-SHFE,https://www.shfe.com.cn/reports/businessdata/prmsummary/,2026-08-27T09:48:38.323210,daily,B,Loaded from gold_inventory.csv (SHFE黄金仓单(吨))
2026-04-27,shfe_inventory,103.0,ton,手动维护-SHFE,https://www.shfe.com.cn/reports/businessdata/prmsummary/,2026-08-27T09:48:38.323210,daily,B,Loaded from gold_inventory.csv (SHFE黄金仓单(吨))
2026-04-28,shfe_inventory,94.0,ton,手动维护-SHFE,https://www.shfe.com.cn/reports/businessdata/prmsummary/,2026-08-27T09:48:38.323210,daily,B,Loaded from gold_inventory.csv (SHFE黄金仓单(吨))
2026-04-29,shfe_inventory,88.0,ton,手动维护-SHFE,https://www.shfe.com.cn/reports/businessdata/prmsummary/,2026-08-27T09:48:38.323210,daily,B,Loaded from gold_inventory.csv (SHFE黄金仓单(吨))
2026-04-30,shfe_inventory,105.0,ton,手动维护-SHFE,https://www.shfe.com.cn/reports/businessdata/prmsummary/,2026-08-27T09:48:38.323210,daily,B,Loaded from gold_inventory.csv (SHFE黄金仓单(吨))
2026-05-01,shfe_inventory,86.0,ton,手动维护-SHFE,https://www.shfe.com.cn/reports/businessdata/prmsummary/,2026-08-27T09:48:38.323210,daily,B,Loaded from gold_inventory.csv (SHFE黄金仓单(吨))
2026-05-02,shfe_inventory,105.0,ton,手动维护-SHFE,https://www.shfe.com.cn/reports/businessdata/prmsummary/,2026-08-27T09:48:38.323210,daily,B,Loaded from gold_inventory.csv (SHFE黄金仓单(吨))
2026-05-03,shfe_inventory,93.0,ton,手动维护-SHFE,https://www.shfe.com.cn/reports/businessdata/prmsummary/,2026-08-27T09:48:38.324207,daily,B,Loaded from gold_inventory.csv (SHFE黄金仓单(吨))
2026-05-04,shfe_inventory,106.0,ton,手动维护-SHFE,https://www.shfe.com.cn/reports/businessdata/prmsummary/,2026-08-27T09:48:38.324207,daily,B,Loaded from gold_inventory.csv (SHFE黄金仓单(吨))
2026-05-05,shfe_inventory,99.0,ton,手动维护-SHFE,https://www.shfe.com.cn/reports/businessdata/prmsummary/,2026-08-27T09:48:38.324207,daily,B,Loaded from gold_inventory.csv (SHFE黄金仓单(吨))
2026-05-06,shfe_inventory,88.0,ton,手动维护-SHFE,https://www.shfe.com.cn/reports/businessdata/prmsummary/,2026-08-27T09:48:38.324207,daily,B,Loaded from gold_inventory.csv (SHFE黄金仓单(吨))
2026-05-07,shfe_inventory,106.0,ton,手动维护-SHFE,https://www.shfe.com.cn/reports/businessdata/prmsummary/,2026-08-27T09:48:38.324207,daily,B,Loaded from gold_inventory.csv (SHFE黄金仓单(吨))
2026-05-08,shfe_inventory,87.0,ton,手动维护-SHFE,https://www.shfe.com.cn/reports/businessdata/prmsummary/,2026-08-27T09:48:38.324207,daily,B,Loaded from gold_inventory.csv (SHFE黄金仓单(吨))
2026-05-09,shfe_inventory,102.0,ton,手动维护-SHFE,https://www.shfe.com.cn/reports/businessdata/prmsummary/,2026-08-27T09:48:38.324207,daily,B,Loaded from gold_inventory.csv (SHFE黄金仓单(吨))
2026-05-10,shfe_inventory,84.0,ton,手动维护-SHFE,https://www.shfe.com.cn/reports/businessdata/prmsummary/,2026-08-27T09:48:38.324207,daily,B,Loaded from gold_inventory.csv (SHFE黄金仓单(吨))
2026-05-11,shfe_inventory,88.0,ton,手动维护-SHFE,https://www.shfe.com.cn/reports/businessdata/prmsummary/,2026-08-27T09:48:38.324207,daily,B,Loaded from gold_inventory.csv (SHFE黄金仓单(吨))
2026-05-12,shfe_inventory,104.0,ton,手动维护-SHFE,https://www.shfe.com.cn/reports/businessdata/prmsummary/,2026-08-27T09:48:38.324207,daily,B,Loaded from gold_inventory.csv (SHFE黄金仓单(吨))
2026-05-13,shfe_inventory,93.0,ton,手动维护-SHFE,https://www.shfe.com.cn/reports/businessdata/prmsummary/,2026-08-27T09:48:38.324207,daily,B,Loaded from gold_inventory.csv (SHFE黄金仓单(吨))
2026-05-14,shfe_inventory,98.0,ton,手动维护-SHFE,https://www.shfe.com.cn/reports/businessdata/prmsummary/,2026-08-27T09:48:38.324207,daily,B,Loaded from gold_inventory.csv (SHFE黄金仓单(吨))
2026-05-15,shfe_inventory,78.0,ton,手动维护-SHFE,https://www.shfe.com.cn/reports/businessdata/prmsummary/,2026-08-27T09:48:38.325208,daily,B,Loaded from gold_inventory.csv (SHFE黄金仓单(吨))
2026-05-16,shfe_inventory,63.0,ton,手动维护-SHFE,https://www.shfe.com.cn/reports/businessdata/prmsummary/,2026-08-27T09:48:38.325208,daily,B,Loaded from gold_inventory.csv (SHFE黄金仓单(吨))
2026-05-17,shfe_inventory,71.0,ton,手动维护-SHFE,https://www.shfe.com.cn/reports/businessdata/prmsummary/,2026-08-27T09:48:38.325208,daily,B,Loaded from gold_inventory.csv (SHFE黄金仓单(吨))
2026-05-18,shfe_inventory,68.0,ton,手动维护-SHFE,https://www.shfe.com.cn/reports/businessdata/prmsummary/,2026-08-27T09:48:38.325208,daily,B,Loaded from gold_inventory.csv (SHFE黄金仓单(吨))
2026-05-19,shfe_inventory,78.0,ton,手动维护-SHFE,https://www.shfe.com.cn/reports/businessdata/prmsummary/,2026-08-27T09:48:38.325208,daily,B,Loaded from gold_inventory.csv (SHFE黄金仓单(吨))
2026-05-20,shfe_inventory,65.0,ton,手动维护-SHFE,https://www.shfe.com.cn/reports/businessdata/prmsummary/,2026-08-27T09:48:38.325208,daily,B,Loaded from gold_inventory.csv (SHFE黄金仓单(吨))
2026-05-21,shfe_inventory,82.0,ton,手动维护-SHFE,https://www.shfe.com.cn/reports/businessdata/prmsummary/,2026-08-27T09:48:38.325208,daily,B,Loaded from gold_inventory.csv (SHFE黄金仓单(吨))
2026-05-22,shfe_inventory,66.0,ton,手动维护-SHFE,https://www.shfe.com.cn/reports/businessdata/prmsummary/,2026-08-27T09:48:38.325208,daily,B,Loaded from gold_inventory.csv (SHFE黄金仓单(吨))
2026-05-23,shfe_inventory,81.0,ton,手动维护-SHFE,https://www.shfe.com.cn/reports/businessdata/prmsummary/,2026-08-27T09:48:38.325208,daily,B,Loaded from gold_inventory.csv (SHFE黄金仓单(吨))
2026-05-24,shfe_inventory,65.0,ton,手动维护-SHFE,https://www.shfe.com.cn/reports/businessdata/prmsummary/,2026-08-27T09:48:38.325208,daily,B,Loaded from gold_inventory.csv (SHFE黄金仓单(吨))
2026-05-25,shfe_inventory,81.0,ton,手动维护-SHFE,https://www.shfe.com.cn/reports/businessdata/prmsummary/,2026-08-27T09:48:38.325208,daily,B,Loaded from gold_inventory.csv (SHFE黄金仓单(吨))
2026-05-26,shfe_inventory,82.0,ton,手动维护-SHFE,https://www.shfe.com.cn/reports/businessdata/prmsummary/,2026-08-27T09:48:38.325208,daily,B,Loaded from gold_inventory.csv (SHFE黄金仓单(吨))
2026-05-27,shfe_inventory,69.0,ton,手动维护-SHFE,https://www.shfe.com.cn/reports/businessdata/prmsummary/,2026-08-27T09:48:38.326209,daily,B,Loaded from gold_inventory.csv (SHFE黄金仓单(吨))
2026-05-28,shfe_inventory,82.0,ton,手动维护-SHFE,https://www.shfe.com.cn/reports/businessdata/prmsummary/,2026-08-27T09:48:38.326209,daily,B,Loaded from gold_inventory.csv (SHFE黄金仓单(吨))
2026-05-29,shfe_inventory,71.0,ton,手动维护-SHFE,https://www.shfe.com.cn/reports/businessdata/prmsummary/,2026-08-27T09:48:38.326209,daily,B,Loaded from gold_inventory.csv (SHFE黄金仓单(吨))
2026-05-30,shfe_inventory,63.0,ton,手动维护-SHFE,https://www.shfe.com.cn/reports/businessdata/prmsummary/,2026-08-27T09:48:38.326209,daily,B,Loaded from gold_inventory.csv (SHFE黄金仓单(吨))
2026-05-31,shfe_inventory,70.0,ton,手动维护-SHFE,https://www.shfe.com.cn/reports/businessdata/prmsummary/,2026-08-27T09:48:38.326209,daily,B,Loaded from gold_inventory.csv (SHFE黄金仓单(吨))
2026-06-01,shfe_inventory,69.0,ton,手动维护-SHFE,https://www.shfe.com.cn/reports/businessdata/prmsummary/,2026-08-27T09:48:38.326209,daily,B,Loaded from gold_inventory.csv (SHFE黄金仓单(吨))
2026-06-02,shfe_inventory,80.0,ton,手动维护-SHFE,https://www.shfe.com.cn/reports/businessdata/prmsummary/,2026-08-27T09:48:38.326209,daily,B,Loaded from gold_inventory.csv (SHFE黄金仓单(吨))
2026-06-03,shfe_inventory,70.0,ton,手动维护-SHFE,https://www.shfe.com.cn/reports/businessdata/prmsummary/,2026-08-27T09:48:38.326209,daily,B,Loaded from gold_inventory.csv (SHFE黄金仓单(吨))
2026-06-04,shfe_inventory,63.0,ton,手动维护-SHFE,https://www.shfe.com.cn/reports/businessdata/prmsummary/,2026-08-27T09:48:38.326209,daily,B,Loaded from gold_inventory.csv (SHFE黄金仓单(吨))
2026-06-05,shfe_inventory,73.0,ton,手动维护-SHFE,https://www.shfe.com.cn/reports/businessdata/prmsummary/,2026-08-27T09:48:38.326209,daily,B,Loaded from gold_inventory.csv (SHFE黄金仓单(吨))
2026-06-06,shfe_inventory,80.0,ton,手动维护-SHFE,https://www.shfe.com.cn/reports/businessdata/prmsummary/,2026-08-27T09:48:38.326209,daily,B,Loaded from gold_inventory.csv (SHFE黄金仓单(吨))
2026-06-07,shfe_inventory,85.0,ton,手动维护-SHFE,https://www.shfe.com.cn/reports/businessdata/prmsummary/,2026-08-27T09:48:38.326209,daily,B,Loaded from gold_inventory.csv (SHFE黄金仓单(吨))
2026-06-08,shfe_inventory,72.0,ton,手动维护-SHFE,https://www.shfe.com.cn/reports/businessdata/prmsummary/,2026-08-27T09:48:38.326209,daily,B,Loaded from gold_inventory.csv (SHFE黄金仓单(吨))
2026-06-09,shfe_inventory,65.0,ton,手动维护-SHFE,https://www.shfe.com.cn/reports/businessdata/prmsummary/,2026-08-27T09:48:38.327207,daily,B,Loaded from gold_inventory.csv (SHFE黄金仓单(吨))
2026-06-10,shfe_inventory,69.0,ton,手动维护-SHFE,https://www.shfe.com.cn/reports/businessdata/prmsummary/,2026-08-27T09:48:38.327207,daily,B,Loaded from gold_inventory.csv (SHFE黄金仓单(吨))
2026-06-11,shfe_inventory,78.0,ton,手动维护-SHFE,https://www.shfe.com.cn/reports/businessdata/prmsummary/,2026-08-27T09:48:38.327207,daily,B,Loaded from gold_inventory.csv (SHFE黄金仓单(吨))
2026-06-12,shfe_inventory,78.0,ton,手动维护-SHFE,https://www.shfe.com.cn/reports/businessdata/prmsummary/,2026-08-27T09:48:38.327207,daily,B,Loaded from gold_inventory.csv (SHFE黄金仓单(吨))
2026-06-13,shfe_inventory,82.0,ton,手动维护-SHFE,https://www.shfe.com.cn/reports/businessdata/prmsummary/,2026-08-27T09:48:38.327207,daily,B,Loaded from gold_inventory.csv (SHFE黄金仓单(吨))
2026-06-14,shfe_inventory,54.0,ton,手动维护-SHFE,https://www.shfe.com.cn/reports/businessdata/prmsummary/,2026-08-27T09:48:38.327207,daily,B,Loaded from gold_inventory.csv (SHFE黄金仓单(吨))
2026-06-15,shfe_inventory,39.0,ton,手动维护-SHFE,https://www.shfe.com.cn/reports/businessdata/prmsummary/,2026-08-27T09:48:38.327207,daily,B,Loaded from gold_inventory.csv (SHFE黄金仓单(吨))
2026-06-16,shfe_inventory,38.0,ton,手动维护-SHFE,https://www.shfe.com.cn/reports/businessdata/prmsummary/,2026-08-27T09:48:38.327207,daily,B,Loaded from gold_inventory.csv (SHFE黄金仓单(吨))
2026-06-17,shfe_inventory,53.0,ton,手动维护-SHFE,https://www.shfe.com.cn/reports/businessdata/prmsummary/,2026-08-27T09:48:38.327207,daily,B,Loaded from gold_inventory.csv (SHFE黄金仓单(吨))
2026-06-18,shfe_inventory,49.0,ton,手动维护-SHFE,https://www.shfe.com.cn/reports/businessdata/prmsummary/,2026-08-27T09:48:38.327207,daily,B,Loaded from gold_inventory.csv (SHFE黄金仓单(吨))
2026-06-19,shfe_inventory,42.0,ton,手动维护-SHFE,https://www.shfe.com.cn/reports/businessdata/prmsummary/,2026-08-27T09:48:38.327207,daily,B,Loaded from gold_inventory.csv (SHFE黄金仓单(吨))
2026-06-20,shfe_inventory,42.0,ton,手动维护-SHFE,https://www.shfe.com.cn/reports/businessdata/prmsummary/,2026-08-27T09:48:38.327207,daily,B,Loaded from gold_inventory.csv (SHFE黄金仓单(吨))
2026-06-21,shfe_inventory,60.0,ton,手动维护-SHFE,https://www.shfe.com.cn/reports/businessdata/prmsummary/,2026-08-27T09:48:38.328206,daily,B,Loaded from gold_inventory.csv (SHFE黄金仓单(吨))
2026-06-22,shfe_inventory,46.0,ton,手动维护-SHFE,https://www.shfe.com.cn/reports/businessdata/prmsummary/,2026-08-27T09:48:38.328206,daily,B,Loaded from gold_inventory.csv (SHFE黄金仓单(吨))
2026-06-23,shfe_inventory,46.0,ton,手动维护-SHFE,https://www.shfe.com.cn/reports/businessdata/prmsummary/,2026-08-27T09:48:38.328206,daily,B,Loaded from gold_inventory.csv (SHFE黄金仓单(吨))
2026-06-24,shfe_inventory,40.0,ton,手动维护-SHFE,https://www.shfe.com.cn/reports/businessdata/prmsummary/,2026-08-27T09:48:38.328206,daily,B,Loaded from gold_inventory.csv (SHFE黄金仓单(吨))
2026-06-25,shfe_inventory,56.0,ton,手动维护-SHFE,https://www.shfe.com.cn/reports/businessdata/prmsummary/,2026-08-27T09:48:38.328206,daily,B,Loaded from gold_inventory.csv (SHFE黄金仓单(吨))
2026-06-26,shfe_inventory,53.0,ton,手动维护-SHFE,https://www.shfe.com.cn/reports/businessdata/prmsummary/,2026-08-27T09:48:38.328206,daily,B,Loaded from gold_inventory.csv (SHFE黄金仓单(吨))
2026-06-27,shfe_inventory,53.0,ton,手动维护-SHFE,https://www.shfe.com.cn/reports/businessdata/prmsummary/,2026-08-27T09:48:38.328206,daily,B,Loaded from gold_inventory.csv (SHFE黄金仓单(吨))
2026-06-28,shfe_inventory,40.0,ton,手动维护-SHFE,https://www.shfe.com.cn/reports/businessdata/prmsummary/,2026-08-27T09:48:38.328206,daily,B,Loaded from gold_inventory.csv (SHFE黄金仓单(吨))
2026-06-29,shfe_inventory,57.0,ton,手动维护-SHFE,https://www.shfe.com.cn/reports/businessdata/prmsummary/,2026-08-27T09:48:38.328206,daily,B,Loaded from gold_inventory.csv (SHFE黄金仓单(吨))
2026-06-30,shfe_inventory,61.0,ton,手动维护-SHFE,https://www.shfe.com.cn/reports/businessdata/prmsummary/,2026-08-27T09:48:38.328206,daily,B,Loaded from gold_inventory.csv (SHFE黄金仓单(吨))
2026-07-01,shfe_inventory,59.0,ton,手动维护-SHFE,https://www.shfe.com.cn/reports/businessdata/prmsummary/,2026-08-27T09:48:38.328206,daily,B,Loaded from gold_inventory.csv (SHFE黄金仓单(吨))
2026-07-02,shfe_inventory,61.0,ton,手动维护-SHFE,https://www.shfe.com.cn/reports/businessdata/prmsummary/,2026-08-27T09:48:38.328206,daily,B,Loaded from gold_inventory.csv (SHFE黄金仓单(吨))
2026-07-03,shfe_inventory,38.0,ton,手动维护-SHFE,https://www.shfe.com.cn/reports/businessdata/prmsummary/,2026-08-27T09:48:38.329206,daily,B,Loaded from gold_inventory.csv (SHFE黄金仓单(吨))
2026-07-04,shfe_inventory,61.0,ton,手动维护-SHFE,https://www.shfe.com.cn/reports/businessdata/prmsummary/,2026-08-27T09:48:38.329206,daily,B,Loaded from gold_inventory.csv (SHFE黄金仓单(吨))
2026-07-05,shfe_inventory,57.0,ton,手动维护-SHFE,https://www.shfe.com.cn/reports/businessdata/prmsummary/,2026-08-27T09:48:38.329206,daily,B,Loaded from gold_inventory.csv (SHFE黄金仓单(吨))
2026-07-06,shfe_inventory,48.0,ton,手动维护-SHFE,https://www.shfe.com.cn/reports/businessdata/prmsummary/,2026-08-27T09:48:38.329206,daily,B,Loaded from gold_inventory.csv (SHFE黄金仓单(吨))
2026-07-07,shfe_inventory,54.0,ton,手动维护-SHFE,https://www.shfe.com.cn/reports/businessdata/prmsummary/,2026-08-27T09:48:38.329206,daily,B,Loaded from gold_inventory.csv (SHFE黄金仓单(吨))
2026-07-08,shfe_inventory,45.0,ton,手动维护-SHFE,https://www.shfe.com.cn/reports/businessdata/prmsummary/,2026-08-27T09:48:38.329206,daily,B,Loaded from gold_inventory.csv (SHFE黄金仓单(吨))
2026-07-09,shfe_inventory,41.0,ton,手动维护-SHFE,https://www.shfe.com.cn/reports/businessdata/prmsummary/,2026-08-27T09:48:38.329206,daily,B,Loaded from gold_inventory.csv (SHFE黄金仓单(吨))
2026-07-10,shfe_inventory,43.0,ton,手动维护-SHFE,https://www.shfe.com.cn/reports/businessdata/prmsummary/,2026-08-27T09:48:38.329206,daily,B,Loaded from gold_inventory.csv (SHFE黄金仓单(吨))
2026-07-11,shfe_inventory,45.0,ton,手动维护-SHFE,https://www.shfe.com.cn/reports/businessdata/prmsummary/,2026-08-27T09:48:38.329206,daily,B,Loaded from gold_inventory.csv (SHFE黄金仓单(吨))
2026-07-12,shfe_inventory,57.0,ton,手动维护-SHFE,https://www.shfe.com.cn/reports/businessdata/prmsummary/,2026-08-27T09:48:38.329206,daily,B,Loaded from gold_inventory.csv (SHFE黄金仓单(吨))
2026-07-13,shfe_inventory,40.0,ton,手动维护-SHFE,https://www.shfe.com.cn/reports/businessdata/prmsummary/,2026-08-27T09:48:38.329206,daily,B,Loaded from gold_inventory.csv (SHFE黄金仓单(吨))
2026-07-14,shfe_inventory,112.647,ton,手动维护-SHFE,https://www.shfe.com.cn/reports/businessdata/prmsummary/,2026-08-27T09:48:38.329206,daily,B,Loaded from gold_inventory.csv (SHFE黄金仓单(吨))
2026-07-15,shfe_inventory,112.647,ton,手动维护-SHFE,https://www.shfe.com.cn/reports/businessdata/prmsummary/,2026-08-27T09:48:38.330206,daily,B,Loaded from gold_inventory.csv (SHFE黄金仓单(吨))
2026-07-16,shfe_inventory,112.647,ton,手动维护-SHFE,https://www.shfe.com.cn/reports/businessdata/prmsummary/,2026-08-27T09:48:38.330206,daily,B,Loaded from gold_inventory.csv (SHFE黄金仓单(吨))
2026-07-17,shfe_inventory,112.647,ton,手动维护-SHFE,https://www.shfe.com.cn/reports/businessdata/prmsummary/,2026-08-27T09:48:38.330206,daily,B,Loaded from gold_inventory.csv (SHFE黄金仓单(吨))
2026-07-20,shfe_inventory,112.641,ton,手动维护-SHFE,https://www.shfe.com.cn/reports/businessdata/prmsummary/,2026-08-27T09:48:38.330206,daily,B,Loaded from gold_inventory.csv (SHFE黄金仓单(吨))
2026-07-21,shfe_inventory,112.641,ton,手动维护-SHFE,https://www.shfe.com.cn/reports/businessdata/prmsummary/,2026-08-27T09:48:38.330206,daily,B,Loaded from gold_inventory.csv (SHFE黄金仓单(吨))
2026-07-22,shfe_inventory,112.641,ton,手动维护-SHFE,https://www.shfe.com.cn/reports/businessdata/prmsummary/,2026-08-27T09:48:38.330206,daily,B,Loaded from gold_inventory.csv (SHFE黄金仓单(吨))
2026-07-23,shfe_inventory,112.641,ton,手动维护-SHFE,https://www.shfe.com.cn/reports/businessdata/prmsummary/,2026-08-27T09:48:38.330206,daily,B,Loaded from gold_inventory.csv (SHFE黄金仓单(吨))
2026-07-24,shfe_inventory,112.641,ton,手动维护-SHFE,https://www.shfe.com.cn/reports/businessdata/prmsummary/,2026-08-27T09:48:38.330206,daily,B,Loaded from gold_inventory.csv (SHFE黄金仓单(吨))
2026-07-27,shfe_inventory,112.641,ton,手动维护-SHFE,https://www.shfe.com.cn/reports/businessdata/prmsummary/,2026-08-27T09:48:38.330206,daily,B,Loaded from gold_inventory.csv (SHFE黄金仓单(吨))
2026-07-28,shfe_inventory,113.622,ton,手动维护-SHFE,https://www.shfe.com.cn/reports/businessdata/prmsummary/,2026-08-27T09:48:38.330206,daily,B,Loaded from gold_inventory.csv (SHFE黄金仓单(吨))
2026-07-29,shfe_inventory,113.622,ton,手动维护-SHFE,https://www.shfe.com.cn/reports/businessdata/prmsummary/,2026-08-27T09:48:38.330206,daily,B,Loaded from gold_inventory.csv (SHFE黄金仓单(吨))
2026-07-30,shfe_inventory,113.622,ton,手动维护-SHFE,https://www.shfe.com.cn/reports/businessdata/prmsummary/,2026-08-27T09:48:38.330206,daily,B,Loaded from gold_inventory.csv (SHFE黄金仓单(吨))
2026-07-31,shfe_inventory,113.622,ton,手动维护-SHFE,https://www.shfe.com.cn/reports/businessdata/prmsummary/,2026-08-27T09:48:38.330206,daily,B,Loaded from gold_inventory.csv (SHFE黄金仓单(吨))
2026-08-03,shfe_inventory,113.622,ton,手动维护-SHFE,https://www.shfe.com.cn/reports/businessdata/prmsummary/,2026-08-27T09:48:38.331206,daily,B,Loaded from gold_inventory.csv (SHFE黄金仓单(吨))
2026-08-04,shfe_inventory,113.622,ton,手动维护-SHFE,https://www.shfe.com.cn/reports/businessdata/prmsummary/,2026-08-27T09:48:38.331206,daily,B,Loaded from gold_inventory.csv (SHFE黄金仓单(吨))
2026-08-05,shfe_inventory,113.616,ton,手动维护-SHFE,https://www.shfe.com.cn/reports/businessdata/prmsummary/,2026-08-27T09:48:38.331206,daily,B,Loaded from gold_inventory.csv (SHFE黄金仓单(吨))
2026-08-06,shfe_inventory,113.616,ton,东方财富-SHFE,https://www.shfe.com.cn/reports/businessdata/prmsummary/,2026-08-27T09:48:34.287465,daily,A,SHFE gold warehouse receipt daily; Eastmoney kg scaled to ton (value_scale=0.001)
2026-08-07,shfe_inventory,113.616,ton,东方财富-SHFE,https://www.shfe.com.cn/reports/businessdata/prmsummary/,2026-08-27T09:48:34.288470,daily,A,SHFE gold warehouse receipt daily; Eastmoney kg scaled to ton (value_scale=0.001)
2026-08-10,shfe_inventory,113.616,ton,东方财富-SHFE,https://www.shfe.com.cn/reports/businessdata/prmsummary/,2026-08-27T09:48:34.288470,daily,A,SHFE gold warehouse receipt daily; Eastmoney kg scaled to ton (value_scale=0.001)
2026-08-11,shfe_inventory,113.676,ton,东方财富-SHFE,https://www.shfe.com.cn/reports/businessdata/prmsummary/,2026-08-27T09:48:34.288470,daily,A,SHFE gold warehouse receipt daily; Eastmoney kg scaled to ton (value_scale=0.001)
2026-08-12,shfe_inventory,113.676,ton,东方财富-SHFE,https://www.shfe.com.cn/reports/businessdata/prmsummary/,2026-08-27T09:48:34.288470,daily,A,SHFE gold warehouse receipt daily; Eastmoney kg scaled to ton (value_scale=0.001)
2026-08-13,shfe_inventory,113.676,ton,东方财富-SHFE,https://www.shfe.com.cn/reports/businessdata/prmsummary/,2026-08-27T09:48:34.288470,daily,A,SHFE gold warehouse receipt daily; Eastmoney kg scaled to ton (value_scale=0.001)
2026-08-14,shfe_inventory,113.676,ton,东方财富-SHFE,https://www.shfe.com.cn/reports/businessdata/prmsummary/,2026-08-27T09:48:34.288470,daily,A,SHFE gold warehouse receipt daily; Eastmoney kg scaled to ton (value_scale=0.001)
2026-08-17,shfe_inventory,113.676,ton,东方财富-SHFE,https://www.shfe.com.cn/reports/businessdata/prmsummary/,2026-08-27T09:48:34.289467,daily,A,SHFE gold warehouse receipt daily; Eastmoney kg scaled to ton (value_scale=0.001)
2026-08-18,shfe_inventory,113.676,ton,东方财富-SHFE,https://www.shfe.com.cn/reports/businessdata/prmsummary/,2026-08-27T09:48:34.289467,daily,A,SHFE gold warehouse receipt daily; Eastmoney kg scaled to ton (value_scale=0.001)
2026-08-19,shfe_inventory,113.664,ton,东方财富-SHFE,https://www.shfe.com.cn/reports/businessdata/prmsummary/,2026-08-27T09:48:34.289467,daily,A,SHFE gold warehouse receipt daily; Eastmoney kg scaled to ton (value_scale=0.001)
2026-08-20,shfe_inventory,113.664,ton,东方财富-SHFE,https://www.shfe.com.cn/reports/businessdata/prmsummary/,2026-08-27T09:48:34.289467,daily,A,SHFE gold warehouse receipt daily; Eastmoney kg scaled to ton (value_scale=0.001)
2026-08-21,shfe_inventory,113.658,ton,东方财富-SHFE,https://www.shfe.com.cn/reports/businessdata/prmsummary/,2026-08-27T09:48:34.289467,daily,A,SHFE gold warehouse receipt daily; Eastmoney kg scaled to ton (value_scale=0.001)
2026-08-24,shfe_inventory,113.658,ton,东方财富-SHFE,https://www.shfe.com.cn/reports/businessdata/prmsummary/,2026-08-27T09:48:34.289467,daily,A,SHFE gold warehouse receipt daily; Eastmoney kg scaled to ton (value_scale=0.001)
2026-08-25,shfe_inventory,113.658,ton,东方财富-SHFE,https://www.shfe.com.cn/reports/businessdata/prmsummary/,2026-08-27T09:48:34.290468,daily,A,SHFE gold warehouse receipt daily; Eastmoney kg scaled to ton (value_scale=0.001)
2026-08-26,shfe_inventory,113.658,ton,东方财富-SHFE,https://www.shfe.com.cn/reports/businessdata/prmsummary/,2026-08-27T09:48:34.290468,daily,A,SHFE gold warehouse receipt daily; Eastmoney kg scaled to ton (value_scale=0.001)
2025-05-31,social_financing,5923.0,CNY_bn,东方财富-社融,https://data.eastmoney.com/cjsj/xzxd.html,2026-07-05T00:03:49.896000,monthly,A,
2025-06-30,social_financing,23600.0,CNY_bn,东方财富-社融,https://data.eastmoney.com/cjsj/xzxd.html,2026-08-04T00:03:21.642692,monthly,A,
2025-07-31,social_financing,-4296.0,CNY_bn,东方财富-社融,https://data.eastmoney.com/cjsj/xzxd.html,2026-08-27T09:48:35.650183,monthly,A,
2025-08-31,social_financing,6253.0,CNY_bn,东方财富-社融,https://data.eastmoney.com/cjsj/xzxd.html,2026-08-27T09:48:35.650183,monthly,A,
2025-09-30,social_financing,16081.0,CNY_bn,东方财富-社融,https://data.eastmoney.com/cjsj/xzxd.html,2026-08-27T09:48:35.650183,monthly,A,
2025-10-31,social_financing,-154.0,CNY_bn,东方财富-社融,https://data.eastmoney.com/cjsj/xzxd.html,2026-08-27T09:48:35.650183,monthly,A,
2025-11-30,social_financing,4096.0,CNY_bn,东方财富-社融,https://data.eastmoney.com/cjsj/xzxd.html,2026-08-27T09:48:35.650183,monthly,A,
2025-12-31,social_financing,9804.0,CNY_bn,东方财富-社融,https://data.eastmoney.com/cjsj/xzxd.html,2026-08-27T09:48:35.650183,monthly,A,
2026-01-31,social_financing,49016.0,CNY_bn,东方财富-社融,https://data.eastmoney.com/cjsj/xzxd.html,2026-08-27T09:48:35.650183,monthly,A,
2026-02-28,social_financing,8458.0,CNY_bn,东方财富-社融,https://data.eastmoney.com/cjsj/xzxd.html,2026-08-27T09:48:35.650183,monthly,A,
2026-03-31,social_financing,31522.0,CNY_bn,东方财富-社融,https://data.eastmoney.com/cjsj/xzxd.html,2026-08-27T09:48:35.650183,monthly,A,
2026-04-30,social_financing,-4006.0,CNY_bn,东方财富-社融,https://data.eastmoney.com/cjsj/xzxd.html,2026-08-27T09:48:35.650183,monthly,A,
2026-05-31,social_financing,4965.0,CNY_bn,东方财富-社融,https://data.eastmoney.com/cjsj/xzxd.html,2026-08-27T09:48:35.650183,monthly,A,
2026-06-30,social_financing,17650.0,CNY_bn,东方财富-社融,https://data.eastmoney.com/cjsj/xzxd.html,2026-08-27T09:48:35.649176,monthly,A,
2026-07-31,social_financing,-5896.0,CNY_bn,东方财富-社融,https://data.eastmoney.com/cjsj/xzxd.html,2026-08-27T09:48:35.649176,monthly,A,
2025-05-27,spot_premium,233.5,USD/oz,derived,,2026-07-01T21:05:57.267038,daily,C,
2025-05-28,spot_premium,252.5,USD/oz,derived,,2026-07-02T02:45:03.900251,daily,C,
2025-05-29,spot_premium,181.92,USD/oz,derived,,2026-07-03T08:41:13.901248,daily,C,
2025-05-30,spot_premium,256.88,USD/oz,derived,,2026-07-04T00:04:38.553573,daily,C,
2025-06-03,spot_premium,238.7,USD/oz,derived,,2026-07-08T00:02:55.351408,daily,C,
2025-06-04,spot_premium,204.27,USD/oz,derived,,2026-07-09T00:05:22.589048,daily,C,
2025-06-05,spot_premium,242.68,USD/oz,derived,,2026-07-10T00:04:28.761351,daily,C,
2025-06-06,spot_premium,277.5,USD/oz,derived,,2026-07-11T00:05:11.041774,daily,C,
2025-06-09,spot_premium,223.74,USD/oz,derived,,2026-07-14T00:03:21.180614,daily,C,
2025-06-10,spot_premium,234.98,USD/oz,derived,,2026-07-15T00:05:17.991614,daily,C,
2025-06-11,spot_premium,250.96,USD/oz,derived,,2026-07-16T08:19:22.523901,daily,C,
2025-06-12,spot_premium,225.25,USD/oz,derived,,2026-07-17T08:35:36.957368,daily,C,
2025-06-13,spot_premium,219.58,USD/oz,derived,,2026-07-18T00:03:37.037374,daily,C,
2025-06-16,spot_premium,250.46,USD/oz,derived,,2026-07-21T00:04:38.048241,daily,C,
2025-06-17,spot_premium,222.91,USD/oz,derived,,2026-07-22T00:05:14.858491,daily,C,
2025-06-18,spot_premium,221.01,USD/oz,derived,,2026-07-23T00:08:15.595808,daily,C,
2025-06-19,spot_premium,201.79,USD/oz,derived,,2026-07-23T00:08:15.595888,daily,C,
2025-06-20,spot_premium,208.2,USD/oz,derived,,2026-07-25T00:03:36.617002,daily,C,
2025-06-23,spot_premium,220.12,USD/oz,derived,,2026-07-28T00:03:28.157988,daily,C,
2025-06-24,spot_premium,233.27,USD/oz,derived,,2026-07-29T00:04:32.488611,daily,C,
2025-06-25,spot_premium,228.09,USD/oz,derived,,2026-07-30T00:06:08.192331,daily,C,
2025-06-26,spot_premium,243.81,USD/oz,derived,,2026-07-31T08:48:00.772133,daily,C,
2025-06-27,spot_premium,270.86,USD/oz,derived,,2026-08-01T00:07:26.156416,daily,C,
2025-06-30,spot_premium,241.61,USD/oz,derived,,2026-08-04T00:03:27.870048,daily,C,
2025-07-01,spot_premium,244.71,USD/oz,derived,,2026-08-05T00:05:25.044813,daily,C,
2025-07-02,spot_premium,228.36,USD/oz,derived,,2026-08-06T08:59:17.254666,daily,C,
2025-07-03,spot_premium,268.64,USD/oz,derived,,2026-08-07T00:06:04.371027,daily,C,
2025-07-04,spot_premium,254.94,USD/oz,derived,,2026-08-08T00:05:38.842219,daily,C,
2025-07-07,spot_premium,228.64,USD/oz,derived,,2026-08-11T00:07:33.060751,daily,C,
2025-07-08,spot_premium,272.68,USD/oz,derived,,2026-08-12T00:01:54.053879,daily,C,
2025-07-09,spot_premium,229.19,USD/oz,derived,,2026-08-13T09:14:43.724994,daily,C,
2025-07-10,spot_premium,253.31,USD/oz,derived,,2026-08-14T00:03:49.842162,daily,C,
2025-07-11,spot_premium,217.93,USD/oz,derived,,2026-08-15T00:04:18.867903,daily,C,
2025-07-14,spot_premium,254.79,USD/oz,derived,,2026-08-18T00:13:43.039474,daily,C,
2025-07-15,spot_premium,274.66,USD/oz,derived,,2026-08-19T00:06:30.438013,daily,C,
2025-07-16,spot_premium,237.46,USD/oz,derived,,2026-08-20T08:38:11.286435,daily,C,
2025-07-17,spot_premium,254.94,USD/oz,derived,,2026-08-21T00:04:06.966922,daily,C,
2025-07-18,spot_premium,247.83,USD/oz,derived,,2026-08-22T00:06:17.099724,daily,C,
2025-07-21,spot_premium,215.66,USD/oz,derived,,2026-08-25T08:48:03.165722,daily,C,
2025-07-22,spot_premium,192.89,USD/oz,derived,,2026-08-25T08:48:03.165722,daily,C,
2025-07-23,spot_premium,275.67,USD/oz,derived,,2026-08-27T09:48:42.151320,daily,C,SHFE AU0 vs COMEX GC=F after USDCNY conversion (CNY/g to USD/oz)
2025-07-24,spot_premium,233.23,USD/oz,derived,,2026-08-27T09:48:42.152320,daily,C,SHFE AU0 vs COMEX GC=F after USDCNY conversion (CNY/g to USD/oz)
2025-07-25,spot_premium,263.66,USD/oz,derived,,2026-08-27T09:48:42.152320,daily,C,SHFE AU0 vs COMEX GC=F after USDCNY conversion (CNY/g to USD/oz)
2025-07-28,spot_premium,276.8,USD/oz,derived,,2026-08-27T09:48:42.152320,daily,C,SHFE AU0 vs COMEX GC=F after USDCNY conversion (CNY/g to USD/oz)
2025-07-29,spot_premium,247.05,USD/oz,derived,,2026-08-27T09:48:42.152320,daily,C,SHFE AU0 vs COMEX GC=F after USDCNY conversion (CNY/g to USD/oz)
2025-07-30,spot_premium,285.48,USD/oz,derived,,2026-08-27T09:48:42.152320,daily,C,SHFE AU0 vs COMEX GC=F after USDCNY conversion (CNY/g to USD/oz)
2025-07-31,spot_premium,271.88,USD/oz,derived,,2026-08-27T09:48:42.152320,daily,C,SHFE AU0 vs COMEX GC=F after USDCNY conversion (CNY/g to USD/oz)
2025-08-01,spot_premium,219.41,USD/oz,derived,,2026-08-27T09:48:42.152320,daily,C,SHFE AU0 vs COMEX GC=F after USDCNY conversion (CNY/g to USD/oz)
2025-08-04,spot_premium,242.24,USD/oz,derived,,2026-08-27T09:48:42.152320,daily,C,SHFE AU0 vs COMEX GC=F after USDCNY conversion (CNY/g to USD/oz)
2025-08-05,spot_premium,239.73,USD/oz,derived,,2026-08-27T09:48:42.152320,daily,C,SHFE AU0 vs COMEX GC=F after USDCNY conversion (CNY/g to USD/oz)
2025-08-06,spot_premium,247.1,USD/oz,derived,,2026-08-27T09:48:42.152320,daily,C,SHFE AU0 vs COMEX GC=F after USDCNY conversion (CNY/g to USD/oz)
2025-08-07,spot_premium,233.0,USD/oz,derived,,2026-08-27T09:48:42.152320,daily,C,SHFE AU0 vs COMEX GC=F after USDCNY conversion (CNY/g to USD/oz)
2025-08-08,spot_premium,207.06,USD/oz,derived,,2026-08-27T09:48:42.152320,daily,C,SHFE AU0 vs COMEX GC=F after USDCNY conversion (CNY/g to USD/oz)
2025-08-11,spot_premium,254.56,USD/oz,derived,,2026-08-27T09:48:42.153320,daily,C,SHFE AU0 vs COMEX GC=F after USDCNY conversion (CNY/g to USD/oz)
2025-08-12,spot_premium,242.84,USD/oz,derived,,2026-08-27T09:48:42.153320,daily,C,SHFE AU0 vs COMEX GC=F after USDCNY conversion (CNY/g to USD/oz)
2025-08-13,spot_premium,240.81,USD/oz,derived,,2026-08-27T09:48:42.153320,daily,C,SHFE AU0 vs COMEX GC=F after USDCNY conversion (CNY/g to USD/oz)
2025-08-14,spot_premium,268.85,USD/oz,derived,,2026-08-27T09:48:42.153320,daily,C,SHFE AU0 vs COMEX GC=F after USDCNY conversion (CNY/g to USD/oz)
2025-08-15,spot_premium,254.62,USD/oz,derived,,2026-08-27T09:48:42.153320,daily,C,SHFE AU0 vs COMEX GC=F after USDCNY conversion (CNY/g to USD/oz)
2025-08-18,spot_premium,267.53,USD/oz,derived,,2026-08-27T09:48:42.153320,daily,C,SHFE AU0 vs COMEX GC=F after USDCNY conversion (CNY/g to USD/oz)
2025-08-19,spot_premium,273.8,USD/oz,derived,,2026-08-27T09:48:42.153320,daily,C,SHFE AU0 vs COMEX GC=F after USDCNY conversion (CNY/g to USD/oz)
2025-08-20,spot_premium,232.78,USD/oz,derived,,2026-08-27T09:48:42.153320,daily,C,SHFE AU0 vs COMEX GC=F after USDCNY conversion (CNY/g to USD/oz)
2025-08-21,spot_premium,250.58,USD/oz,derived,,2026-08-27T09:48:42.153320,daily,C,SHFE AU0 vs COMEX GC=F after USDCNY conversion (CNY/g to USD/oz)
2025-08-22,spot_premium,205.12,USD/oz,derived,,2026-08-27T09:48:42.153320,daily,C,SHFE AU0 vs COMEX GC=F after USDCNY conversion (CNY/g to USD/oz)
2025-08-25,spot_premium,232.47,USD/oz,derived,,2026-08-27T09:48:42.153320,daily,C,SHFE AU0 vs COMEX GC=F after USDCNY conversion (CNY/g to USD/oz)
2025-08-26,spot_premium,226.65,USD/oz,derived,,2026-08-27T09:48:42.153320,daily,C,SHFE AU0 vs COMEX GC=F after USDCNY conversion (CNY/g to USD/oz)
2025-08-27,spot_premium,210.83,USD/oz,derived,,2026-08-27T09:48:42.153320,daily,C,SHFE AU0 vs COMEX GC=F after USDCNY conversion (CNY/g to USD/oz)
2025-08-28,spot_premium,193.17,USD/oz,derived,,2026-08-27T09:48:42.154320,daily,C,SHFE AU0 vs COMEX GC=F after USDCNY conversion (CNY/g to USD/oz)
2025-08-29,spot_premium,170.71,USD/oz,derived,,2026-08-27T09:48:42.154320,daily,C,SHFE AU0 vs COMEX GC=F after USDCNY conversion (CNY/g to USD/oz)
2025-09-01,spot_premium,239.11,USD/oz,derived,,2026-08-27T09:48:42.154320,daily,C,SHFE AU0 vs COMEX GC=F after USDCNY conversion (CNY/g to USD/oz)
2025-09-02,spot_premium,181.83,USD/oz,derived,,2026-08-27T09:48:42.154320,daily,C,SHFE AU0 vs COMEX GC=F after USDCNY conversion (CNY/g to USD/oz)
2025-09-03,spot_premium,186.54,USD/oz,derived,,2026-08-27T09:48:42.154320,daily,C,SHFE AU0 vs COMEX GC=F after USDCNY conversion (CNY/g to USD/oz)
2025-09-04,spot_premium,205.88,USD/oz,derived,,2026-08-27T09:48:42.154320,daily,C,SHFE AU0 vs COMEX GC=F after USDCNY conversion (CNY/g to USD/oz)
2025-09-05,spot_premium,170.52,USD/oz,derived,,2026-08-27T09:48:42.154320,daily,C,SHFE AU0 vs COMEX GC=F after USDCNY conversion (CNY/g to USD/oz)
2025-09-08,spot_premium,181.07,USD/oz,derived,,2026-08-27T09:48:42.154320,daily,C,SHFE AU0 vs COMEX GC=F after USDCNY conversion (CNY/g to USD/oz)
2025-09-09,spot_premium,231.04,USD/oz,derived,,2026-08-27T09:48:42.154320,daily,C,SHFE AU0 vs COMEX GC=F after USDCNY conversion (CNY/g to USD/oz)
2025-09-10,spot_premium,225.93,USD/oz,derived,,2026-08-27T09:48:42.154320,daily,C,SHFE AU0 vs COMEX GC=F after USDCNY conversion (CNY/g to USD/oz)
2025-09-11,spot_premium,217.72,USD/oz,derived,,2026-08-27T09:48:42.155326,daily,C,SHFE AU0 vs COMEX GC=F after USDCNY conversion (CNY/g to USD/oz)
2025-09-12,spot_premium,223.09,USD/oz,derived,,2026-08-27T09:48:42.155326,daily,C,SHFE AU0 vs COMEX GC=F after USDCNY conversion (CNY/g to USD/oz)
2025-09-15,spot_premium,178.25,USD/oz,derived,,2026-08-27T09:48:42.155326,daily,C,SHFE AU0 vs COMEX GC=F after USDCNY conversion (CNY/g to USD/oz)
2025-09-16,spot_premium,220.06,USD/oz,derived,,2026-08-27T09:48:42.155326,daily,C,SHFE AU0 vs COMEX GC=F after USDCNY conversion (CNY/g to USD/oz)
2025-09-17,spot_premium,195.04,USD/oz,derived,,2026-08-27T09:48:42.155326,daily,C,SHFE AU0 vs COMEX GC=F after USDCNY conversion (CNY/g to USD/oz)
2025-09-18,spot_premium,183.06,USD/oz,derived,,2026-08-27T09:48:42.155326,daily,C,SHFE AU0 vs COMEX GC=F after USDCNY conversion (CNY/g to USD/oz)
2025-09-19,spot_premium,172.57,USD/oz,derived,,2026-08-27T09:48:42.155326,daily,C,SHFE AU0 vs COMEX GC=F after USDCNY conversion (CNY/g to USD/oz)
2025-09-22,spot_premium,177.14,USD/oz,derived,,2026-08-27T09:48:42.155326,daily,C,SHFE AU0 vs COMEX GC=F after USDCNY conversion (CNY/g to USD/oz)
2025-09-23,spot_premium,178.62,USD/oz,derived,,2026-08-27T09:48:42.155326,daily,C,SHFE AU0 vs COMEX GC=F after USDCNY conversion (CNY/g to USD/oz)
2025-09-24,spot_premium,248.23,USD/oz,derived,,2026-08-27T09:48:42.155326,daily,C,SHFE AU0 vs COMEX GC=F after USDCNY conversion (CNY/g to USD/oz)
2025-09-25,spot_premium,218.99,USD/oz,derived,,2026-08-27T09:48:42.155326,daily,C,SHFE AU0 vs COMEX GC=F after USDCNY conversion (CNY/g to USD/oz)
2025-09-26,spot_premium,186.79,USD/oz,derived,,2026-08-27T09:48:42.155326,daily,C,SHFE AU0 vs COMEX GC=F after USDCNY conversion (CNY/g to USD/oz)
2025-09-29,spot_premium,189.6,USD/oz,derived,,2026-08-27T09:48:42.155326,daily,C,SHFE AU0 vs COMEX GC=F after USDCNY conversion (CNY/g to USD/oz)
2025-09-30,spot_premium,206.17,USD/oz,derived,,2026-08-27T09:48:42.156322,daily,C,SHFE AU0 vs COMEX GC=F after USDCNY conversion (CNY/g to USD/oz)
2025-10-09,spot_premium,285.44,USD/oz,derived,,2026-08-27T09:48:42.156322,daily,C,SHFE AU0 vs COMEX GC=F after USDCNY conversion (CNY/g to USD/oz)
2025-10-10,spot_premium,196.78,USD/oz,derived,,2026-08-27T09:48:42.156322,daily,C,SHFE AU0 vs COMEX GC=F after USDCNY conversion (CNY/g to USD/oz)
2025-10-13,spot_premium,184.41,USD/oz,derived,,2026-08-27T09:48:42.156322,daily,C,SHFE AU0 vs COMEX GC=F after USDCNY conversion (CNY/g to USD/oz)
2025-10-14,spot_premium,207.17,USD/oz,derived,,2026-08-27T09:48:42.156322,daily,C,SHFE AU0 vs COMEX GC=F after USDCNY conversion (CNY/g to USD/oz)
2025-10-15,spot_premium,267.83,USD/oz,derived,,2026-08-27T09:48:42.156322,daily,C,SHFE AU0 vs COMEX GC=F after USDCNY conversion (CNY/g to USD/oz)
2025-10-16,spot_premium,192.67,USD/oz,derived,,2026-08-27T09:48:42.156322,daily,C,SHFE AU0 vs COMEX GC=F after USDCNY conversion (CNY/g to USD/oz)
2025-10-17,spot_premium,437.46,USD/oz,derived,,2026-08-27T09:48:42.156322,daily,C,SHFE AU0 vs COMEX GC=F after USDCNY conversion (CNY/g to USD/oz)
2025-10-20,spot_premium,154.52,USD/oz,derived,,2026-08-27T09:48:42.156322,daily,C,SHFE AU0 vs COMEX GC=F after USDCNY conversion (CNY/g to USD/oz)
2025-10-21,spot_premium,513.09,USD/oz,derived,,2026-08-27T09:48:42.156322,daily,C,SHFE AU0 vs COMEX GC=F after USDCNY conversion (CNY/g to USD/oz)
2025-10-22,spot_premium,364.32,USD/oz,derived,,2026-08-27T09:48:42.156322,daily,C,SHFE AU0 vs COMEX GC=F after USDCNY conversion (CNY/g to USD/oz)
2025-10-23,spot_premium,235.64,USD/oz,derived,,2026-08-27T09:48:42.156322,daily,C,SHFE AU0 vs COMEX GC=F after USDCNY conversion (CNY/g to USD/oz)
2025-10-24,spot_premium,223.4,USD/oz,derived,,2026-08-27T09:48:42.157320,daily,C,SHFE AU0 vs COMEX GC=F after USDCNY conversion (CNY/g to USD/oz)
2025-10-27,spot_premium,321.57,USD/oz,derived,,2026-08-27T09:48:42.157320,daily,C,SHFE AU0 vs COMEX GC=F after USDCNY conversion (CNY/g to USD/oz)
2025-10-28,spot_premium,205.65,USD/oz,derived,,2026-08-27T09:48:42.157320,daily,C,SHFE AU0 vs COMEX GC=F after USDCNY conversion (CNY/g to USD/oz)
2025-10-29,spot_premium,232.11,USD/oz,derived,,2026-08-27T09:48:42.157320,daily,C,SHFE AU0 vs COMEX GC=F after USDCNY conversion (CNY/g to USD/oz)
2025-10-30,spot_premium,220.44,USD/oz,derived,,2026-08-27T09:48:42.157320,daily,C,SHFE AU0 vs COMEX GC=F after USDCNY conversion (CNY/g to USD/oz)
2025-10-31,spot_premium,284.71,USD/oz,derived,,2026-08-27T09:48:42.157320,daily,C,SHFE AU0 vs COMEX GC=F after USDCNY conversion (CNY/g to USD/oz)
2025-11-03,spot_premium,269.66,USD/oz,derived,,2026-08-27T09:48:42.157320,daily,C,SHFE AU0 vs COMEX GC=F after USDCNY conversion (CNY/g to USD/oz)
2025-11-04,spot_premium,289.87,USD/oz,derived,,2026-08-27T09:48:42.157320,daily,C,SHFE AU0 vs COMEX GC=F after USDCNY conversion (CNY/g to USD/oz)
2025-11-05,spot_premium,241.9,USD/oz,derived,,2026-08-27T09:48:42.157320,daily,C,SHFE AU0 vs COMEX GC=F after USDCNY conversion (CNY/g to USD/oz)
2025-11-06,spot_premium,267.94,USD/oz,derived,,2026-08-27T09:48:42.157320,daily,C,SHFE AU0 vs COMEX GC=F after USDCNY conversion (CNY/g to USD/oz)
2025-11-07,spot_premium,264.46,USD/oz,derived,,2026-08-27T09:48:42.157320,daily,C,SHFE AU0 vs COMEX GC=F after USDCNY conversion (CNY/g to USD/oz)
2025-11-10,spot_premium,220.18,USD/oz,derived,,2026-08-27T09:48:42.157320,daily,C,SHFE AU0 vs COMEX GC=F after USDCNY conversion (CNY/g to USD/oz)
2025-11-11,spot_premium,284.89,USD/oz,derived,,2026-08-27T09:48:42.158320,daily,C,SHFE AU0 vs COMEX GC=F after USDCNY conversion (CNY/g to USD/oz)
2025-11-12,spot_premium,172.85,USD/oz,derived,,2026-08-27T09:48:42.158320,daily,C,SHFE AU0 vs COMEX GC=F after USDCNY conversion (CNY/g to USD/oz)
2025-11-13,spot_premium,273.94,USD/oz,derived,,2026-08-27T09:48:42.158320,daily,C,SHFE AU0 vs COMEX GC=F after USDCNY conversion (CNY/g to USD/oz)
2025-11-14,spot_premium,337.6,USD/oz,derived,,2026-08-27T09:48:42.158320,daily,C,SHFE AU0 vs COMEX GC=F after USDCNY conversion (CNY/g to USD/oz)
2025-11-17,spot_premium,246.74,USD/oz,derived,,2026-08-27T09:48:42.158320,daily,C,SHFE AU0 vs COMEX GC=F after USDCNY conversion (CNY/g to USD/oz)
2025-11-18,spot_premium,202.93,USD/oz,derived,,2026-08-27T09:48:42.158320,daily,C,SHFE AU0 vs COMEX GC=F after USDCNY conversion (CNY/g to USD/oz)
2025-11-19,spot_premium,273.17,USD/oz,derived,,2026-08-27T09:48:42.158320,daily,C,SHFE AU0 vs COMEX GC=F after USDCNY conversion (CNY/g to USD/oz)
2025-11-20,spot_premium,273.08,USD/oz,derived,,2026-08-27T09:48:42.158320,daily,C,SHFE AU0 vs COMEX GC=F after USDCNY conversion (CNY/g to USD/oz)
2025-11-21,spot_premium,213.44,USD/oz,derived,,2026-08-27T09:48:42.158320,daily,C,SHFE AU0 vs COMEX GC=F after USDCNY conversion (CNY/g to USD/oz)
2025-11-24,spot_premium,213.89,USD/oz,derived,,2026-08-27T09:48:42.158320,daily,C,SHFE AU0 vs COMEX GC=F after USDCNY conversion (CNY/g to USD/oz)
2025-11-25,spot_premium,241.47,USD/oz,derived,,2026-08-27T09:48:42.158320,daily,C,SHFE AU0 vs COMEX GC=F after USDCNY conversion (CNY/g to USD/oz)
2025-11-26,spot_premium,216.49,USD/oz,derived,,2026-08-27T09:48:42.158320,daily,C,SHFE AU0 vs COMEX GC=F after USDCNY conversion (CNY/g to USD/oz)
2025-11-27,spot_premium,218.53,USD/oz,derived,,2026-08-27T09:48:42.159320,daily,C,SHFE AU0 vs COMEX GC=F after USDCNY conversion (CNY/g to USD/oz)
2025-11-28,spot_premium,196.72,USD/oz,derived,,2026-08-27T09:48:42.159320,daily,C,SHFE AU0 vs COMEX GC=F after USDCNY conversion (CNY/g to USD/oz)
2025-12-01,spot_premium,219.04,USD/oz,derived,,2026-08-27T09:48:42.159320,daily,C,SHFE AU0 vs COMEX GC=F after USDCNY conversion (CNY/g to USD/oz)
2025-12-02,spot_premium,249.24,USD/oz,derived,,2026-08-27T09:48:42.159320,daily,C,SHFE AU0 vs COMEX GC=F after USDCNY conversion (CNY/g to USD/oz)
2025-12-03,spot_premium,228.58,USD/oz,derived,,2026-08-27T09:48:42.159320,daily,C,SHFE AU0 vs COMEX GC=F after USDCNY conversion (CNY/g to USD/oz)
2025-12-04,spot_premium,200.9,USD/oz,derived,,2026-08-27T09:48:42.159320,daily,C,SHFE AU0 vs COMEX GC=F after USDCNY conversion (CNY/g to USD/oz)
2025-12-05,spot_premium,235.07,USD/oz,derived,,2026-08-27T09:48:42.159320,daily,C,SHFE AU0 vs COMEX GC=F after USDCNY conversion (CNY/g to USD/oz)
2025-12-08,spot_premium,249.94,USD/oz,derived,,2026-08-27T09:48:42.159320,daily,C,SHFE AU0 vs COMEX GC=F after USDCNY conversion (CNY/g to USD/oz)
2025-12-09,spot_premium,197.3,USD/oz,derived,,2026-08-27T09:48:42.159320,daily,C,SHFE AU0 vs COMEX GC=F after USDCNY conversion (CNY/g to USD/oz)
2025-12-10,spot_premium,230.09,USD/oz,derived,,2026-08-27T09:48:42.159320,daily,C,SHFE AU0 vs COMEX GC=F after USDCNY conversion (CNY/g to USD/oz)
2025-12-11,spot_premium,147.94,USD/oz,derived,,2026-08-27T09:48:42.159320,daily,C,SHFE AU0 vs COMEX GC=F after USDCNY conversion (CNY/g to USD/oz)
2025-12-12,spot_premium,192.39,USD/oz,derived,,2026-08-27T09:48:42.159320,daily,C,SHFE AU0 vs COMEX GC=F after USDCNY conversion (CNY/g to USD/oz)
2025-12-15,spot_premium,243.65,USD/oz,derived,,2026-08-27T09:48:42.159320,daily,C,SHFE AU0 vs COMEX GC=F after USDCNY conversion (CNY/g to USD/oz)
2025-12-16,spot_premium,191.51,USD/oz,derived,,2026-08-27T09:48:42.160320,daily,C,SHFE AU0 vs COMEX GC=F after USDCNY conversion (CNY/g to USD/oz)
2025-12-17,spot_premium,186.93,USD/oz,derived,,2026-08-27T09:48:42.160320,daily,C,SHFE AU0 vs COMEX GC=F after USDCNY conversion (CNY/g to USD/oz)
2025-12-18,spot_premium,198.54,USD/oz,derived,,2026-08-27T09:48:42.160320,daily,C,SHFE AU0 vs COMEX GC=F after USDCNY conversion (CNY/g to USD/oz)
2025-12-19,spot_premium,173.86,USD/oz,derived,,2026-08-27T09:48:42.160320,daily,C,SHFE AU0 vs COMEX GC=F after USDCNY conversion (CNY/g to USD/oz)
2025-12-22,spot_premium,187.67,USD/oz,derived,,2026-08-27T09:48:42.160320,daily,C,SHFE AU0 vs COMEX GC=F after USDCNY conversion (CNY/g to USD/oz)
2025-12-23,spot_premium,211.39,USD/oz,derived,,2026-08-27T09:48:42.160320,daily,C,SHFE AU0 vs COMEX GC=F after USDCNY conversion (CNY/g to USD/oz)
2025-12-24,spot_premium,215.63,USD/oz,derived,,2026-08-27T09:48:42.160320,daily,C,SHFE AU0 vs COMEX GC=F after USDCNY conversion (CNY/g to USD/oz)
2025-12-25,spot_premium,188.23,USD/oz,derived,,2026-08-27T09:48:42.160320,daily,C,SHFE AU0 vs COMEX GC=F after USDCNY conversion (CNY/g to USD/oz)
2025-12-26,spot_premium,174.63,USD/oz,derived,,2026-08-27T09:48:42.160320,daily,C,SHFE AU0 vs COMEX GC=F after USDCNY conversion (CNY/g to USD/oz)
2025-12-29,spot_premium,336.42,USD/oz,derived,,2026-08-27T09:48:42.160320,daily,C,SHFE AU0 vs COMEX GC=F after USDCNY conversion (CNY/g to USD/oz)
2025-12-30,spot_premium,188.02,USD/oz,derived,,2026-08-27T09:48:42.160320,daily,C,SHFE AU0 vs COMEX GC=F after USDCNY conversion (CNY/g to USD/oz)
2025-12-31,spot_premium,198.83,USD/oz,derived,,2026-08-27T09:48:42.160320,daily,C,SHFE AU0 vs COMEX GC=F after USDCNY conversion (CNY/g to USD/oz)
2026-01-05,spot_premium,168.25,USD/oz,derived,,2026-08-27T09:48:42.160320,daily,C,SHFE AU0 vs COMEX GC=F after USDCNY conversion (CNY/g to USD/oz)
2026-01-06,spot_premium,169.14,USD/oz,derived,,2026-08-27T09:48:42.161320,daily,C,SHFE AU0 vs COMEX GC=F after USDCNY conversion (CNY/g to USD/oz)
2026-01-07,spot_premium,173.9,USD/oz,derived,,2026-08-27T09:48:42.161320,daily,C,SHFE AU0 vs COMEX GC=F after USDCNY conversion (CNY/g to USD/oz)
2026-01-08,spot_premium,169.05,USD/oz,derived,,2026-08-27T09:48:42.161320,daily,C,SHFE AU0 vs COMEX GC=F after USDCNY conversion (CNY/g to USD/oz)
2026-01-09,spot_premium,167.98,USD/oz,derived,,2026-08-27T09:48:42.161320,daily,C,SHFE AU0 vs COMEX GC=F after USDCNY conversion (CNY/g to USD/oz)
2026-01-12,spot_premium,145.62,USD/oz,derived,,2026-08-27T09:48:42.161320,daily,C,SHFE AU0 vs COMEX GC=F after USDCNY conversion (CNY/g to USD/oz)
2026-01-13,spot_premium,179.97,USD/oz,derived,,2026-08-27T09:48:42.161320,daily,C,SHFE AU0 vs COMEX GC=F after USDCNY conversion (CNY/g to USD/oz)
2026-01-14,spot_premium,203.69,USD/oz,derived,,2026-08-27T09:48:42.161320,daily,C,SHFE AU0 vs COMEX GC=F after USDCNY conversion (CNY/g to USD/oz)
2026-01-15,spot_premium,187.68,USD/oz,derived,,2026-08-27T09:48:42.161320,daily,C,SHFE AU0 vs COMEX GC=F after USDCNY conversion (CNY/g to USD/oz)
2026-01-16,spot_premium,204.19,USD/oz,derived,,2026-08-27T09:48:42.161320,daily,C,SHFE AU0 vs COMEX GC=F after USDCNY conversion (CNY/g to USD/oz)
2026-01-19,spot_premium,279.63,USD/oz,derived,,2026-08-27T09:48:42.161320,daily,C,SHFE AU0 vs COMEX GC=F after USDCNY conversion (CNY/g to USD/oz)
2026-01-20,spot_premium,147.12,USD/oz,derived,,2026-08-27T09:48:42.161320,daily,C,SHFE AU0 vs COMEX GC=F after USDCNY conversion (CNY/g to USD/oz)
2026-01-21,spot_premium,223.68,USD/oz,derived,,2026-08-27T09:48:42.161320,daily,C,SHFE AU0 vs COMEX GC=F after USDCNY conversion (CNY/g to USD/oz)
2026-01-22,spot_premium,124.83,USD/oz,derived,,2026-08-27T09:48:42.162320,daily,C,SHFE AU0 vs COMEX GC=F after USDCNY conversion (CNY/g to USD/oz)
2026-01-23,spot_premium,187.3,USD/oz,derived,,2026-08-27T09:48:42.162320,daily,C,SHFE AU0 vs COMEX GC=F after USDCNY conversion (CNY/g to USD/oz)
2026-01-26,spot_premium,211.91,USD/oz,derived,,2026-08-27T09:48:42.162320,daily,C,SHFE AU0 vs COMEX GC=F after USDCNY conversion (CNY/g to USD/oz)
2026-01-27,spot_premium,235.13,USD/oz,derived,,2026-08-27T09:48:42.162320,daily,C,SHFE AU0 vs COMEX GC=F after USDCNY conversion (CNY/g to USD/oz)
2026-01-28,spot_premium,188.47,USD/oz,derived,,2026-08-27T09:48:42.162320,daily,C,SHFE AU0 vs COMEX GC=F after USDCNY conversion (CNY/g to USD/oz)
2026-01-29,spot_premium,462.89,USD/oz,derived,,2026-08-27T09:48:42.162320,daily,C,SHFE AU0 vs COMEX GC=F after USDCNY conversion (CNY/g to USD/oz)
2026-01-30,spot_premium,661.48,USD/oz,derived,,2026-08-27T09:48:42.162320,daily,C,SHFE AU0 vs COMEX GC=F after USDCNY conversion (CNY/g to USD/oz)
2026-02-02,spot_premium,45.59,USD/oz,derived,,2026-08-27T09:48:42.162320,daily,C,SHFE AU0 vs COMEX GC=F after USDCNY conversion (CNY/g to USD/oz)
2026-02-03,spot_premium,158.63,USD/oz,derived,,2026-08-27T09:48:42.162320,daily,C,SHFE AU0 vs COMEX GC=F after USDCNY conversion (CNY/g to USD/oz)
2026-02-04,spot_premium,363.72,USD/oz,derived,,2026-08-27T09:48:42.162320,daily,C,SHFE AU0 vs COMEX GC=F after USDCNY conversion (CNY/g to USD/oz)
2026-02-05,spot_premium,256.37,USD/oz,derived,,2026-08-27T09:48:42.162320,daily,C,SHFE AU0 vs COMEX GC=F after USDCNY conversion (CNY/g to USD/oz)
2026-02-06,spot_premium,94.19,USD/oz,derived,,2026-08-27T09:48:42.162320,daily,C,SHFE AU0 vs COMEX GC=F after USDCNY conversion (CNY/g to USD/oz)
2026-02-09,spot_premium,160.27,USD/oz,derived,,2026-08-27T09:48:42.162320,daily,C,SHFE AU0 vs COMEX GC=F after USDCNY conversion (CNY/g to USD/oz)
2026-02-10,spot_premium,185.53,USD/oz,derived,,2026-08-27T09:48:42.163320,daily,C,SHFE AU0 vs COMEX GC=F after USDCNY conversion (CNY/g to USD/oz)
2026-02-11,spot_premium,160.22,USD/oz,derived,,2026-08-27T09:48:42.163503,daily,C,SHFE AU0 vs COMEX GC=F after USDCNY conversion (CNY/g to USD/oz)
2026-02-12,spot_premium,288.31,USD/oz,derived,,2026-08-27T09:48:42.163503,daily,C,SHFE AU0 vs COMEX GC=F after USDCNY conversion (CNY/g to USD/oz)
2026-02-13,spot_premium,115.86,USD/oz,derived,,2026-08-27T09:48:42.163503,daily,C,SHFE AU0 vs COMEX GC=F after USDCNY conversion (CNY/g to USD/oz)
2026-02-24,spot_premium,169.04,USD/oz,derived,,2026-08-27T09:48:42.163503,daily,C,SHFE AU0 vs COMEX GC=F after USDCNY conversion (CNY/g to USD/oz)
2026-02-25,spot_premium,121.04,USD/oz,derived,,2026-08-27T09:48:42.163503,daily,C,SHFE AU0 vs COMEX GC=F after USDCNY conversion (CNY/g to USD/oz)
2026-02-26,spot_premium,129.74,USD/oz,derived,,2026-08-27T09:48:42.163503,daily,C,SHFE AU0 vs COMEX GC=F after USDCNY conversion (CNY/g to USD/oz)
2026-02-27,spot_premium,82.31,USD/oz,derived,,2026-08-27T09:48:42.164051,daily,C,SHFE AU0 vs COMEX GC=F after USDCNY conversion (CNY/g to USD/oz)
2026-03-02,spot_premium,246.68,USD/oz,derived,,2026-08-27T09:48:42.164051,daily,C,SHFE AU0 vs COMEX GC=F after USDCNY conversion (CNY/g to USD/oz)
2026-03-03,spot_premium,363.24,USD/oz,derived,,2026-08-27T09:48:42.164051,daily,C,SHFE AU0 vs COMEX GC=F after USDCNY conversion (CNY/g to USD/oz)
2026-03-04,spot_premium,216.49,USD/oz,derived,,2026-08-27T09:48:42.164051,daily,C,SHFE AU0 vs COMEX GC=F after USDCNY conversion (CNY/g to USD/oz)
2026-03-05,spot_premium,266.49,USD/oz,derived,,2026-08-27T09:48:42.164051,daily,C,SHFE AU0 vs COMEX GC=F after USDCNY conversion (CNY/g to USD/oz)
2026-03-06,spot_premium,133.85,USD/oz,derived,,2026-08-27T09:48:42.164051,daily,C,SHFE AU0 vs COMEX GC=F after USDCNY conversion (CNY/g to USD/oz)
2026-03-09,spot_premium,184.75,USD/oz,derived,,2026-08-27T09:48:42.164051,daily,C,SHFE AU0 vs COMEX GC=F after USDCNY conversion (CNY/g to USD/oz)
2026-03-10,spot_premium,107.46,USD/oz,derived,,2026-08-27T09:48:42.164581,daily,C,SHFE AU0 vs COMEX GC=F after USDCNY conversion (CNY/g to USD/oz)
2026-03-11,spot_premium,180.68,USD/oz,derived,,2026-08-27T09:48:42.164581,daily,C,SHFE AU0 vs COMEX GC=F after USDCNY conversion (CNY/g to USD/oz)
2026-03-12,spot_premium,213.77,USD/oz,derived,,2026-08-27T09:48:42.164581,daily,C,SHFE AU0 vs COMEX GC=F after USDCNY conversion (CNY/g to USD/oz)
2026-03-13,spot_premium,204.77,USD/oz,derived,,2026-08-27T09:48:42.164581,daily,C,SHFE AU0 vs COMEX GC=F after USDCNY conversion (CNY/g to USD/oz)
2026-03-16,spot_premium,196.62,USD/oz,derived,,2026-08-27T09:48:42.164581,daily,C,SHFE AU0 vs COMEX GC=F after USDCNY conversion (CNY/g to USD/oz)
2026-03-17,spot_premium,178.79,USD/oz,derived,,2026-08-27T09:48:42.164581,daily,C,SHFE AU0 vs COMEX GC=F after USDCNY conversion (CNY/g to USD/oz)
2026-03-18,spot_premium,278.79,USD/oz,derived,,2026-08-27T09:48:42.165103,daily,C,SHFE AU0 vs COMEX GC=F after USDCNY conversion (CNY/g to USD/oz)
2026-03-19,spot_premium,329.63,USD/oz,derived,,2026-08-27T09:48:42.165103,daily,C,SHFE AU0 vs COMEX GC=F after USDCNY conversion (CNY/g to USD/oz)
2026-03-20,spot_premium,252.37,USD/oz,derived,,2026-08-27T09:48:42.165103,daily,C,SHFE AU0 vs COMEX GC=F after USDCNY conversion (CNY/g to USD/oz)
2026-03-23,spot_premium,-40.55,USD/oz,derived,,2026-08-27T09:48:42.165103,daily,C,SHFE AU0 vs COMEX GC=F after USDCNY conversion (CNY/g to USD/oz)
2026-03-24,spot_premium,135.5,USD/oz,derived,,2026-08-27T09:48:42.165103,daily,C,SHFE AU0 vs COMEX GC=F after USDCNY conversion (CNY/g to USD/oz)
2026-03-25,spot_premium,143.1,USD/oz,derived,,2026-08-27T09:48:42.165103,daily,C,SHFE AU0 vs COMEX GC=F after USDCNY conversion (CNY/g to USD/oz)
2026-03-26,spot_premium,234.18,USD/oz,derived,,2026-08-27T09:48:42.165625,daily,C,SHFE AU0 vs COMEX GC=F after USDCNY conversion (CNY/g to USD/oz)
2026-03-27,spot_premium,130.08,USD/oz,derived,,2026-08-27T09:48:42.165625,daily,C,SHFE AU0 vs COMEX GC=F after USDCNY conversion (CNY/g to USD/oz)
2026-03-30,spot_premium,171.16,USD/oz,derived,,2026-08-27T09:48:42.165625,daily,C,SHFE AU0 vs COMEX GC=F after USDCNY conversion (CNY/g to USD/oz)
2026-03-31,spot_premium,73.72,USD/oz,derived,,2026-08-27T09:48:42.165625,daily,C,SHFE AU0 vs COMEX GC=F after USDCNY conversion (CNY/g to USD/oz)
2026-04-01,spot_premium,91.22,USD/oz,derived,,2026-08-27T09:48:42.165625,daily,C,SHFE AU0 vs COMEX GC=F after USDCNY conversion (CNY/g to USD/oz)
2026-04-02,spot_premium,86.85,USD/oz,derived,,2026-08-27T09:48:42.165625,daily,C,SHFE AU0 vs COMEX GC=F after USDCNY conversion (CNY/g to USD/oz)
2026-04-03,spot_premium,129.52,USD/oz,derived,,2026-08-27T09:48:42.165625,daily,C,SHFE AU0 vs COMEX GC=F after USDCNY conversion (CNY/g to USD/oz)
2026-04-07,spot_premium,129.84,USD/oz,derived,,2026-08-27T09:48:42.166143,daily,C,SHFE AU0 vs COMEX GC=F after USDCNY conversion (CNY/g to USD/oz)
2026-04-08,spot_premium,165.74,USD/oz,derived,,2026-08-27T09:48:42.166143,daily,C,SHFE AU0 vs COMEX GC=F after USDCNY conversion (CNY/g to USD/oz)
2026-04-09,spot_premium,27.33,USD/oz,derived,,2026-08-27T09:48:42.166143,daily,C,SHFE AU0 vs COMEX GC=F after USDCNY conversion (CNY/g to USD/oz)
2026-04-10,spot_premium,90.21,USD/oz,derived,,2026-08-27T09:48:42.166143,daily,C,SHFE AU0 vs COMEX GC=F after USDCNY conversion (CNY/g to USD/oz)
2026-04-13,spot_premium,86.75,USD/oz,derived,,2026-08-27T09:48:42.166143,daily,C,SHFE AU0 vs COMEX GC=F after USDCNY conversion (CNY/g to USD/oz)
2026-04-14,spot_premium,47.75,USD/oz,derived,,2026-08-27T09:48:42.166143,daily,C,SHFE AU0 vs COMEX GC=F after USDCNY conversion (CNY/g to USD/oz)
2026-04-15,spot_premium,97.84,USD/oz,derived,,2026-08-27T09:48:42.166663,daily,C,SHFE AU0 vs COMEX GC=F after USDCNY conversion (CNY/g to USD/oz)
2026-04-16,spot_premium,127.53,USD/oz,derived,,2026-08-27T09:48:42.166663,daily,C,SHFE AU0 vs COMEX GC=F after USDCNY conversion (CNY/g to USD/oz)
2026-04-17,spot_premium,20.71,USD/oz,derived,,2026-08-27T09:48:42.166663,daily,C,SHFE AU0 vs COMEX GC=F after USDCNY conversion (CNY/g to USD/oz)
2026-04-20,spot_premium,76.06,USD/oz,derived,,2026-08-27T09:48:42.166663,daily,C,SHFE AU0 vs COMEX GC=F after USDCNY conversion (CNY/g to USD/oz)
2026-04-21,spot_premium,169.17,USD/oz,derived,,2026-08-27T09:48:42.166663,daily,C,SHFE AU0 vs COMEX GC=F after USDCNY conversion (CNY/g to USD/oz)
2026-04-22,spot_premium,133.68,USD/oz,derived,,2026-08-27T09:48:42.166663,daily,C,SHFE AU0 vs COMEX GC=F after USDCNY conversion (CNY/g to USD/oz)
2026-04-23,spot_premium,108.6,USD/oz,derived,,2026-08-27T09:48:42.167183,daily,C,SHFE AU0 vs COMEX GC=F after USDCNY conversion (CNY/g to USD/oz)
2026-04-24,spot_premium,54.65,USD/oz,derived,,2026-08-27T09:48:42.167183,daily,C,SHFE AU0 vs COMEX GC=F after USDCNY conversion (CNY/g to USD/oz)
2026-04-27,spot_premium,135.33,USD/oz,derived,,2026-08-27T09:48:42.167183,daily,C,SHFE AU0 vs COMEX GC=F after USDCNY conversion (CNY/g to USD/oz)
2026-04-28,spot_premium,139.07,USD/oz,derived,,2026-08-27T09:48:42.167183,daily,C,SHFE AU0 vs COMEX GC=F after USDCNY conversion (CNY/g to USD/oz)
2026-04-29,spot_premium,138.07,USD/oz,derived,,2026-08-27T09:48:42.167183,daily,C,SHFE AU0 vs COMEX GC=F after USDCNY conversion (CNY/g to USD/oz)
2026-04-30,spot_premium,88.19,USD/oz,derived,,2026-08-27T09:48:42.167183,daily,C,SHFE AU0 vs COMEX GC=F after USDCNY conversion (CNY/g to USD/oz)
2026-05-06,spot_premium,78.2,USD/oz,derived,,2026-08-27T09:48:42.167183,daily,C,SHFE AU0 vs COMEX GC=F after USDCNY conversion (CNY/g to USD/oz)
2026-05-07,spot_premium,118.15,USD/oz,derived,,2026-08-27T09:48:42.167703,daily,C,SHFE AU0 vs COMEX GC=F after USDCNY conversion (CNY/g to USD/oz)
2026-05-08,spot_premium,84.78,USD/oz,derived,,2026-08-27T09:48:42.167703,daily,C,SHFE AU0 vs COMEX GC=F after USDCNY conversion (CNY/g to USD/oz)
2026-05-11,spot_premium,33.62,USD/oz,derived,,2026-08-27T09:48:42.167703,daily,C,SHFE AU0 vs COMEX GC=F after USDCNY conversion (CNY/g to USD/oz)
2026-05-12,spot_premium,90.09,USD/oz,derived,,2026-08-27T09:48:42.167703,daily,C,SHFE AU0 vs COMEX GC=F after USDCNY conversion (CNY/g to USD/oz)
2026-05-13,spot_premium,72.03,USD/oz,derived,,2026-08-27T09:48:42.167703,daily,C,SHFE AU0 vs COMEX GC=F after USDCNY conversion (CNY/g to USD/oz)
2026-05-14,spot_premium,87.18,USD/oz,derived,,2026-08-27T09:48:42.167703,daily,C,SHFE AU0 vs COMEX GC=F after USDCNY conversion (CNY/g to USD/oz)
2026-05-15,spot_premium,92.76,USD/oz,derived,,2026-08-27T09:48:42.168225,daily,C,SHFE AU0 vs COMEX GC=F after USDCNY conversion (CNY/g to USD/oz)
2026-05-18,spot_premium,74.86,USD/oz,derived,,2026-08-27T09:48:42.168225,daily,C,SHFE AU0 vs COMEX GC=F after USDCNY conversion (CNY/g to USD/oz)
2026-05-19,spot_premium,132.08,USD/oz,derived,,2026-08-27T09:48:42.168225,daily,C,SHFE AU0 vs COMEX GC=F after USDCNY conversion (CNY/g to USD/oz)
2026-05-20,spot_premium,35.15,USD/oz,derived,,2026-08-27T09:48:42.168225,daily,C,SHFE AU0 vs COMEX GC=F after USDCNY conversion (CNY/g to USD/oz)
2026-05-21,spot_premium,67.1,USD/oz,derived,,2026-08-27T09:48:42.168225,daily,C,SHFE AU0 vs COMEX GC=F after USDCNY conversion (CNY/g to USD/oz)
2026-05-22,spot_premium,87.66,USD/oz,derived,,2026-08-27T09:48:42.168225,daily,C,SHFE AU0 vs COMEX GC=F after USDCNY conversion (CNY/g to USD/oz)
2026-05-25,spot_premium,113.77,USD/oz,derived,,2026-08-27T09:48:42.168748,daily,C,SHFE AU0 vs COMEX GC=F after USDCNY conversion (CNY/g to USD/oz)
2026-05-26,spot_premium,104.75,USD/oz,derived,,2026-08-27T09:48:42.168748,daily,C,SHFE AU0 vs COMEX GC=F after USDCNY conversion (CNY/g to USD/oz)
2026-05-27,spot_premium,104.7,USD/oz,derived,,2026-08-27T09:48:42.168748,daily,C,SHFE AU0 vs COMEX GC=F after USDCNY conversion (CNY/g to USD/oz)
2026-05-28,spot_premium,-50.68,USD/oz,derived,,2026-08-27T09:48:42.168748,daily,C,SHFE AU0 vs COMEX GC=F after USDCNY conversion (CNY/g to USD/oz)
2026-05-29,spot_premium,18.73,USD/oz,derived,,2026-08-27T09:48:42.168748,daily,C,SHFE AU0 vs COMEX GC=F after USDCNY conversion (CNY/g to USD/oz)
2026-06-01,spot_premium,77.09,USD/oz,derived,,2026-08-27T09:48:42.168748,daily,C,SHFE AU0 vs COMEX GC=F after USDCNY conversion (CNY/g to USD/oz)
2026-06-02,spot_premium,95.68,USD/oz,derived,,2026-08-27T09:48:42.168748,daily,C,SHFE AU0 vs COMEX GC=F after USDCNY conversion (CNY/g to USD/oz)
2026-06-03,spot_premium,85.51,USD/oz,derived,,2026-08-27T09:48:42.169269,daily,C,SHFE AU0 vs COMEX GC=F after USDCNY conversion (CNY/g to USD/oz)
2026-06-04,spot_premium,50.39,USD/oz,derived,,2026-08-27T09:48:42.169269,daily,C,SHFE AU0 vs COMEX GC=F after USDCNY conversion (CNY/g to USD/oz)
2026-06-05,spot_premium,170.94,USD/oz,derived,,2026-08-27T09:48:42.169269,daily,C,SHFE AU0 vs COMEX GC=F after USDCNY conversion (CNY/g to USD/oz)
2026-06-08,spot_premium,24.87,USD/oz,derived,,2026-08-27T09:48:42.169269,daily,C,SHFE AU0 vs COMEX GC=F after USDCNY conversion (CNY/g to USD/oz)
2026-06-09,spot_premium,123.17,USD/oz,derived,,2026-08-27T09:48:42.169269,daily,C,SHFE AU0 vs COMEX GC=F after USDCNY conversion (CNY/g to USD/oz)
2026-06-10,spot_premium,146.68,USD/oz,derived,,2026-08-27T09:48:42.169269,daily,C,SHFE AU0 vs COMEX GC=F after USDCNY conversion (CNY/g to USD/oz)
2026-06-11,spot_premium,52.02,USD/oz,derived,,2026-08-27T09:48:42.169788,daily,C,SHFE AU0 vs COMEX GC=F after USDCNY conversion (CNY/g to USD/oz)
2026-06-12,spot_premium,4.24,USD/oz,derived,,2026-08-27T09:48:42.169788,daily,C,SHFE AU0 vs COMEX GC=F after USDCNY conversion (CNY/g to USD/oz)
2026-06-15,spot_premium,17.68,USD/oz,derived,,2026-08-27T09:48:42.169788,daily,C,SHFE AU0 vs COMEX GC=F after USDCNY conversion (CNY/g to USD/oz)
2026-06-16,spot_premium,27.65,USD/oz,derived,,2026-08-27T09:48:42.169788,daily,C,SHFE AU0 vs COMEX GC=F after USDCNY conversion (CNY/g to USD/oz)
2026-06-17,spot_premium,5.3,USD/oz,derived,,2026-08-27T09:48:42.169788,daily,C,SHFE AU0 vs COMEX GC=F after USDCNY conversion (CNY/g to USD/oz)
2026-06-18,spot_premium,117.05,USD/oz,derived,,2026-08-27T09:48:42.169788,daily,C,SHFE AU0 vs COMEX GC=F after USDCNY conversion (CNY/g to USD/oz)
2026-06-22,spot_premium,61.87,USD/oz,derived,,2026-08-27T09:48:42.170309,daily,C,SHFE AU0 vs COMEX GC=F after USDCNY conversion (CNY/g to USD/oz)
2026-06-23,spot_premium,25.84,USD/oz,derived,,2026-08-27T09:48:42.170309,daily,C,SHFE AU0 vs COMEX GC=F after USDCNY conversion (CNY/g to USD/oz)
2026-06-24,spot_premium,156.83,USD/oz,derived,,2026-08-27T09:48:42.170309,daily,C,SHFE AU0 vs COMEX GC=F after USDCNY conversion (CNY/g to USD/oz)
2026-06-25,spot_premium,5.37,USD/oz,derived,,2026-08-27T09:48:42.170309,daily,C,SHFE AU0 vs COMEX GC=F after USDCNY conversion (CNY/g to USD/oz)
2026-06-26,spot_premium,9.47,USD/oz,derived,,2026-08-27T09:48:42.170309,daily,C,SHFE AU0 vs COMEX GC=F after USDCNY conversion (CNY/g to USD/oz)
2026-06-29,spot_premium,90.95,USD/oz,derived,,2026-08-27T09:48:42.170309,daily,C,SHFE AU0 vs COMEX GC=F after USDCNY conversion (CNY/g to USD/oz)
2026-06-30,spot_premium,55.73,USD/oz,derived,,2026-08-27T09:48:42.170309,daily,C,SHFE AU0 vs COMEX GC=F after USDCNY conversion (CNY/g to USD/oz)
2026-07-01,spot_premium,-42.52,USD/oz,derived,,2026-08-27T09:48:42.170829,daily,C,SHFE AU0 vs COMEX GC=F after USDCNY conversion (CNY/g to USD/oz)
2026-07-02,spot_premium,9.53,USD/oz,derived,,2026-08-27T09:48:42.170829,daily,C,SHFE AU0 vs COMEX GC=F after USDCNY conversion (CNY/g to USD/oz)
2026-07-03,spot_premium,105.52,USD/oz,derived,,2026-08-27T09:48:42.170829,daily,C,SHFE AU0 vs COMEX GC=F after USDCNY conversion (CNY/g to USD/oz)
2026-07-06,spot_premium,46.55,USD/oz,derived,,2026-08-27T09:48:42.170829,daily,C,SHFE AU0 vs COMEX GC=F after USDCNY conversion (CNY/g to USD/oz)
2026-07-07,spot_premium,37.56,USD/oz,derived,,2026-08-27T09:48:42.170829,daily,C,SHFE AU0 vs COMEX GC=F after USDCNY conversion (CNY/g to USD/oz)
2026-07-08,spot_premium,107.33,USD/oz,derived,,2026-08-27T09:48:42.171336,daily,C,SHFE AU0 vs COMEX GC=F after USDCNY conversion (CNY/g to USD/oz)
2026-07-09,spot_premium,29.58,USD/oz,derived,,2026-08-27T09:48:42.171369,daily,C,SHFE AU0 vs COMEX GC=F after USDCNY conversion (CNY/g to USD/oz)
2026-07-10,spot_premium,51.82,USD/oz,derived,,2026-08-27T09:48:42.171369,daily,C,SHFE AU0 vs COMEX GC=F after USDCNY conversion (CNY/g to USD/oz)
2026-07-13,spot_premium,103.38,USD/oz,derived,,2026-08-27T09:48:42.171369,daily,C,SHFE AU0 vs COMEX GC=F after USDCNY conversion (CNY/g to USD/oz)
2026-07-14,spot_premium,13.0,USD/oz,derived,,2026-08-27T09:48:42.171369,daily,C,SHFE AU0 vs COMEX GC=F after USDCNY conversion (CNY/g to USD/oz)
2026-07-15,spot_premium,29.36,USD/oz,derived,,2026-08-27T09:48:42.171921,daily,C,SHFE AU0 vs COMEX GC=F after USDCNY conversion (CNY/g to USD/oz)
2026-07-16,spot_premium,83.5,USD/oz,derived,,2026-08-27T09:48:42.171921,daily,C,SHFE AU0 vs COMEX GC=F after USDCNY conversion (CNY/g to USD/oz)
2026-07-17,spot_premium,42.79,USD/oz,derived,,2026-08-27T09:48:42.171921,daily,C,SHFE AU0 vs COMEX GC=F after USDCNY conversion (CNY/g to USD/oz)
2026-07-20,spot_premium,47.04,USD/oz,derived,,2026-08-27T09:48:42.171921,daily,C,SHFE AU0 vs COMEX GC=F after USDCNY conversion (CNY/g to USD/oz)
2026-07-21,spot_premium,59.18,USD/oz,derived,,2026-08-27T09:48:42.171921,daily,C,SHFE AU0 vs COMEX GC=F after USDCNY conversion (CNY/g to USD/oz)
2026-07-22,spot_premium,26.61,USD/oz,derived,,2026-08-27T09:48:42.171921,daily,C,SHFE AU0 vs COMEX GC=F after USDCNY conversion (CNY/g to USD/oz)
2026-07-23,spot_premium,127.0,USD/oz,derived,,2026-08-27T09:48:42.172468,daily,C,SHFE AU0 vs COMEX GC=F after USDCNY conversion (CNY/g to USD/oz)
2026-07-24,spot_premium,22.88,USD/oz,derived,,2026-08-27T09:48:42.172468,daily,C,SHFE AU0 vs COMEX GC=F after USDCNY conversion (CNY/g to USD/oz)
2026-07-27,spot_premium,71.43,USD/oz,derived,,2026-08-27T09:48:42.172468,daily,C,SHFE AU0 vs COMEX GC=F after USDCNY conversion (CNY/g to USD/oz)
2026-07-28,spot_premium,60.2,USD/oz,derived,,2026-08-27T09:48:42.172468,daily,C,SHFE AU0 vs COMEX GC=F after USDCNY conversion (CNY/g to USD/oz)
2026-07-29,spot_premium,57.63,USD/oz,derived,,2026-08-27T09:48:42.172468,daily,C,SHFE AU0 vs COMEX GC=F after USDCNY conversion (CNY/g to USD/oz)
2026-07-30,spot_premium,-20.73,USD/oz,derived,,2026-08-27T09:48:42.172468,daily,C,SHFE AU0 vs COMEX GC=F after USDCNY conversion (CNY/g to USD/oz)
2026-07-31,spot_premium,62.21,USD/oz,derived,,2026-08-27T09:48:42.172977,daily,C,SHFE AU0 vs COMEX GC=F after USDCNY conversion (CNY/g to USD/oz)
2026-08-03,spot_premium,69.92,USD/oz,derived,,2026-08-27T09:48:42.173020,daily,C,SHFE AU0 vs COMEX GC=F after USDCNY conversion (CNY/g to USD/oz)
2026-08-04,spot_premium,7.48,USD/oz,derived,,2026-08-27T09:48:42.173020,daily,C,SHFE AU0 vs COMEX GC=F after USDCNY conversion (CNY/g to USD/oz)
2026-08-05,spot_premium,-32.21,USD/oz,derived,,2026-08-27T09:48:42.173020,daily,C,SHFE AU0 vs COMEX GC=F after USDCNY conversion (CNY/g to USD/oz)
2026-08-06,spot_premium,47.96,USD/oz,derived,,2026-08-27T09:48:42.173020,daily,C,SHFE AU0 vs COMEX GC=F after USDCNY conversion (CNY/g to USD/oz)
2026-08-07,spot_premium,-5.11,USD/oz,derived,,2026-08-27T09:48:42.173020,daily,C,SHFE AU0 vs COMEX GC=F after USDCNY conversion (CNY/g to USD/oz)
2026-08-10,spot_premium,26.74,USD/oz,derived,,2026-08-27T09:48:42.173020,daily,C,SHFE AU0 vs COMEX GC=F after USDCNY conversion (CNY/g to USD/oz)
2026-08-11,spot_premium,13.59,USD/oz,derived,,2026-08-27T09:48:42.173560,daily,C,SHFE AU0 vs COMEX GC=F after USDCNY conversion (CNY/g to USD/oz)
2026-08-12,spot_premium,27.5,USD/oz,derived,,2026-08-27T09:48:42.173560,daily,C,SHFE AU0 vs COMEX GC=F after USDCNY conversion (CNY/g to USD/oz)
2026-08-13,spot_premium,46.97,USD/oz,derived,,2026-08-27T09:48:42.173560,daily,C,SHFE AU0 vs COMEX GC=F after USDCNY conversion (CNY/g to USD/oz)
2026-08-14,spot_premium,-15.18,USD/oz,derived,,2026-08-27T09:48:42.173560,daily,C,SHFE AU0 vs COMEX GC=F after USDCNY conversion (CNY/g to USD/oz)
2026-08-17,spot_premium,5.55,USD/oz,derived,,2026-08-27T09:48:42.173560,daily,C,SHFE AU0 vs COMEX GC=F after USDCNY conversion (CNY/g to USD/oz)
2026-08-18,spot_premium,60.49,USD/oz,derived,,2026-08-27T09:48:42.173560,daily,C,SHFE AU0 vs COMEX GC=F after USDCNY conversion (CNY/g to USD/oz)
2026-08-19,spot_premium,-113.08,USD/oz,derived,,2026-08-27T09:48:42.173560,daily,C,SHFE AU0 vs COMEX GC=F after USDCNY conversion (CNY/g to USD/oz)
2026-08-20,spot_premium,-13.25,USD/oz,derived,,2026-08-27T09:48:42.174091,daily,C,SHFE AU0 vs COMEX GC=F after USDCNY conversion (CNY/g to USD/oz)
2026-08-21,spot_premium,-53.94,USD/oz,derived,,2026-08-27T09:48:42.174091,daily,C,SHFE AU0 vs COMEX GC=F after USDCNY conversion (CNY/g to USD/oz)
2026-08-24,spot_premium,19.05,USD/oz,derived,,2026-08-27T09:48:42.174091,daily,C,SHFE AU0 vs COMEX GC=F after USDCNY conversion (CNY/g to USD/oz)
2026-08-25,spot_premium,9.72,USD/oz,derived,,2026-08-27T09:48:42.174091,daily,C,SHFE AU0 vs COMEX GC=F after USDCNY conversion (CNY/g to USD/oz)
2026-08-26,spot_premium,-41.73,USD/oz,derived,,2026-08-27T09:48:42.174091,daily,C,SHFE AU0 vs COMEX GC=F after USDCNY conversion (CNY/g to USD/oz)
2025-05-27,term_structure,backwardation,label,derived,,2026-07-01T21:05:57.278401,daily,C,
2025-05-28,term_structure,backwardation,label,derived,,2026-07-02T02:45:03.917243,daily,C,
2025-05-29,term_structure,backwardation,label,derived,,2026-07-03T08:41:13.922564,daily,C,
2025-05-30,term_structure,backwardation,label,derived,,2026-07-04T00:04:38.565053,daily,C,
2025-06-03,term_structure,backwardation,label,derived,,2026-07-08T00:02:55.363288,daily,C,
2025-06-04,term_structure,backwardation,label,derived,,2026-07-09T00:05:22.601647,daily,C,
2025-06-05,term_structure,backwardation,label,derived,,2026-07-10T00:04:28.773084,daily,C,
2025-06-06,term_structure,backwardation,label,derived,,2026-07-11T00:05:11.058210,daily,C,
2025-06-09,term_structure,backwardation,label,derived,,2026-07-14T00:03:21.192833,daily,C,
2025-06-10,term_structure,backwardation,label,derived,,2026-07-15T00:05:18.003399,daily,C,
2025-06-11,term_structure,backwardation,label,derived,,2026-07-16T08:19:22.547725,daily,C,
2025-06-12,term_structure,backwardation,label,derived,,2026-07-17T08:35:36.988564,daily,C,
2025-06-13,term_structure,backwardation,label,derived,,2026-07-18T00:03:37.052568,daily,C,
2025-06-16,term_structure,backwardation,label,derived,,2026-07-21T00:04:38.059850,daily,C,
2025-06-17,term_structure,backwardation,label,derived,,2026-07-22T00:05:14.876798,daily,C,
2025-06-18,term_structure,backwardation,label,derived,,2026-07-23T00:08:15.607341,daily,C,
2025-06-19,term_structure,backwardation,label,derived,,2026-07-23T00:08:15.607345,daily,C,
2025-06-20,term_structure,backwardation,label,derived,,2026-07-25T00:03:36.628873,daily,C,
2025-06-23,term_structure,backwardation,label,derived,,2026-07-28T00:03:28.170175,daily,C,
2025-06-24,term_structure,backwardation,label,derived,,2026-07-29T00:04:32.511237,daily,C,
2025-06-25,term_structure,backwardation,label,derived,,2026-07-30T00:06:08.204167,daily,C,
2025-06-26,term_structure,backwardation,label,derived,,2026-07-31T08:48:00.804132,daily,C,
2025-06-27,term_structure,backwardation,label,derived,,2026-08-01T00:07:26.168298,daily,C,
2025-06-30,term_structure,backwardation,label,derived,,2026-08-04T00:03:27.882337,daily,C,
2025-07-01,term_structure,backwardation,label,derived,,2026-08-05T00:05:25.056861,daily,C,
2025-07-02,term_structure,backwardation,label,derived,,2026-08-06T08:59:17.276667,daily,C,
2025-07-03,term_structure,backwardation,label,derived,,2026-08-07T00:06:04.384063,daily,C,
2025-07-04,term_structure,backwardation,label,derived,,2026-08-08T00:05:38.855250,daily,C,
2025-07-07,term_structure,backwardation,label,derived,,2026-08-11T00:07:33.072967,daily,C,
2025-07-08,term_structure,backwardation,label,derived,,2026-08-12T00:01:54.065557,daily,C,
2025-07-09,term_structure,backwardation,label,derived,,2026-08-13T09:14:43.767478,daily,C,
2025-07-10,term_structure,backwardation,label,derived,,2026-08-14T00:03:49.853421,daily,C,
2025-07-11,term_structure,backwardation,label,derived,,2026-08-15T00:04:18.880119,daily,C,
2025-07-14,term_structure,backwardation,label,derived,,2026-08-18T00:13:43.051090,daily,C,
2025-07-15,term_structure,backwardation,label,derived,,2026-08-19T00:06:30.450832,daily,C,
2025-07-16,term_structure,backwardation,label,derived,,2026-08-20T08:38:11.309433,daily,C,
2025-07-17,term_structure,backwardation,label,derived,,2026-08-21T00:04:06.978261,daily,C,
2025-07-18,term_structure,backwardation,label,derived,,2026-08-22T00:06:17.111187,daily,C,
2025-07-21,term_structure,backwardation,label,derived,,2026-08-25T08:48:03.188055,daily,C,
2025-07-22,term_structure,backwardation,label,derived,,2026-08-25T08:48:03.188055,daily,C,
2025-07-23,term_structure,backwardation,label,derived,,2026-08-27T09:48:42.174597,daily,C,Inferred from SHFE-COMEX gold premium sign
2025-07-24,term_structure,backwardation,label,derived,,2026-08-27T09:48:42.174597,daily,C,Inferred from SHFE-COMEX gold premium sign
2025-07-25,term_structure,backwardation,label,derived,,2026-08-27T09:48:42.174597,daily,C,Inferred from SHFE-COMEX gold premium sign
2025-07-28,term_structure,backwardation,label,derived,,2026-08-27T09:48:42.174597,daily,C,Inferred from SHFE-COMEX gold premium sign
2025-07-29,term_structure,backwardation,label,derived,,2026-08-27T09:48:42.174597,daily,C,Inferred from SHFE-COMEX gold premium sign
2025-07-30,term_structure,backwardation,label,derived,,2026-08-27T09:48:42.174597,daily,C,Inferred from SHFE-COMEX gold premium sign
2025-07-31,term_structure,backwardation,label,derived,,2026-08-27T09:48:42.174597,daily,C,Inferred from SHFE-COMEX gold premium sign
2025-08-01,term_structure,backwardation,label,derived,,2026-08-27T09:48:42.174597,daily,C,Inferred from SHFE-COMEX gold premium sign
2025-08-04,term_structure,backwardation,label,derived,,2026-08-27T09:48:42.174597,daily,C,Inferred from SHFE-COMEX gold premium sign
2025-08-05,term_structure,backwardation,label,derived,,2026-08-27T09:48:42.174597,daily,C,Inferred from SHFE-COMEX gold premium sign
2025-08-06,term_structure,backwardation,label,derived,,2026-08-27T09:48:42.174597,daily,C,Inferred from SHFE-COMEX gold premium sign
2025-08-07,term_structure,backwardation,label,derived,,2026-08-27T09:48:42.174597,daily,C,Inferred from SHFE-COMEX gold premium sign
2025-08-08,term_structure,backwardation,label,derived,,2026-08-27T09:48:42.174597,daily,C,Inferred from SHFE-COMEX gold premium sign
2025-08-11,term_structure,backwardation,label,derived,,2026-08-27T09:48:42.174597,daily,C,Inferred from SHFE-COMEX gold premium sign
2025-08-12,term_structure,backwardation,label,derived,,2026-08-27T09:48:42.174597,daily,C,Inferred from SHFE-COMEX gold premium sign
2025-08-13,term_structure,backwardation,label,derived,,2026-08-27T09:48:42.174597,daily,C,Inferred from SHFE-COMEX gold premium sign
2025-08-14,term_structure,backwardation,label,derived,,2026-08-27T09:48:42.174597,daily,C,Inferred from SHFE-COMEX gold premium sign
2025-08-15,term_structure,backwardation,label,derived,,2026-08-27T09:48:42.174597,daily,C,Inferred from SHFE-COMEX gold premium sign
2025-08-18,term_structure,backwardation,label,derived,,2026-08-27T09:48:42.174597,daily,C,Inferred from SHFE-COMEX gold premium sign
2025-08-19,term_structure,backwardation,label,derived,,2026-08-27T09:48:42.174597,daily,C,Inferred from SHFE-COMEX gold premium sign
2025-08-20,term_structure,backwardation,label,derived,,2026-08-27T09:48:42.174597,daily,C,Inferred from SHFE-COMEX gold premium sign
2025-08-21,term_structure,backwardation,label,derived,,2026-08-27T09:48:42.174597,daily,C,Inferred from SHFE-COMEX gold premium sign
2025-08-22,term_structure,backwardation,label,derived,,2026-08-27T09:48:42.174597,daily,C,Inferred from SHFE-COMEX gold premium sign
2025-08-25,term_structure,backwardation,label,derived,,2026-08-27T09:48:42.174597,daily,C,Inferred from SHFE-COMEX gold premium sign
2025-08-26,term_structure,backwardation,label,derived,,2026-08-27T09:48:42.174597,daily,C,Inferred from SHFE-COMEX gold premium sign
2025-08-27,term_structure,backwardation,label,derived,,2026-08-27T09:48:42.174597,daily,C,Inferred from SHFE-COMEX gold premium sign
2025-08-28,term_structure,backwardation,label,derived,,2026-08-27T09:48:42.174597,daily,C,Inferred from SHFE-COMEX gold premium sign
2025-08-29,term_structure,backwardation,label,derived,,2026-08-27T09:48:42.174597,daily,C,Inferred from SHFE-COMEX gold premium sign
2025-09-01,term_structure,backwardation,label,derived,,2026-08-27T09:48:42.174597,daily,C,Inferred from SHFE-COMEX gold premium sign
2025-09-02,term_structure,backwardation,label,derived,,2026-08-27T09:48:42.174597,daily,C,Inferred from SHFE-COMEX gold premium sign
2025-09-03,term_structure,backwardation,label,derived,,2026-08-27T09:48:42.174597,daily,C,Inferred from SHFE-COMEX gold premium sign
2025-09-04,term_structure,backwardation,label,derived,,2026-08-27T09:48:42.174597,daily,C,Inferred from SHFE-COMEX gold premium sign
2025-09-05,term_structure,backwardation,label,derived,,2026-08-27T09:48:42.174597,daily,C,Inferred from SHFE-COMEX gold premium sign
2025-09-08,term_structure,backwardation,label,derived,,2026-08-27T09:48:42.174597,daily,C,Inferred from SHFE-COMEX gold premium sign
2025-09-09,term_structure,backwardation,label,derived,,2026-08-27T09:48:42.174597,daily,C,Inferred from SHFE-COMEX gold premium sign
2025-09-10,term_structure,backwardation,label,derived,,2026-08-27T09:48:42.174597,daily,C,Inferred from SHFE-COMEX gold premium sign
2025-09-11,term_structure,backwardation,label,derived,,2026-08-27T09:48:42.174597,daily,C,Inferred from SHFE-COMEX gold premium sign
2025-09-12,term_structure,backwardation,label,derived,,2026-08-27T09:48:42.174597,daily,C,Inferred from SHFE-COMEX gold premium sign
2025-09-15,term_structure,backwardation,label,derived,,2026-08-27T09:48:42.174597,daily,C,Inferred from SHFE-COMEX gold premium sign
2025-09-16,term_structure,backwardation,label,derived,,2026-08-27T09:48:42.174597,daily,C,Inferred from SHFE-COMEX gold premium sign
2025-09-17,term_structure,backwardation,label,derived,,2026-08-27T09:48:42.174597,daily,C,Inferred from SHFE-COMEX gold premium sign
2025-09-18,term_structure,backwardation,label,derived,,2026-08-27T09:48:42.174597,daily,C,Inferred from SHFE-COMEX gold premium sign
2025-09-19,term_structure,backwardation,label,derived,,2026-08-27T09:48:42.174597,daily,C,Inferred from SHFE-COMEX gold premium sign
2025-09-22,term_structure,backwardation,label,derived,,2026-08-27T09:48:42.174597,daily,C,Inferred from SHFE-COMEX gold premium sign
2025-09-23,term_structure,backwardation,label,derived,,2026-08-27T09:48:42.174597,daily,C,Inferred from SHFE-COMEX gold premium sign
2025-09-24,term_structure,backwardation,label,derived,,2026-08-27T09:48:42.174597,daily,C,Inferred from SHFE-COMEX gold premium sign
2025-09-25,term_structure,backwardation,label,derived,,2026-08-27T09:48:42.174597,daily,C,Inferred from SHFE-COMEX gold premium sign
2025-09-26,term_structure,backwardation,label,derived,,2026-08-27T09:48:42.174597,daily,C,Inferred from SHFE-COMEX gold premium sign
2025-09-29,term_structure,backwardation,label,derived,,2026-08-27T09:48:42.174597,daily,C,Inferred from SHFE-COMEX gold premium sign
2025-09-30,term_structure,backwardation,label,derived,,2026-08-27T09:48:42.174597,daily,C,Inferred from SHFE-COMEX gold premium sign
2025-10-09,term_structure,backwardation,label,derived,,2026-08-27T09:48:42.174597,daily,C,Inferred from SHFE-COMEX gold premium sign
2025-10-10,term_structure,backwardation,label,derived,,2026-08-27T09:48:42.174597,daily,C,Inferred from SHFE-COMEX gold premium sign
2025-10-13,term_structure,backwardation,label,derived,,2026-08-27T09:48:42.174597,daily,C,Inferred from SHFE-COMEX gold premium sign
2025-10-14,term_structure,backwardation,label,derived,,2026-08-27T09:48:42.174597,daily,C,Inferred from SHFE-COMEX gold premium sign
2025-10-15,term_structure,backwardation,label,derived,,2026-08-27T09:48:42.174597,daily,C,Inferred from SHFE-COMEX gold premium sign
2025-10-16,term_structure,backwardation,label,derived,,2026-08-27T09:48:42.174597,daily,C,Inferred from SHFE-COMEX gold premium sign
2025-10-17,term_structure,backwardation,label,derived,,2026-08-27T09:48:42.174597,daily,C,Inferred from SHFE-COMEX gold premium sign
2025-10-20,term_structure,backwardation,label,derived,,2026-08-27T09:48:42.174597,daily,C,Inferred from SHFE-COMEX gold premium sign
2025-10-21,term_structure,backwardation,label,derived,,2026-08-27T09:48:42.174597,daily,C,Inferred from SHFE-COMEX gold premium sign
2025-10-22,term_structure,backwardation,label,derived,,2026-08-27T09:48:42.174597,daily,C,Inferred from SHFE-COMEX gold premium sign
2025-10-23,term_structure,backwardation,label,derived,,2026-08-27T09:48:42.174597,daily,C,Inferred from SHFE-COMEX gold premium sign
2025-10-24,term_structure,backwardation,label,derived,,2026-08-27T09:48:42.174597,daily,C,Inferred from SHFE-COMEX gold premium sign
2025-10-27,term_structure,backwardation,label,derived,,2026-08-27T09:48:42.174597,daily,C,Inferred from SHFE-COMEX gold premium sign
2025-10-28,term_structure,backwardation,label,derived,,2026-08-27T09:48:42.174597,daily,C,Inferred from SHFE-COMEX gold premium sign
2025-10-29,term_structure,backwardation,label,derived,,2026-08-27T09:48:42.174597,daily,C,Inferred from SHFE-COMEX gold premium sign
2025-10-30,term_structure,backwardation,label,derived,,2026-08-27T09:48:42.174597,daily,C,Inferred from SHFE-COMEX gold premium sign
2025-10-31,term_structure,backwardation,label,derived,,2026-08-27T09:48:42.174597,daily,C,Inferred from SHFE-COMEX gold premium sign
2025-11-03,term_structure,backwardation,label,derived,,2026-08-27T09:48:42.174597,daily,C,Inferred from SHFE-COMEX gold premium sign
2025-11-04,term_structure,backwardation,label,derived,,2026-08-27T09:48:42.174597,daily,C,Inferred from SHFE-COMEX gold premium sign
2025-11-05,term_structure,backwardation,label,derived,,2026-08-27T09:48:42.174597,daily,C,Inferred from SHFE-COMEX gold premium sign
2025-11-06,term_structure,backwardation,label,derived,,2026-08-27T09:48:42.174597,daily,C,Inferred from SHFE-COMEX gold premium sign
2025-11-07,term_structure,backwardation,label,derived,,2026-08-27T09:48:42.174597,daily,C,Inferred from SHFE-COMEX gold premium sign
2025-11-10,term_structure,backwardation,label,derived,,2026-08-27T09:48:42.174597,daily,C,Inferred from SHFE-COMEX gold premium sign
2025-11-11,term_structure,backwardation,label,derived,,2026-08-27T09:48:42.174597,daily,C,Inferred from SHFE-COMEX gold premium sign
2025-11-12,term_structure,backwardation,label,derived,,2026-08-27T09:48:42.174597,daily,C,Inferred from SHFE-COMEX gold premium sign
2025-11-13,term_structure,backwardation,label,derived,,2026-08-27T09:48:42.174597,daily,C,Inferred from SHFE-COMEX gold premium sign
2025-11-14,term_structure,backwardation,label,derived,,2026-08-27T09:48:42.174597,daily,C,Inferred from SHFE-COMEX gold premium sign
2025-11-17,term_structure,backwardation,label,derived,,2026-08-27T09:48:42.174597,daily,C,Inferred from SHFE-COMEX gold premium sign
2025-11-18,term_structure,backwardation,label,derived,,2026-08-27T09:48:42.174597,daily,C,Inferred from SHFE-COMEX gold premium sign
2025-11-19,term_structure,backwardation,label,derived,,2026-08-27T09:48:42.174597,daily,C,Inferred from SHFE-COMEX gold premium sign
2025-11-20,term_structure,backwardation,label,derived,,2026-08-27T09:48:42.174597,daily,C,Inferred from SHFE-COMEX gold premium sign
2025-11-21,term_structure,backwardation,label,derived,,2026-08-27T09:48:42.174597,daily,C,Inferred from SHFE-COMEX gold premium sign
2025-11-24,term_structure,backwardation,label,derived,,2026-08-27T09:48:42.174597,daily,C,Inferred from SHFE-COMEX gold premium sign
2025-11-25,term_structure,backwardation,label,derived,,2026-08-27T09:48:42.174597,daily,C,Inferred from SHFE-COMEX gold premium sign
2025-11-26,term_structure,backwardation,label,derived,,2026-08-27T09:48:42.174597,daily,C,Inferred from SHFE-COMEX gold premium sign
2025-11-27,term_structure,backwardation,label,derived,,2026-08-27T09:48:42.174597,daily,C,Inferred from SHFE-COMEX gold premium sign
2025-11-28,term_structure,backwardation,label,derived,,2026-08-27T09:48:42.174597,daily,C,Inferred from SHFE-COMEX gold premium sign
2025-12-01,term_structure,backwardation,label,derived,,2026-08-27T09:48:42.174597,daily,C,Inferred from SHFE-COMEX gold premium sign
2025-12-02,term_structure,backwardation,label,derived,,2026-08-27T09:48:42.174597,daily,C,Inferred from SHFE-COMEX gold premium sign
2025-12-03,term_structure,backwardation,label,derived,,2026-08-27T09:48:42.174597,daily,C,Inferred from SHFE-COMEX gold premium sign
2025-12-04,term_structure,backwardation,label,derived,,2026-08-27T09:48:42.174597,daily,C,Inferred from SHFE-COMEX gold premium sign
2025-12-05,term_structure,backwardation,label,derived,,2026-08-27T09:48:42.174597,daily,C,Inferred from SHFE-COMEX gold premium sign
2025-12-08,term_structure,backwardation,label,derived,,2026-08-27T09:48:42.174597,daily,C,Inferred from SHFE-COMEX gold premium sign
2025-12-09,term_structure,backwardation,label,derived,,2026-08-27T09:48:42.174597,daily,C,Inferred from SHFE-COMEX gold premium sign
2025-12-10,term_structure,backwardation,label,derived,,2026-08-27T09:48:42.174597,daily,C,Inferred from SHFE-COMEX gold premium sign
2025-12-11,term_structure,backwardation,label,derived,,2026-08-27T09:48:42.174597,daily,C,Inferred from SHFE-COMEX gold premium sign
2025-12-12,term_structure,backwardation,label,derived,,2026-08-27T09:48:42.174597,daily,C,Inferred from SHFE-COMEX gold premium sign
2025-12-15,term_structure,backwardation,label,derived,,2026-08-27T09:48:42.174597,daily,C,Inferred from SHFE-COMEX gold premium sign
2025-12-16,term_structure,backwardation,label,derived,,2026-08-27T09:48:42.174597,daily,C,Inferred from SHFE-COMEX gold premium sign
2025-12-17,term_structure,backwardation,label,derived,,2026-08-27T09:48:42.174597,daily,C,Inferred from SHFE-COMEX gold premium sign
2025-12-18,term_structure,backwardation,label,derived,,2026-08-27T09:48:42.174597,daily,C,Inferred from SHFE-COMEX gold premium sign
2025-12-19,term_structure,backwardation,label,derived,,2026-08-27T09:48:42.174597,daily,C,Inferred from SHFE-COMEX gold premium sign
2025-12-22,term_structure,backwardation,label,derived,,2026-08-27T09:48:42.174597,daily,C,Inferred from SHFE-COMEX gold premium sign
2025-12-23,term_structure,backwardation,label,derived,,2026-08-27T09:48:42.174597,daily,C,Inferred from SHFE-COMEX gold premium sign
2025-12-24,term_structure,backwardation,label,derived,,2026-08-27T09:48:42.174597,daily,C,Inferred from SHFE-COMEX gold premium sign
2025-12-25,term_structure,backwardation,label,derived,,2026-08-27T09:48:42.174597,daily,C,Inferred from SHFE-COMEX gold premium sign
2025-12-26,term_structure,backwardation,label,derived,,2026-08-27T09:48:42.174597,daily,C,Inferred from SHFE-COMEX gold premium sign
2025-12-29,term_structure,backwardation,label,derived,,2026-08-27T09:48:42.174597,daily,C,Inferred from SHFE-COMEX gold premium sign
2025-12-30,term_structure,backwardation,label,derived,,2026-08-27T09:48:42.174597,daily,C,Inferred from SHFE-COMEX gold premium sign
2025-12-31,term_structure,backwardation,label,derived,,2026-08-27T09:48:42.174597,daily,C,Inferred from SHFE-COMEX gold premium sign
2026-01-05,term_structure,backwardation,label,derived,,2026-08-27T09:48:42.174597,daily,C,Inferred from SHFE-COMEX gold premium sign
2026-01-06,term_structure,backwardation,label,derived,,2026-08-27T09:48:42.174597,daily,C,Inferred from SHFE-COMEX gold premium sign
2026-01-07,term_structure,backwardation,label,derived,,2026-08-27T09:48:42.174597,daily,C,Inferred from SHFE-COMEX gold premium sign
2026-01-08,term_structure,backwardation,label,derived,,2026-08-27T09:48:42.174597,daily,C,Inferred from SHFE-COMEX gold premium sign
2026-01-09,term_structure,backwardation,label,derived,,2026-08-27T09:48:42.174597,daily,C,Inferred from SHFE-COMEX gold premium sign
2026-01-12,term_structure,backwardation,label,derived,,2026-08-27T09:48:42.174597,daily,C,Inferred from SHFE-COMEX gold premium sign
2026-01-13,term_structure,backwardation,label,derived,,2026-08-27T09:48:42.174597,daily,C,Inferred from SHFE-COMEX gold premium sign
2026-01-14,term_structure,backwardation,label,derived,,2026-08-27T09:48:42.174597,daily,C,Inferred from SHFE-COMEX gold premium sign
2026-01-15,term_structure,backwardation,label,derived,,2026-08-27T09:48:42.174597,daily,C,Inferred from SHFE-COMEX gold premium sign
2026-01-16,term_structure,backwardation,label,derived,,2026-08-27T09:48:42.174597,daily,C,Inferred from SHFE-COMEX gold premium sign
2026-01-19,term_structure,backwardation,label,derived,,2026-08-27T09:48:42.174597,daily,C,Inferred from SHFE-COMEX gold premium sign
2026-01-20,term_structure,backwardation,label,derived,,2026-08-27T09:48:42.174597,daily,C,Inferred from SHFE-COMEX gold premium sign
2026-01-21,term_structure,backwardation,label,derived,,2026-08-27T09:48:42.174597,daily,C,Inferred from SHFE-COMEX gold premium sign
2026-01-22,term_structure,backwardation,label,derived,,2026-08-27T09:48:42.174597,daily,C,Inferred from SHFE-COMEX gold premium sign
2026-01-23,term_structure,backwardation,label,derived,,2026-08-27T09:48:42.174597,daily,C,Inferred from SHFE-COMEX gold premium sign
2026-01-26,term_structure,backwardation,label,derived,,2026-08-27T09:48:42.174597,daily,C,Inferred from SHFE-COMEX gold premium sign
2026-01-27,term_structure,backwardation,label,derived,,2026-08-27T09:48:42.174597,daily,C,Inferred from SHFE-COMEX gold premium sign
2026-01-28,term_structure,backwardation,label,derived,,2026-08-27T09:48:42.174597,daily,C,Inferred from SHFE-COMEX gold premium sign
2026-01-29,term_structure,backwardation,label,derived,,2026-08-27T09:48:42.174597,daily,C,Inferred from SHFE-COMEX gold premium sign
2026-01-30,term_structure,backwardation,label,derived,,2026-08-27T09:48:42.174597,daily,C,Inferred from SHFE-COMEX gold premium sign
2026-02-02,term_structure,backwardation,label,derived,,2026-08-27T09:48:42.174597,daily,C,Inferred from SHFE-COMEX gold premium sign
2026-02-03,term_structure,backwardation,label,derived,,2026-08-27T09:48:42.174597,daily,C,Inferred from SHFE-COMEX gold premium sign
2026-02-04,term_structure,backwardation,label,derived,,2026-08-27T09:48:42.174597,daily,C,Inferred from SHFE-COMEX gold premium sign
2026-02-05,term_structure,backwardation,label,derived,,2026-08-27T09:48:42.174597,daily,C,Inferred from SHFE-COMEX gold premium sign
2026-02-06,term_structure,backwardation,label,derived,,2026-08-27T09:48:42.174597,daily,C,Inferred from SHFE-COMEX gold premium sign
2026-02-09,term_structure,backwardation,label,derived,,2026-08-27T09:48:42.174597,daily,C,Inferred from SHFE-COMEX gold premium sign
2026-02-10,term_structure,backwardation,label,derived,,2026-08-27T09:48:42.174597,daily,C,Inferred from SHFE-COMEX gold premium sign
2026-02-11,term_structure,backwardation,label,derived,,2026-08-27T09:48:42.174597,daily,C,Inferred from SHFE-COMEX gold premium sign
2026-02-12,term_structure,backwardation,label,derived,,2026-08-27T09:48:42.174597,daily,C,Inferred from SHFE-COMEX gold premium sign
2026-02-13,term_structure,backwardation,label,derived,,2026-08-27T09:48:42.174597,daily,C,Inferred from SHFE-COMEX gold premium sign
2026-02-24,term_structure,backwardation,label,derived,,2026-08-27T09:48:42.174597,daily,C,Inferred from SHFE-COMEX gold premium sign
2026-02-25,term_structure,backwardation,label,derived,,2026-08-27T09:48:42.174597,daily,C,Inferred from SHFE-COMEX gold premium sign
2026-02-26,term_structure,backwardation,label,derived,,2026-08-27T09:48:42.174597,daily,C,Inferred from SHFE-COMEX gold premium sign
2026-02-27,term_structure,backwardation,label,derived,,2026-08-27T09:48:42.174597,daily,C,Inferred from SHFE-COMEX gold premium sign
2026-03-02,term_structure,backwardation,label,derived,,2026-08-27T09:48:42.174597,daily,C,Inferred from SHFE-COMEX gold premium sign
2026-03-03,term_structure,backwardation,label,derived,,2026-08-27T09:48:42.174597,daily,C,Inferred from SHFE-COMEX gold premium sign
2026-03-04,term_structure,backwardation,label,derived,,2026-08-27T09:48:42.174597,daily,C,Inferred from SHFE-COMEX gold premium sign
2026-03-05,term_structure,backwardation,label,derived,,2026-08-27T09:48:42.174597,daily,C,Inferred from SHFE-COMEX gold premium sign
2026-03-06,term_structure,backwardation,label,derived,,2026-08-27T09:48:42.174597,daily,C,Inferred from SHFE-COMEX gold premium sign
2026-03-09,term_structure,backwardation,label,derived,,2026-08-27T09:48:42.174597,daily,C,Inferred from SHFE-COMEX gold premium sign
2026-03-10,term_structure,backwardation,label,derived,,2026-08-27T09:48:42.174597,daily,C,Inferred from SHFE-COMEX gold premium sign
2026-03-11,term_structure,backwardation,label,derived,,2026-08-27T09:48:42.174597,daily,C,Inferred from SHFE-COMEX gold premium sign
2026-03-12,term_structure,backwardation,label,derived,,2026-08-27T09:48:42.174597,daily,C,Inferred from SHFE-COMEX gold premium sign
2026-03-13,term_structure,backwardation,label,derived,,2026-08-27T09:48:42.174597,daily,C,Inferred from SHFE-COMEX gold premium sign
2026-03-16,term_structure,backwardation,label,derived,,2026-08-27T09:48:42.174597,daily,C,Inferred from SHFE-COMEX gold premium sign
2026-03-17,term_structure,backwardation,label,derived,,2026-08-27T09:48:42.174597,daily,C,Inferred from SHFE-COMEX gold premium sign
2026-03-18,term_structure,backwardation,label,derived,,2026-08-27T09:48:42.174597,daily,C,Inferred from SHFE-COMEX gold premium sign
2026-03-19,term_structure,backwardation,label,derived,,2026-08-27T09:48:42.174597,daily,C,Inferred from SHFE-COMEX gold premium sign
2026-03-20,term_structure,backwardation,label,derived,,2026-08-27T09:48:42.174597,daily,C,Inferred from SHFE-COMEX gold premium sign
2026-03-23,term_structure,contango,label,derived,,2026-08-27T09:48:42.174597,daily,C,Inferred from SHFE-COMEX gold premium sign
2026-03-24,term_structure,backwardation,label,derived,,2026-08-27T09:48:42.174597,daily,C,Inferred from SHFE-COMEX gold premium sign
2026-03-25,term_structure,backwardation,label,derived,,2026-08-27T09:48:42.174597,daily,C,Inferred from SHFE-COMEX gold premium sign
2026-03-26,term_structure,backwardation,label,derived,,2026-08-27T09:48:42.174597,daily,C,Inferred from SHFE-COMEX gold premium sign
2026-03-27,term_structure,backwardation,label,derived,,2026-08-27T09:48:42.174597,daily,C,Inferred from SHFE-COMEX gold premium sign
2026-03-30,term_structure,backwardation,label,derived,,2026-08-27T09:48:42.174597,daily,C,Inferred from SHFE-COMEX gold premium sign
2026-03-31,term_structure,backwardation,label,derived,,2026-08-27T09:48:42.174597,daily,C,Inferred from SHFE-COMEX gold premium sign
2026-04-01,term_structure,backwardation,label,derived,,2026-08-27T09:48:42.174597,daily,C,Inferred from SHFE-COMEX gold premium sign
2026-04-02,term_structure,backwardation,label,derived,,2026-08-27T09:48:42.174597,daily,C,Inferred from SHFE-COMEX gold premium sign
2026-04-03,term_structure,backwardation,label,derived,,2026-08-27T09:48:42.174597,daily,C,Inferred from SHFE-COMEX gold premium sign
2026-04-07,term_structure,backwardation,label,derived,,2026-08-27T09:48:42.174597,daily,C,Inferred from SHFE-COMEX gold premium sign
2026-04-08,term_structure,backwardation,label,derived,,2026-08-27T09:48:42.174597,daily,C,Inferred from SHFE-COMEX gold premium sign
2026-04-09,term_structure,backwardation,label,derived,,2026-08-27T09:48:42.174597,daily,C,Inferred from SHFE-COMEX gold premium sign
2026-04-10,term_structure,backwardation,label,derived,,2026-08-27T09:48:42.174597,daily,C,Inferred from SHFE-COMEX gold premium sign
2026-04-13,term_structure,backwardation,label,derived,,2026-08-27T09:48:42.174597,daily,C,Inferred from SHFE-COMEX gold premium sign
2026-04-14,term_structure,backwardation,label,derived,,2026-08-27T09:48:42.174597,daily,C,Inferred from SHFE-COMEX gold premium sign
2026-04-15,term_structure,backwardation,label,derived,,2026-08-27T09:48:42.174597,daily,C,Inferred from SHFE-COMEX gold premium sign
2026-04-16,term_structure,backwardation,label,derived,,2026-08-27T09:48:42.174597,daily,C,Inferred from SHFE-COMEX gold premium sign
2026-04-17,term_structure,backwardation,label,derived,,2026-08-27T09:48:42.174597,daily,C,Inferred from SHFE-COMEX gold premium sign
2026-04-20,term_structure,backwardation,label,derived,,2026-08-27T09:48:42.174597,daily,C,Inferred from SHFE-COMEX gold premium sign
2026-04-21,term_structure,backwardation,label,derived,,2026-08-27T09:48:42.174597,daily,C,Inferred from SHFE-COMEX gold premium sign
2026-04-22,term_structure,backwardation,label,derived,,2026-08-27T09:48:42.174597,daily,C,Inferred from SHFE-COMEX gold premium sign
2026-04-23,term_structure,backwardation,label,derived,,2026-08-27T09:48:42.174597,daily,C,Inferred from SHFE-COMEX gold premium sign
2026-04-24,term_structure,backwardation,label,derived,,2026-08-27T09:48:42.174597,daily,C,Inferred from SHFE-COMEX gold premium sign
2026-04-27,term_structure,backwardation,label,derived,,2026-08-27T09:48:42.174597,daily,C,Inferred from SHFE-COMEX gold premium sign
2026-04-28,term_structure,backwardation,label,derived,,2026-08-27T09:48:42.174597,daily,C,Inferred from SHFE-COMEX gold premium sign
2026-04-29,term_structure,backwardation,label,derived,,2026-08-27T09:48:42.174597,daily,C,Inferred from SHFE-COMEX gold premium sign
2026-04-30,term_structure,backwardation,label,derived,,2026-08-27T09:48:42.174597,daily,C,Inferred from SHFE-COMEX gold premium sign
2026-05-06,term_structure,backwardation,label,derived,,2026-08-27T09:48:42.174597,daily,C,Inferred from SHFE-COMEX gold premium sign
2026-05-07,term_structure,backwardation,label,derived,,2026-08-27T09:48:42.174597,daily,C,Inferred from SHFE-COMEX gold premium sign
2026-05-08,term_structure,backwardation,label,derived,,2026-08-27T09:48:42.174597,daily,C,Inferred from SHFE-COMEX gold premium sign
2026-05-11,term_structure,backwardation,label,derived,,2026-08-27T09:48:42.174597,daily,C,Inferred from SHFE-COMEX gold premium sign
2026-05-12,term_structure,backwardation,label,derived,,2026-08-27T09:48:42.174597,daily,C,Inferred from SHFE-COMEX gold premium sign
2026-05-13,term_structure,backwardation,label,derived,,2026-08-27T09:48:42.174597,daily,C,Inferred from SHFE-COMEX gold premium sign
2026-05-14,term_structure,backwardation,label,derived,,2026-08-27T09:48:42.174597,daily,C,Inferred from SHFE-COMEX gold premium sign
2026-05-15,term_structure,backwardation,label,derived,,2026-08-27T09:48:42.174597,daily,C,Inferred from SHFE-COMEX gold premium sign
2026-05-18,term_structure,backwardation,label,derived,,2026-08-27T09:48:42.174597,daily,C,Inferred from SHFE-COMEX gold premium sign
2026-05-19,term_structure,backwardation,label,derived,,2026-08-27T09:48:42.174597,daily,C,Inferred from SHFE-COMEX gold premium sign
2026-05-20,term_structure,backwardation,label,derived,,2026-08-27T09:48:42.174597,daily,C,Inferred from SHFE-COMEX gold premium sign
2026-05-21,term_structure,backwardation,label,derived,,2026-08-27T09:48:42.174597,daily,C,Inferred from SHFE-COMEX gold premium sign
2026-05-22,term_structure,backwardation,label,derived,,2026-08-27T09:48:42.174597,daily,C,Inferred from SHFE-COMEX gold premium sign
2026-05-25,term_structure,backwardation,label,derived,,2026-08-27T09:48:42.174597,daily,C,Inferred from SHFE-COMEX gold premium sign
2026-05-26,term_structure,backwardation,label,derived,,2026-08-27T09:48:42.174597,daily,C,Inferred from SHFE-COMEX gold premium sign
2026-05-27,term_structure,backwardation,label,derived,,2026-08-27T09:48:42.174597,daily,C,Inferred from SHFE-COMEX gold premium sign
2026-05-28,term_structure,contango,label,derived,,2026-08-27T09:48:42.174597,daily,C,Inferred from SHFE-COMEX gold premium sign
2026-05-29,term_structure,backwardation,label,derived,,2026-08-27T09:48:42.174597,daily,C,Inferred from SHFE-COMEX gold premium sign
2026-06-01,term_structure,backwardation,label,derived,,2026-08-27T09:48:42.174597,daily,C,Inferred from SHFE-COMEX gold premium sign
2026-06-02,term_structure,backwardation,label,derived,,2026-08-27T09:48:42.174597,daily,C,Inferred from SHFE-COMEX gold premium sign
2026-06-03,term_structure,backwardation,label,derived,,2026-08-27T09:48:42.174597,daily,C,Inferred from SHFE-COMEX gold premium sign
2026-06-04,term_structure,backwardation,label,derived,,2026-08-27T09:48:42.174597,daily,C,Inferred from SHFE-COMEX gold premium sign
2026-06-05,term_structure,backwardation,label,derived,,2026-08-27T09:48:42.174597,daily,C,Inferred from SHFE-COMEX gold premium sign
2026-06-08,term_structure,backwardation,label,derived,,2026-08-27T09:48:42.174597,daily,C,Inferred from SHFE-COMEX gold premium sign
2026-06-09,term_structure,backwardation,label,derived,,2026-08-27T09:48:42.174597,daily,C,Inferred from SHFE-COMEX gold premium sign
2026-06-10,term_structure,backwardation,label,derived,,2026-08-27T09:48:42.174597,daily,C,Inferred from SHFE-COMEX gold premium sign
2026-06-11,term_structure,backwardation,label,derived,,2026-08-27T09:48:42.174597,daily,C,Inferred from SHFE-COMEX gold premium sign
2026-06-12,term_structure,backwardation,label,derived,,2026-08-27T09:48:42.174597,daily,C,Inferred from SHFE-COMEX gold premium sign
2026-06-15,term_structure,backwardation,label,derived,,2026-08-27T09:48:42.174597,daily,C,Inferred from SHFE-COMEX gold premium sign
2026-06-16,term_structure,backwardation,label,derived,,2026-08-27T09:48:42.174597,daily,C,Inferred from SHFE-COMEX gold premium sign
2026-06-17,term_structure,backwardation,label,derived,,2026-08-27T09:48:42.174597,daily,C,Inferred from SHFE-COMEX gold premium sign
2026-06-18,term_structure,backwardation,label,derived,,2026-08-27T09:48:42.174597,daily,C,Inferred from SHFE-COMEX gold premium sign
2026-06-22,term_structure,backwardation,label,derived,,2026-08-27T09:48:42.174597,daily,C,Inferred from SHFE-COMEX gold premium sign
2026-06-23,term_structure,backwardation,label,derived,,2026-08-27T09:48:42.174597,daily,C,Inferred from SHFE-COMEX gold premium sign
2026-06-24,term_structure,backwardation,label,derived,,2026-08-27T09:48:42.174597,daily,C,Inferred from SHFE-COMEX gold premium sign
2026-06-25,term_structure,backwardation,label,derived,,2026-08-27T09:48:42.174597,daily,C,Inferred from SHFE-COMEX gold premium sign
2026-06-26,term_structure,backwardation,label,derived,,2026-08-27T09:48:42.174597,daily,C,Inferred from SHFE-COMEX gold premium sign
2026-06-29,term_structure,backwardation,label,derived,,2026-08-27T09:48:42.174597,daily,C,Inferred from SHFE-COMEX gold premium sign
2026-06-30,term_structure,backwardation,label,derived,,2026-08-27T09:48:42.174597,daily,C,Inferred from SHFE-COMEX gold premium sign
2026-07-01,term_structure,contango,label,derived,,2026-08-27T09:48:42.174597,daily,C,Inferred from SHFE-COMEX gold premium sign
2026-07-02,term_structure,backwardation,label,derived,,2026-08-27T09:48:42.174597,daily,C,Inferred from SHFE-COMEX gold premium sign
2026-07-03,term_structure,backwardation,label,derived,,2026-08-27T09:48:42.174597,daily,C,Inferred from SHFE-COMEX gold premium sign
2026-07-06,term_structure,backwardation,label,derived,,2026-08-27T09:48:42.174597,daily,C,Inferred from SHFE-COMEX gold premium sign
2026-07-07,term_structure,backwardation,label,derived,,2026-08-27T09:48:42.174597,daily,C,Inferred from SHFE-COMEX gold premium sign
2026-07-08,term_structure,backwardation,label,derived,,2026-08-27T09:48:42.174597,daily,C,Inferred from SHFE-COMEX gold premium sign
2026-07-09,term_structure,backwardation,label,derived,,2026-08-27T09:48:42.174597,daily,C,Inferred from SHFE-COMEX gold premium sign
2026-07-10,term_structure,backwardation,label,derived,,2026-08-27T09:48:42.174597,daily,C,Inferred from SHFE-COMEX gold premium sign
2026-07-13,term_structure,backwardation,label,derived,,2026-08-27T09:48:42.174597,daily,C,Inferred from SHFE-COMEX gold premium sign
2026-07-14,term_structure,backwardation,label,derived,,2026-08-27T09:48:42.174597,daily,C,Inferred from SHFE-COMEX gold premium sign
2026-07-15,term_structure,backwardation,label,derived,,2026-08-27T09:48:42.174597,daily,C,Inferred from SHFE-COMEX gold premium sign
2026-07-16,term_structure,backwardation,label,derived,,2026-08-27T09:48:42.174597,daily,C,Inferred from SHFE-COMEX gold premium sign
2026-07-17,term_structure,backwardation,label,derived,,2026-08-27T09:48:42.174597,daily,C,Inferred from SHFE-COMEX gold premium sign
2026-07-20,term_structure,backwardation,label,derived,,2026-08-27T09:48:42.174597,daily,C,Inferred from SHFE-COMEX gold premium sign
2026-07-21,term_structure,backwardation,label,derived,,2026-08-27T09:48:42.174597,daily,C,Inferred from SHFE-COMEX gold premium sign
2026-07-22,term_structure,backwardation,label,derived,,2026-08-27T09:48:42.174597,daily,C,Inferred from SHFE-COMEX gold premium sign
2026-07-23,term_structure,backwardation,label,derived,,2026-08-27T09:48:42.174597,daily,C,Inferred from SHFE-COMEX gold premium sign
2026-07-24,term_structure,backwardation,label,derived,,2026-08-27T09:48:42.174597,daily,C,Inferred from SHFE-COMEX gold premium sign
2026-07-27,term_structure,backwardation,label,derived,,2026-08-27T09:48:42.174597,daily,C,Inferred from SHFE-COMEX gold premium sign
2026-07-28,term_structure,backwardation,label,derived,,2026-08-27T09:48:42.174597,daily,C,Inferred from SHFE-COMEX gold premium sign
2026-07-29,term_structure,backwardation,label,derived,,2026-08-27T09:48:42.174597,daily,C,Inferred from SHFE-COMEX gold premium sign
2026-07-30,term_structure,contango,label,derived,,2026-08-27T09:48:42.174597,daily,C,Inferred from SHFE-COMEX gold premium sign
2026-07-31,term_structure,backwardation,label,derived,,2026-08-27T09:48:42.174597,daily,C,Inferred from SHFE-COMEX gold premium sign
2026-08-03,term_structure,backwardation,label,derived,,2026-08-27T09:48:42.174597,daily,C,Inferred from SHFE-COMEX gold premium sign
2026-08-04,term_structure,backwardation,label,derived,,2026-08-27T09:48:42.174597,daily,C,Inferred from SHFE-COMEX gold premium sign
2026-08-05,term_structure,contango,label,derived,,2026-08-27T09:48:42.174597,daily,C,Inferred from SHFE-COMEX gold premium sign
2026-08-06,term_structure,backwardation,label,derived,,2026-08-27T09:48:42.174597,daily,C,Inferred from SHFE-COMEX gold premium sign
2026-08-07,term_structure,contango,label,derived,,2026-08-27T09:48:42.174597,daily,C,Inferred from SHFE-COMEX gold premium sign
2026-08-10,term_structure,backwardation,label,derived,,2026-08-27T09:48:42.174597,daily,C,Inferred from SHFE-COMEX gold premium sign
2026-08-11,term_structure,backwardation,label,derived,,2026-08-27T09:48:42.174597,daily,C,Inferred from SHFE-COMEX gold premium sign
2026-08-12,term_structure,backwardation,label,derived,,2026-08-27T09:48:42.174597,daily,C,Inferred from SHFE-COMEX gold premium sign
2026-08-13,term_structure,backwardation,label,derived,,2026-08-27T09:48:42.174597,daily,C,Inferred from SHFE-COMEX gold premium sign
2026-08-14,term_structure,contango,label,derived,,2026-08-27T09:48:42.174597,daily,C,Inferred from SHFE-COMEX gold premium sign
2026-08-17,term_structure,backwardation,label,derived,,2026-08-27T09:48:42.174597,daily,C,Inferred from SHFE-COMEX gold premium sign
2026-08-18,term_structure,backwardation,label,derived,,2026-08-27T09:48:42.174597,daily,C,Inferred from SHFE-COMEX gold premium sign
2026-08-19,term_structure,contango,label,derived,,2026-08-27T09:48:42.174597,daily,C,Inferred from SHFE-COMEX gold premium sign
2026-08-20,term_structure,contango,label,derived,,2026-08-27T09:48:42.174597,daily,C,Inferred from SHFE-COMEX gold premium sign
2026-08-21,term_structure,contango,label,derived,,2026-08-27T09:48:42.174597,daily,C,Inferred from SHFE-COMEX gold premium sign
2026-08-24,term_structure,backwardation,label,derived,,2026-08-27T09:48:42.174597,daily,C,Inferred from SHFE-COMEX gold premium sign
2026-08-25,term_structure,backwardation,label,derived,,2026-08-27T09:48:42.174597,daily,C,Inferred from SHFE-COMEX gold premium sign
2026-08-26,term_structure,contango,label,derived,,2026-08-27T09:48:42.174597,daily,C,Inferred from SHFE-COMEX gold premium sign
2025-05-27,us_10y_real_rate,2.11,pct,FRED,https://fred.stlouisfed.org/series/DFII10,2026-07-01T21:05:19.038605,daily,A,
2025-05-28,us_10y_real_rate,2.15,pct,FRED,https://fred.stlouisfed.org/series/DFII10,2026-07-02T02:44:46.505418,daily,A,
2025-05-29,us_10y_real_rate,2.11,pct,FRED,https://fred.stlouisfed.org/series/DFII10,2026-07-03T08:41:02.376661,daily,A,
2025-05-30,us_10y_real_rate,2.07,pct,FRED,https://fred.stlouisfed.org/series/DFII10,2026-07-04T00:04:15.883139,daily,A,
2025-06-02,us_10y_real_rate,2.13,pct,FRED,https://fred.stlouisfed.org/series/DFII10,2026-07-07T00:05:07.500200,daily,A,
2025-06-03,us_10y_real_rate,2.14,pct,FRED,https://fred.stlouisfed.org/series/DFII10,2026-07-08T00:02:23.279543,daily,A,
2025-06-04,us_10y_real_rate,2.06,pct,FRED,https://fred.stlouisfed.org/series/DFII10,2026-07-09T00:04:44.310525,daily,A,
2025-06-05,us_10y_real_rate,2.11,pct,FRED,https://fred.stlouisfed.org/series/DFII10,2026-07-10T00:03:41.172975,daily,A,
2025-06-06,us_10y_real_rate,2.2,pct,FRED,https://fred.stlouisfed.org/series/DFII10,2026-07-11T00:04:58.789638,daily,A,
2025-06-09,us_10y_real_rate,2.18,pct,FRED,https://fred.stlouisfed.org/series/DFII10,2026-07-14T00:03:00.258556,daily,A,
2025-06-10,us_10y_real_rate,2.18,pct,FRED,https://fred.stlouisfed.org/series/DFII10,2026-07-15T00:05:05.601612,daily,A,
2025-06-11,us_10y_real_rate,2.14,pct,FRED,https://fred.stlouisfed.org/series/DFII10,2026-07-16T08:19:10.525698,daily,A,
2025-06-12,us_10y_real_rate,2.11,pct,FRED,https://fred.stlouisfed.org/series/DFII10,2026-07-17T08:35:23.641580,daily,A,
2025-06-13,us_10y_real_rate,2.13,pct,FRED,https://fred.stlouisfed.org/series/DFII10,2026-07-18T00:03:15.615580,daily,A,
2025-06-16,us_10y_real_rate,2.16,pct,FRED,https://fred.stlouisfed.org/series/DFII10,2026-07-21T00:04:26.649064,daily,A,
2025-06-17,us_10y_real_rate,2.08,pct,FRED,https://fred.stlouisfed.org/series/DFII10,2026-07-22T00:05:00.453011,daily,A,
2025-06-18,us_10y_real_rate,2.07,pct,FRED,https://fred.stlouisfed.org/series/DFII10,2026-07-23T00:07:59.492417,daily,A,
2025-06-20,us_10y_real_rate,2.05,pct,FRED,https://fred.stlouisfed.org/series/DFII10,2026-07-25T00:03:07.467193,daily,A,
2025-06-23,us_10y_real_rate,2.04,pct,FRED,https://fred.stlouisfed.org/series/DFII10,2026-07-28T00:03:08.535757,daily,A,
2025-06-24,us_10y_real_rate,2.01,pct,FRED,https://fred.stlouisfed.org/series/DFII10,2026-07-29T00:04:19.404676,daily,A,
2025-06-25,us_10y_real_rate,2.01,pct,FRED,https://fred.stlouisfed.org/series/DFII10,2026-07-30T00:05:52.112283,daily,A,
2025-06-26,us_10y_real_rate,1.98,pct,FRED,https://fred.stlouisfed.org/series/DFII10,2026-07-31T08:47:46.871546,daily,A,
2025-06-27,us_10y_real_rate,2.0,pct,FRED,https://fred.stlouisfed.org/series/DFII10,2026-08-01T00:07:15.002623,daily,A,
2025-06-30,us_10y_real_rate,1.95,pct,FRED,https://fred.stlouisfed.org/series/DFII10,2026-08-04T00:03:13.074682,daily,A,
2025-07-01,us_10y_real_rate,1.97,pct,FRED,https://fred.stlouisfed.org/series/DFII10,2026-08-05T00:05:04.647875,daily,A,
2025-07-02,us_10y_real_rate,2.0,pct,FRED,https://fred.stlouisfed.org/series/DFII10,2026-08-06T08:59:06.840013,daily,A,
2025-07-03,us_10y_real_rate,2.02,pct,FRED,https://fred.stlouisfed.org/series/DFII10,2026-08-07T00:05:43.781462,daily,A,
2025-07-07,us_10y_real_rate,2.05,pct,FRED,https://fred.stlouisfed.org/series/DFII10,2026-08-11T00:07:16.445408,daily,A,
2025-07-08,us_10y_real_rate,2.07,pct,FRED,https://fred.stlouisfed.org/series/DFII10,2026-08-12T00:01:36.922642,daily,A,
2025-07-09,us_10y_real_rate,2.01,pct,FRED,https://fred.stlouisfed.org/series/DFII10,2026-08-13T09:14:31.379865,daily,A,
2025-07-10,us_10y_real_rate,2.01,pct,FRED,https://fred.stlouisfed.org/series/DFII10,2026-08-14T00:03:33.226695,daily,A,
2025-07-11,us_10y_real_rate,2.06,pct,FRED,https://fred.stlouisfed.org/series/DFII10,2026-08-15T00:03:57.188254,daily,A,
2025-07-14,us_10y_real_rate,2.04,pct,FRED,https://fred.stlouisfed.org/series/DFII10,2026-08-17T00:06:11.588732,daily,A,
2025-07-15,us_10y_real_rate,2.09,pct,FRED,https://fred.stlouisfed.org/series/DFII10,2026-08-17T00:06:11.588784,daily,A,
2025-07-16,us_10y_real_rate,2.05,pct,FRED,https://fred.stlouisfed.org/series/DFII10,2026-08-20T08:38:01.555336,daily,A,
2025-07-17,us_10y_real_rate,2.04,pct,FRED,https://fred.stlouisfed.org/series/DFII10,2026-08-21T00:03:51.305203,daily,A,
2025-07-18,us_10y_real_rate,2.03,pct,FRED,https://fred.stlouisfed.org/series/DFII10,2026-08-22T00:05:59.445839,daily,A,
2025-07-21,us_10y_real_rate,1.98,pct,FRED,https://fred.stlouisfed.org/series/DFII10,2026-08-25T08:47:51.041604,daily,A,
2025-07-22,us_10y_real_rate,1.96,pct,FRED,https://fred.stlouisfed.org/series/DFII10,2026-08-25T08:47:51.042604,daily,A,
2025-07-23,us_10y_real_rate,2.03,pct,FRED,https://fred.stlouisfed.org/series/DFII10,2026-08-27T09:48:29.980128,daily,A,
2025-07-24,us_10y_real_rate,1.98,pct,FRED,https://fred.stlouisfed.org/series/DFII10,2026-08-27T09:48:29.981128,daily,A,
2025-07-25,us_10y_real_rate,1.96,pct,FRED,https://fred.stlouisfed.org/series/DFII10,2026-08-27T09:48:29.981128,daily,A,
2025-07-28,us_10y_real_rate,1.98,pct,FRED,https://fred.stlouisfed.org/series/DFII10,2026-08-27T09:48:29.982130,daily,A,
2025-07-29,us_10y_real_rate,1.91,pct,FRED,https://fred.stlouisfed.org/series/DFII10,2026-08-27T09:48:29.983130,daily,A,
2025-07-30,us_10y_real_rate,1.96,pct,FRED,https://fred.stlouisfed.org/series/DFII10,2026-08-27T09:48:29.983130,daily,A,
2025-07-31,us_10y_real_rate,1.98,pct,FRED,https://fred.stlouisfed.org/series/DFII10,2026-08-27T09:48:29.984128,daily,A,
2025-08-01,us_10y_real_rate,1.9,pct,FRED,https://fred.stlouisfed.org/series/DFII10,2026-08-27T09:48:29.984128,daily,A,
2025-08-04,us_10y_real_rate,1.85,pct,FRED,https://fred.stlouisfed.org/series/DFII10,2026-08-27T09:48:29.985129,daily,A,
2025-08-05,us_10y_real_rate,1.86,pct,FRED,https://fred.stlouisfed.org/series/DFII10,2026-08-27T09:48:29.986128,daily,A,
2025-08-06,us_10y_real_rate,1.88,pct,FRED,https://fred.stlouisfed.org/series/DFII10,2026-08-27T09:48:29.986128,daily,A,
2025-08-07,us_10y_real_rate,1.88,pct,FRED,https://fred.stlouisfed.org/series/DFII10,2026-08-27T09:48:29.987128,daily,A,
2025-08-08,us_10y_real_rate,1.88,pct,FRED,https://fred.stlouisfed.org/series/DFII10,2026-08-27T09:48:29.988137,daily,A,
2025-08-11,us_10y_real_rate,1.87,pct,FRED,https://fred.stlouisfed.org/series/DFII10,2026-08-27T09:48:29.988137,daily,A,
2025-08-12,us_10y_real_rate,1.91,pct,FRED,https://fred.stlouisfed.org/series/DFII10,2026-08-27T09:48:29.989132,daily,A,
2025-08-13,us_10y_real_rate,1.87,pct,FRED,https://fred.stlouisfed.org/series/DFII10,2026-08-27T09:48:29.990130,daily,A,
2025-08-14,us_10y_real_rate,1.9,pct,FRED,https://fred.stlouisfed.org/series/DFII10,2026-08-27T09:48:29.990130,daily,A,
2025-08-15,us_10y_real_rate,1.95,pct,FRED,https://fred.stlouisfed.org/series/DFII10,2026-08-27T09:48:29.991129,daily,A,
2025-08-18,us_10y_real_rate,1.96,pct,FRED,https://fred.stlouisfed.org/series/DFII10,2026-08-27T09:48:29.992128,daily,A,
2025-08-19,us_10y_real_rate,1.95,pct,FRED,https://fred.stlouisfed.org/series/DFII10,2026-08-27T09:48:29.992128,daily,A,
2025-08-20,us_10y_real_rate,1.94,pct,FRED,https://fred.stlouisfed.org/series/DFII10,2026-08-27T09:48:29.993128,daily,A,
2025-08-21,us_10y_real_rate,1.94,pct,FRED,https://fred.stlouisfed.org/series/DFII10,2026-08-27T09:48:29.993128,daily,A,
2025-08-22,us_10y_real_rate,1.85,pct,FRED,https://fred.stlouisfed.org/series/DFII10,2026-08-27T09:48:29.994128,daily,A,
2025-08-25,us_10y_real_rate,1.87,pct,FRED,https://fred.stlouisfed.org/series/DFII10,2026-08-27T09:48:29.995129,daily,A,
2025-08-26,us_10y_real_rate,1.84,pct,FRED,https://fred.stlouisfed.org/series/DFII10,2026-08-27T09:48:29.995129,daily,A,
2025-08-27,us_10y_real_rate,1.81,pct,FRED,https://fred.stlouisfed.org/series/DFII10,2026-08-27T09:48:29.996128,daily,A,
2025-08-28,us_10y_real_rate,1.81,pct,FRED,https://fred.stlouisfed.org/series/DFII10,2026-08-27T09:48:29.996128,daily,A,
2025-08-29,us_10y_real_rate,1.82,pct,FRED,https://fred.stlouisfed.org/series/DFII10,2026-08-27T09:48:29.997128,daily,A,
2025-09-02,us_10y_real_rate,1.87,pct,FRED,https://fred.stlouisfed.org/series/DFII10,2026-08-27T09:48:29.998128,daily,A,
2025-09-03,us_10y_real_rate,1.82,pct,FRED,https://fred.stlouisfed.org/series/DFII10,2026-08-27T09:48:29.998128,daily,A,
2025-09-04,us_10y_real_rate,1.79,pct,FRED,https://fred.stlouisfed.org/series/DFII10,2026-08-27T09:48:29.999129,daily,A,
2025-09-05,us_10y_real_rate,1.73,pct,FRED,https://fred.stlouisfed.org/series/DFII10,2026-08-27T09:48:29.999129,daily,A,
2025-09-08,us_10y_real_rate,1.7,pct,FRED,https://fred.stlouisfed.org/series/DFII10,2026-08-27T09:48:30.000128,daily,A,
2025-09-09,us_10y_real_rate,1.72,pct,FRED,https://fred.stlouisfed.org/series/DFII10,2026-08-27T09:48:30.001128,daily,A,
2025-09-10,us_10y_real_rate,1.69,pct,FRED,https://fred.stlouisfed.org/series/DFII10,2026-08-27T09:48:30.001128,daily,A,
2025-09-11,us_10y_real_rate,1.67,pct,FRED,https://fred.stlouisfed.org/series/DFII10,2026-08-27T09:48:30.002128,daily,A,
2025-09-12,us_10y_real_rate,1.7,pct,FRED,https://fred.stlouisfed.org/series/DFII10,2026-08-27T09:48:30.002128,daily,A,
2025-09-15,us_10y_real_rate,1.68,pct,FRED,https://fred.stlouisfed.org/series/DFII10,2026-08-27T09:48:30.003132,daily,A,
2025-09-16,us_10y_real_rate,1.67,pct,FRED,https://fred.stlouisfed.org/series/DFII10,2026-08-27T09:48:30.004132,daily,A,
2025-09-17,us_10y_real_rate,1.68,pct,FRED,https://fred.stlouisfed.org/series/DFII10,2026-08-27T09:48:30.004132,daily,A,
2025-09-18,us_10y_real_rate,1.73,pct,FRED,https://fred.stlouisfed.org/series/DFII10,2026-08-27T09:48:30.005136,daily,A,
2025-09-19,us_10y_real_rate,1.75,pct,FRED,https://fred.stlouisfed.org/series/DFII10,2026-08-27T09:48:30.006138,daily,A,
2025-09-22,us_10y_real_rate,1.78,pct,FRED,https://fred.stlouisfed.org/series/DFII10,2026-08-27T09:48:30.006138,daily,A,
2025-09-23,us_10y_real_rate,1.75,pct,FRED,https://fred.stlouisfed.org/series/DFII10,2026-08-27T09:48:30.007135,daily,A,
2025-09-24,us_10y_real_rate,1.78,pct,FRED,https://fred.stlouisfed.org/series/DFII10,2026-08-27T09:48:30.008131,daily,A,
2025-09-25,us_10y_real_rate,1.8,pct,FRED,https://fred.stlouisfed.org/series/DFII10,2026-08-27T09:48:30.008131,daily,A,
2025-09-26,us_10y_real_rate,1.82,pct,FRED,https://fred.stlouisfed.org/series/DFII10,2026-08-27T09:48:30.009132,daily,A,
2025-09-29,us_10y_real_rate,1.8,pct,FRED,https://fred.stlouisfed.org/series/DFII10,2026-08-27T09:48:30.009132,daily,A,
2025-09-30,us_10y_real_rate,1.8,pct,FRED,https://fred.stlouisfed.org/series/DFII10,2026-08-27T09:48:30.010132,daily,A,
2025-10-01,us_10y_real_rate,1.77,pct,FRED,https://fred.stlouisfed.org/series/DFII10,2026-08-27T09:48:30.011129,daily,A,
2025-10-02,us_10y_real_rate,1.76,pct,FRED,https://fred.stlouisfed.org/series/DFII10,2026-08-27T09:48:30.011129,daily,A,
2025-10-03,us_10y_real_rate,1.8,pct,FRED,https://fred.stlouisfed.org/series/DFII10,2026-08-27T09:48:30.012128,daily,A,
2025-10-06,us_10y_real_rate,1.84,pct,FRED,https://fred.stlouisfed.org/series/DFII10,2026-08-27T09:48:30.012128,daily,A,
2025-10-07,us_10y_real_rate,1.79,pct,FRED,https://fred.stlouisfed.org/series/DFII10,2026-08-27T09:48:30.013128,daily,A,
2025-10-08,us_10y_real_rate,1.78,pct,FRED,https://fred.stlouisfed.org/series/DFII10,2026-08-27T09:48:30.014128,daily,A,
2025-10-09,us_10y_real_rate,1.8,pct,FRED,https://fred.stlouisfed.org/series/DFII10,2026-08-27T09:48:30.014128,daily,A,
2025-10-10,us_10y_real_rate,1.75,pct,FRED,https://fred.stlouisfed.org/series/DFII10,2026-08-27T09:48:30.015129,daily,A,
2025-10-14,us_10y_real_rate,1.73,pct,FRED,https://fred.stlouisfed.org/series/DFII10,2026-08-27T09:48:30.015129,daily,A,
2025-10-15,us_10y_real_rate,1.76,pct,FRED,https://fred.stlouisfed.org/series/DFII10,2026-08-27T09:48:30.016128,daily,A,
2025-10-16,us_10y_real_rate,1.71,pct,FRED,https://fred.stlouisfed.org/series/DFII10,2026-08-27T09:48:30.017129,daily,A,
2025-10-17,us_10y_real_rate,1.75,pct,FRED,https://fred.stlouisfed.org/series/DFII10,2026-08-27T09:48:30.017129,daily,A,
2025-10-20,us_10y_real_rate,1.74,pct,FRED,https://fred.stlouisfed.org/series/DFII10,2026-08-27T09:48:30.018128,daily,A,
2025-10-21,us_10y_real_rate,1.7,pct,FRED,https://fred.stlouisfed.org/series/DFII10,2026-08-27T09:48:30.018128,daily,A,
2025-10-22,us_10y_real_rate,1.68,pct,FRED,https://fred.stlouisfed.org/series/DFII10,2026-08-27T09:48:30.019130,daily,A,
2025-10-23,us_10y_real_rate,1.71,pct,FRED,https://fred.stlouisfed.org/series/DFII10,2026-08-27T09:48:30.020128,daily,A,
2025-10-24,us_10y_real_rate,1.73,pct,FRED,https://fred.stlouisfed.org/series/DFII10,2026-08-27T09:48:30.020128,daily,A,
2025-10-27,us_10y_real_rate,1.73,pct,FRED,https://fred.stlouisfed.org/series/DFII10,2026-08-27T09:48:30.021133,daily,A,
2025-10-28,us_10y_real_rate,1.71,pct,FRED,https://fred.stlouisfed.org/series/DFII10,2026-08-27T09:48:30.022135,daily,A,
2025-10-29,us_10y_real_rate,1.78,pct,FRED,https://fred.stlouisfed.org/series/DFII10,2026-08-27T09:48:30.022135,daily,A,
2025-10-30,us_10y_real_rate,1.82,pct,FRED,https://fred.stlouisfed.org/series/DFII10,2026-08-27T09:48:30.023131,daily,A,
2025-10-31,us_10y_real_rate,1.81,pct,FRED,https://fred.stlouisfed.org/series/DFII10,2026-08-27T09:48:30.024131,daily,A,
2025-11-03,us_10y_real_rate,1.82,pct,FRED,https://fred.stlouisfed.org/series/DFII10,2026-08-27T09:48:30.024131,daily,A,
2025-11-04,us_10y_real_rate,1.81,pct,FRED,https://fred.stlouisfed.org/series/DFII10,2026-08-27T09:48:30.025129,daily,A,
2025-11-05,us_10y_real_rate,1.87,pct,FRED,https://fred.stlouisfed.org/series/DFII10,2026-08-27T09:48:30.025129,daily,A,
2025-11-06,us_10y_real_rate,1.83,pct,FRED,https://fred.stlouisfed.org/series/DFII10,2026-08-27T09:48:30.026131,daily,A,
2025-11-07,us_10y_real_rate,1.83,pct,FRED,https://fred.stlouisfed.org/series/DFII10,2026-08-27T09:48:30.027129,daily,A,
2025-11-10,us_10y_real_rate,1.84,pct,FRED,https://fred.stlouisfed.org/series/DFII10,2026-08-27T09:48:30.027129,daily,A,
2025-11-12,us_10y_real_rate,1.81,pct,FRED,https://fred.stlouisfed.org/series/DFII10,2026-08-27T09:48:30.028128,daily,A,
2025-11-13,us_10y_real_rate,1.83,pct,FRED,https://fred.stlouisfed.org/series/DFII10,2026-08-27T09:48:30.028128,daily,A,
2025-11-14,us_10y_real_rate,1.86,pct,FRED,https://fred.stlouisfed.org/series/DFII10,2026-08-27T09:48:30.029131,daily,A,
2025-11-17,us_10y_real_rate,1.85,pct,FRED,https://fred.stlouisfed.org/series/DFII10,2026-08-27T09:48:30.030128,daily,A,
2025-11-18,us_10y_real_rate,1.85,pct,FRED,https://fred.stlouisfed.org/series/DFII10,2026-08-27T09:48:30.030128,daily,A,
2025-11-19,us_10y_real_rate,1.86,pct,FRED,https://fred.stlouisfed.org/series/DFII10,2026-08-27T09:48:30.031128,daily,A,
2025-11-20,us_10y_real_rate,1.86,pct,FRED,https://fred.stlouisfed.org/series/DFII10,2026-08-27T09:48:30.031128,daily,A,
2025-11-21,us_10y_real_rate,1.82,pct,FRED,https://fred.stlouisfed.org/series/DFII10,2026-08-27T09:48:30.032128,daily,A,
2025-11-24,us_10y_real_rate,1.81,pct,FRED,https://fred.stlouisfed.org/series/DFII10,2026-08-27T09:48:30.033128,daily,A,
2025-11-25,us_10y_real_rate,1.79,pct,FRED,https://fred.stlouisfed.org/series/DFII10,2026-08-27T09:48:30.033128,daily,A,
2025-11-26,us_10y_real_rate,1.77,pct,FRED,https://fred.stlouisfed.org/series/DFII10,2026-08-27T09:48:30.034128,daily,A,
2025-11-28,us_10y_real_rate,1.79,pct,FRED,https://fred.stlouisfed.org/series/DFII10,2026-08-27T09:48:30.034128,daily,A,
2025-12-01,us_10y_real_rate,1.85,pct,FRED,https://fred.stlouisfed.org/series/DFII10,2026-08-27T09:48:30.035130,daily,A,
2025-12-02,us_10y_real_rate,1.85,pct,FRED,https://fred.stlouisfed.org/series/DFII10,2026-08-27T09:48:30.036129,daily,A,
2025-12-03,us_10y_real_rate,1.82,pct,FRED,https://fred.stlouisfed.org/series/DFII10,2026-08-27T09:48:30.036129,daily,A,
2025-12-04,us_10y_real_rate,1.85,pct,FRED,https://fred.stlouisfed.org/series/DFII10,2026-08-27T09:48:30.037128,daily,A,
2025-12-05,us_10y_real_rate,1.88,pct,FRED,https://fred.stlouisfed.org/series/DFII10,2026-08-27T09:48:30.037128,daily,A,
2025-12-08,us_10y_real_rate,1.91,pct,FRED,https://fred.stlouisfed.org/series/DFII10,2026-08-27T09:48:30.038131,daily,A,
2025-12-09,us_10y_real_rate,1.92,pct,FRED,https://fred.stlouisfed.org/series/DFII10,2026-08-27T09:48:30.039133,daily,A,
2025-12-10,us_10y_real_rate,1.88,pct,FRED,https://fred.stlouisfed.org/series/DFII10,2026-08-27T09:48:30.039133,daily,A,
2025-12-11,us_10y_real_rate,1.89,pct,FRED,https://fred.stlouisfed.org/series/DFII10,2026-08-27T09:48:30.040133,daily,A,
2025-12-12,us_10y_real_rate,1.93,pct,FRED,https://fred.stlouisfed.org/series/DFII10,2026-08-27T09:48:30.041130,daily,A,
2025-12-15,us_10y_real_rate,1.93,pct,FRED,https://fred.stlouisfed.org/series/DFII10,2026-08-27T09:48:30.041130,daily,A,
2025-12-16,us_10y_real_rate,1.92,pct,FRED,https://fred.stlouisfed.org/series/DFII10,2026-08-27T09:48:30.042128,daily,A,
2025-12-17,us_10y_real_rate,1.92,pct,FRED,https://fred.stlouisfed.org/series/DFII10,2026-08-27T09:48:30.042128,daily,A,
2025-12-18,us_10y_real_rate,1.88,pct,FRED,https://fred.stlouisfed.org/series/DFII10,2026-08-27T09:48:30.043128,daily,A,
2025-12-19,us_10y_real_rate,1.92,pct,FRED,https://fred.stlouisfed.org/series/DFII10,2026-08-27T09:48:30.044128,daily,A,
2025-12-22,us_10y_real_rate,1.94,pct,FRED,https://fred.stlouisfed.org/series/DFII10,2026-08-27T09:48:30.044128,daily,A,
2025-12-23,us_10y_real_rate,1.94,pct,FRED,https://fred.stlouisfed.org/series/DFII10,2026-08-27T09:48:30.045128,daily,A,
2025-12-24,us_10y_real_rate,1.91,pct,FRED,https://fred.stlouisfed.org/series/DFII10,2026-08-27T09:48:30.045128,daily,A,
2025-12-26,us_10y_real_rate,1.91,pct,FRED,https://fred.stlouisfed.org/series/DFII10,2026-08-27T09:48:30.046128,daily,A,
2025-12-29,us_10y_real_rate,1.9,pct,FRED,https://fred.stlouisfed.org/series/DFII10,2026-08-27T09:48:30.047129,daily,A,
2025-12-30,us_10y_real_rate,1.9,pct,FRED,https://fred.stlouisfed.org/series/DFII10,2026-08-27T09:48:30.047129,daily,A,
2025-12-31,us_10y_real_rate,1.93,pct,FRED,https://fred.stlouisfed.org/series/DFII10,2026-08-27T09:48:30.048128,daily,A,
2026-01-02,us_10y_real_rate,1.94,pct,FRED,https://fred.stlouisfed.org/series/DFII10,2026-08-27T09:48:30.048128,daily,A,
2026-01-05,us_10y_real_rate,1.91,pct,FRED,https://fred.stlouisfed.org/series/DFII10,2026-08-27T09:48:30.049129,daily,A,
2026-01-06,us_10y_real_rate,1.91,pct,FRED,https://fred.stlouisfed.org/series/DFII10,2026-08-27T09:48:30.050129,daily,A,
2026-01-07,us_10y_real_rate,1.88,pct,FRED,https://fred.stlouisfed.org/series/DFII10,2026-08-27T09:48:30.050129,daily,A,
2026-01-08,us_10y_real_rate,1.92,pct,FRED,https://fred.stlouisfed.org/series/DFII10,2026-08-27T09:48:30.051132,daily,A,
2026-01-09,us_10y_real_rate,1.9,pct,FRED,https://fred.stlouisfed.org/series/DFII10,2026-08-27T09:48:30.051132,daily,A,
2026-01-12,us_10y_real_rate,1.9,pct,FRED,https://fred.stlouisfed.org/series/DFII10,2026-08-27T09:48:30.052128,daily,A,
2026-01-13,us_10y_real_rate,1.88,pct,FRED,https://fred.stlouisfed.org/series/DFII10,2026-08-27T09:48:30.053128,daily,A,
2026-01-14,us_10y_real_rate,1.86,pct,FRED,https://fred.stlouisfed.org/series/DFII10,2026-08-27T09:48:30.053128,daily,A,
2026-01-15,us_10y_real_rate,1.88,pct,FRED,https://fred.stlouisfed.org/series/DFII10,2026-08-27T09:48:30.054128,daily,A,
2026-01-16,us_10y_real_rate,1.91,pct,FRED,https://fred.stlouisfed.org/series/DFII10,2026-08-27T09:48:30.055135,daily,A,
2026-01-20,us_10y_real_rate,1.97,pct,FRED,https://fred.stlouisfed.org/series/DFII10,2026-08-27T09:48:30.055135,daily,A,
2026-01-21,us_10y_real_rate,1.92,pct,FRED,https://fred.stlouisfed.org/series/DFII10,2026-08-27T09:48:30.056131,daily,A,
2026-01-22,us_10y_real_rate,1.95,pct,FRED,https://fred.stlouisfed.org/series/DFII10,2026-08-27T09:48:30.056131,daily,A,
2026-01-23,us_10y_real_rate,1.92,pct,FRED,https://fred.stlouisfed.org/series/DFII10,2026-08-27T09:48:30.057131,daily,A,
2026-01-26,us_10y_real_rate,1.9,pct,FRED,https://fred.stlouisfed.org/series/DFII10,2026-08-27T09:48:30.058129,daily,A,
2026-01-27,us_10y_real_rate,1.9,pct,FRED,https://fred.stlouisfed.org/series/DFII10,2026-08-27T09:48:30.058129,daily,A,
2026-01-28,us_10y_real_rate,1.9,pct,FRED,https://fred.stlouisfed.org/series/DFII10,2026-08-27T09:48:30.059131,daily,A,
2026-01-29,us_10y_real_rate,1.89,pct,FRED,https://fred.stlouisfed.org/series/DFII10,2026-08-27T09:48:30.059131,daily,A,
2026-01-30,us_10y_real_rate,1.9,pct,FRED,https://fred.stlouisfed.org/series/DFII10,2026-08-27T09:48:30.060128,daily,A,
2026-02-02,us_10y_real_rate,1.94,pct,FRED,https://fred.stlouisfed.org/series/DFII10,2026-08-27T09:48:30.061128,daily,A,
2026-02-03,us_10y_real_rate,1.92,pct,FRED,https://fred.stlouisfed.org/series/DFII10,2026-08-27T09:48:30.061128,daily,A,
2026-02-04,us_10y_real_rate,1.94,pct,FRED,https://fred.stlouisfed.org/series/DFII10,2026-08-27T09:48:30.062128,daily,A,
2026-02-05,us_10y_real_rate,1.89,pct,FRED,https://fred.stlouisfed.org/series/DFII10,2026-08-27T09:48:30.062128,daily,A,
2026-02-06,us_10y_real_rate,1.88,pct,FRED,https://fred.stlouisfed.org/series/DFII10,2026-08-27T09:48:30.063128,daily,A,
2026-02-09,us_10y_real_rate,1.87,pct,FRED,https://fred.stlouisfed.org/series/DFII10,2026-08-27T09:48:30.064128,daily,A,
2026-02-10,us_10y_real_rate,1.84,pct,FRED,https://fred.stlouisfed.org/series/DFII10,2026-08-27T09:48:30.064128,daily,A,
2026-02-11,us_10y_real_rate,1.86,pct,FRED,https://fred.stlouisfed.org/series/DFII10,2026-08-27T09:48:30.065130,daily,A,
2026-02-12,us_10y_real_rate,1.8,pct,FRED,https://fred.stlouisfed.org/series/DFII10,2026-08-27T09:48:30.065130,daily,A,
2026-02-13,us_10y_real_rate,1.77,pct,FRED,https://fred.stlouisfed.org/series/DFII10,2026-08-27T09:48:30.066128,daily,A,
2026-02-17,us_10y_real_rate,1.79,pct,FRED,https://fred.stlouisfed.org/series/DFII10,2026-08-27T09:48:30.067131,daily,A,
2026-02-18,us_10y_real_rate,1.8,pct,FRED,https://fred.stlouisfed.org/series/DFII10,2026-08-27T09:48:30.067131,daily,A,
2026-02-19,us_10y_real_rate,1.79,pct,FRED,https://fred.stlouisfed.org/series/DFII10,2026-08-27T09:48:30.068131,daily,A,
2026-02-20,us_10y_real_rate,1.8,pct,FRED,https://fred.stlouisfed.org/series/DFII10,2026-08-27T09:48:30.069131,daily,A,
2026-02-23,us_10y_real_rate,1.77,pct,FRED,https://fred.stlouisfed.org/series/DFII10,2026-08-27T09:48:30.069131,daily,A,
2026-02-24,us_10y_real_rate,1.78,pct,FRED,https://fred.stlouisfed.org/series/DFII10,2026-08-27T09:48:30.070128,daily,A,
2026-02-25,us_10y_real_rate,1.77,pct,FRED,https://fred.stlouisfed.org/series/DFII10,2026-08-27T09:48:30.070128,daily,A,
2026-02-26,us_10y_real_rate,1.74,pct,FRED,https://fred.stlouisfed.org/series/DFII10,2026-08-27T09:48:30.071130,daily,A,
2026-02-27,us_10y_real_rate,1.72,pct,FRED,https://fred.stlouisfed.org/series/DFII10,2026-08-27T09:48:30.072136,daily,A,
2026-03-02,us_10y_real_rate,1.76,pct,FRED,https://fred.stlouisfed.org/series/DFII10,2026-08-27T09:48:30.072136,daily,A,
2026-03-03,us_10y_real_rate,1.77,pct,FRED,https://fred.stlouisfed.org/series/DFII10,2026-08-27T09:48:30.073132,daily,A,
2026-03-04,us_10y_real_rate,1.8,pct,FRED,https://fred.stlouisfed.org/series/DFII10,2026-08-27T09:48:30.074132,daily,A,
2026-03-05,us_10y_real_rate,1.82,pct,FRED,https://fred.stlouisfed.org/series/DFII10,2026-08-27T09:48:30.074132,daily,A,
2026-03-06,us_10y_real_rate,1.8,pct,FRED,https://fred.stlouisfed.org/series/DFII10,2026-08-27T09:48:30.075129,daily,A,
2026-03-09,us_10y_real_rate,1.78,pct,FRED,https://fred.stlouisfed.org/series/DFII10,2026-08-27T09:48:30.075129,daily,A,
2026-03-10,us_10y_real_rate,1.82,pct,FRED,https://fred.stlouisfed.org/series/DFII10,2026-08-27T09:48:30.076128,daily,A,
2026-03-11,us_10y_real_rate,1.85,pct,FRED,https://fred.stlouisfed.org/series/DFII10,2026-08-27T09:48:30.077128,daily,A,
2026-03-12,us_10y_real_rate,1.89,pct,FRED,https://fred.stlouisfed.org/series/DFII10,2026-08-27T09:48:30.077128,daily,A,
2026-03-13,us_10y_real_rate,1.92,pct,FRED,https://fred.stlouisfed.org/series/DFII10,2026-08-27T09:48:30.078129,daily,A,
2026-03-16,us_10y_real_rate,1.87,pct,FRED,https://fred.stlouisfed.org/series/DFII10,2026-08-27T09:48:30.078129,daily,A,
2026-03-17,us_10y_real_rate,1.83,pct,FRED,https://fred.stlouisfed.org/series/DFII10,2026-08-27T09:48:30.079131,daily,A,
2026-03-18,us_10y_real_rate,1.86,pct,FRED,https://fred.stlouisfed.org/series/DFII10,2026-08-27T09:48:30.079131,daily,A,
2026-03-19,us_10y_real_rate,1.88,pct,FRED,https://fred.stlouisfed.org/series/DFII10,2026-08-27T09:48:30.080128,daily,A,
2026-03-20,us_10y_real_rate,2.01,pct,FRED,https://fred.stlouisfed.org/series/DFII10,2026-08-27T09:48:30.081128,daily,A,
2026-03-23,us_10y_real_rate,2.01,pct,FRED,https://fred.stlouisfed.org/series/DFII10,2026-08-27T09:48:30.081128,daily,A,
2026-03-24,us_10y_real_rate,2.06,pct,FRED,https://fred.stlouisfed.org/series/DFII10,2026-08-27T09:48:30.082128,daily,A,
2026-03-25,us_10y_real_rate,2.02,pct,FRED,https://fred.stlouisfed.org/series/DFII10,2026-08-27T09:48:30.083132,daily,A,
2026-03-26,us_10y_real_rate,2.08,pct,FRED,https://fred.stlouisfed.org/series/DFII10,2026-08-27T09:48:30.083132,daily,A,
2026-03-27,us_10y_real_rate,2.13,pct,FRED,https://fred.stlouisfed.org/series/DFII10,2026-08-27T09:48:30.084129,daily,A,
2026-03-30,us_10y_real_rate,2.04,pct,FRED,https://fred.stlouisfed.org/series/DFII10,2026-08-27T09:48:30.084129,daily,A,
2026-03-31,us_10y_real_rate,2.0,pct,FRED,https://fred.stlouisfed.org/series/DFII10,2026-08-27T09:48:30.085128,daily,A,
2026-04-01,us_10y_real_rate,2.02,pct,FRED,https://fred.stlouisfed.org/series/DFII10,2026-08-27T09:48:30.085128,daily,A,
2026-04-02,us_10y_real_rate,1.97,pct,FRED,https://fred.stlouisfed.org/series/DFII10,2026-08-27T09:48:30.086128,daily,A,
2026-04-03,us_10y_real_rate,1.99,pct,FRED,https://fred.stlouisfed.org/series/DFII10,2026-08-27T09:48:30.087128,daily,A,
2026-04-06,us_10y_real_rate,1.98,pct,FRED,https://fred.stlouisfed.org/series/DFII10,2026-08-27T09:48:30.087128,daily,A,
2026-04-07,us_10y_real_rate,1.96,pct,FRED,https://fred.stlouisfed.org/series/DFII10,2026-08-27T09:48:30.088132,daily,A,
2026-04-08,us_10y_real_rate,1.96,pct,FRED,https://fred.stlouisfed.org/series/DFII10,2026-08-27T09:48:30.089131,daily,A,
2026-04-09,us_10y_real_rate,1.95,pct,FRED,https://fred.stlouisfed.org/series/DFII10,2026-08-27T09:48:30.090132,daily,A,
2026-04-10,us_10y_real_rate,1.95,pct,FRED,https://fred.stlouisfed.org/series/DFII10,2026-08-27T09:48:30.091130,daily,A,
2026-04-13,us_10y_real_rate,1.92,pct,FRED,https://fred.stlouisfed.org/series/DFII10,2026-08-27T09:48:30.091130,daily,A,
2026-04-14,us_10y_real_rate,1.89,pct,FRED,https://fred.stlouisfed.org/series/DFII10,2026-08-27T09:48:30.092129,daily,A,
2026-04-15,us_10y_real_rate,1.9,pct,FRED,https://fred.stlouisfed.org/series/DFII10,2026-08-27T09:48:30.092129,daily,A,
2026-04-16,us_10y_real_rate,1.93,pct,FRED,https://fred.stlouisfed.org/series/DFII10,2026-08-27T09:48:30.093129,daily,A,
2026-04-17,us_10y_real_rate,1.9,pct,FRED,https://fred.stlouisfed.org/series/DFII10,2026-08-27T09:48:30.094128,daily,A,
2026-04-20,us_10y_real_rate,1.91,pct,FRED,https://fred.stlouisfed.org/series/DFII10,2026-08-27T09:48:30.094128,daily,A,
2026-04-21,us_10y_real_rate,1.92,pct,FRED,https://fred.stlouisfed.org/series/DFII10,2026-08-27T09:48:30.095128,daily,A,
2026-04-22,us_10y_real_rate,1.92,pct,FRED,https://fred.stlouisfed.org/series/DFII10,2026-08-27T09:48:30.095128,daily,A,
2026-04-23,us_10y_real_rate,1.92,pct,FRED,https://fred.stlouisfed.org/series/DFII10,2026-08-27T09:48:30.096129,daily,A,
2026-04-24,us_10y_real_rate,1.89,pct,FRED,https://fred.stlouisfed.org/series/DFII10,2026-08-27T09:48:30.097131,daily,A,
2026-04-27,us_10y_real_rate,1.91,pct,FRED,https://fred.stlouisfed.org/series/DFII10,2026-08-27T09:48:30.097131,daily,A,
2026-04-28,us_10y_real_rate,1.92,pct,FRED,https://fred.stlouisfed.org/series/DFII10,2026-08-27T09:48:30.098129,daily,A,
2026-04-29,us_10y_real_rate,1.96,pct,FRED,https://fred.stlouisfed.org/series/DFII10,2026-08-27T09:48:30.098129,daily,A,
2026-04-30,us_10y_real_rate,1.94,pct,FRED,https://fred.stlouisfed.org/series/DFII10,2026-08-27T09:48:30.099130,daily,A,
2026-05-01,us_10y_real_rate,1.91,pct,FRED,https://fred.stlouisfed.org/series/DFII10,2026-08-27T09:48:30.100131,daily,A,
2026-05-04,us_10y_real_rate,1.95,pct,FRED,https://fred.stlouisfed.org/series/DFII10,2026-08-27T09:48:30.100131,daily,A,
2026-05-05,us_10y_real_rate,1.96,pct,FRED,https://fred.stlouisfed.org/series/DFII10,2026-08-27T09:48:30.101128,daily,A,
2026-05-06,us_10y_real_rate,1.94,pct,FRED,https://fred.stlouisfed.org/series/DFII10,2026-08-27T09:48:30.101128,daily,A,
2026-05-07,us_10y_real_rate,1.96,pct,FRED,https://fred.stlouisfed.org/series/DFII10,2026-08-27T09:48:30.102128,daily,A,
2026-05-08,us_10y_real_rate,1.93,pct,FRED,https://fred.stlouisfed.org/series/DFII10,2026-08-27T09:48:30.103128,daily,A,
2026-05-11,us_10y_real_rate,1.95,pct,FRED,https://fred.stlouisfed.org/series/DFII10,2026-08-27T09:48:30.103128,daily,A,
2026-05-12,us_10y_real_rate,1.99,pct,FRED,https://fred.stlouisfed.org/series/DFII10,2026-08-27T09:48:30.104128,daily,A,
2026-05-13,us_10y_real_rate,1.99,pct,FRED,https://fred.stlouisfed.org/series/DFII10,2026-08-27T09:48:30.105133,daily,A,
2026-05-14,us_10y_real_rate,2.0,pct,FRED,https://fred.stlouisfed.org/series/DFII10,2026-08-27T09:48:30.105133,daily,A,
2026-05-15,us_10y_real_rate,2.1,pct,FRED,https://fred.stlouisfed.org/series/DFII10,2026-08-27T09:48:30.106131,daily,A,
2026-05-18,us_10y_real_rate,2.13,pct,FRED,https://fred.stlouisfed.org/series/DFII10,2026-08-27T09:48:30.106131,daily,A,
2026-05-19,us_10y_real_rate,2.18,pct,FRED,https://fred.stlouisfed.org/series/DFII10,2026-08-27T09:48:30.107132,daily,A,
2026-05-20,us_10y_real_rate,2.13,pct,FRED,https://fred.stlouisfed.org/series/DFII10,2026-08-27T09:48:30.108130,daily,A,
2026-05-21,us_10y_real_rate,2.18,pct,FRED,https://fred.stlouisfed.org/series/DFII10,2026-08-27T09:48:30.108130,daily,A,
2026-05-22,us_10y_real_rate,2.16,pct,FRED,https://fred.stlouisfed.org/series/DFII10,2026-08-27T09:48:30.109132,daily,A,
2026-05-26,us_10y_real_rate,2.1,pct,FRED,https://fred.stlouisfed.org/series/DFII10,2026-08-27T09:48:30.109132,daily,A,
2026-05-27,us_10y_real_rate,2.09,pct,FRED,https://fred.stlouisfed.org/series/DFII10,2026-08-27T09:48:30.110128,daily,A,
2026-05-28,us_10y_real_rate,2.06,pct,FRED,https://fred.stlouisfed.org/series/DFII10,2026-08-27T09:48:30.111128,daily,A,
2026-05-29,us_10y_real_rate,2.07,pct,FRED,https://fred.stlouisfed.org/series/DFII10,2026-08-27T09:48:30.111128,daily,A,
2026-06-01,us_10y_real_rate,2.07,pct,FRED,https://fred.stlouisfed.org/series/DFII10,2026-08-27T09:48:30.112128,daily,A,
2026-06-02,us_10y_real_rate,2.07,pct,FRED,https://fred.stlouisfed.org/series/DFII10,2026-08-27T09:48:30.112128,daily,A,
2026-06-03,us_10y_real_rate,2.11,pct,FRED,https://fred.stlouisfed.org/series/DFII10,2026-08-27T09:48:30.113129,daily,A,
2026-06-04,us_10y_real_rate,2.11,pct,FRED,https://fred.stlouisfed.org/series/DFII10,2026-08-27T09:48:30.114128,daily,A,
2026-06-05,us_10y_real_rate,2.19,pct,FRED,https://fred.stlouisfed.org/series/DFII10,2026-08-27T09:48:30.114128,daily,A,
2026-06-08,us_10y_real_rate,2.21,pct,FRED,https://fred.stlouisfed.org/series/DFII10,2026-08-27T09:48:30.115130,daily,A,
2026-06-09,us_10y_real_rate,2.2,pct,FRED,https://fred.stlouisfed.org/series/DFII10,2026-08-27T09:48:30.115130,daily,A,
2026-06-10,us_10y_real_rate,2.21,pct,FRED,https://fred.stlouisfed.org/series/DFII10,2026-08-27T09:48:30.116128,daily,A,
2026-06-11,us_10y_real_rate,2.16,pct,FRED,https://fred.stlouisfed.org/series/DFII10,2026-08-27T09:48:30.117128,daily,A,
2026-06-12,us_10y_real_rate,2.17,pct,FRED,https://fred.stlouisfed.org/series/DFII10,2026-08-27T09:48:30.117128,daily,A,
2026-06-15,us_10y_real_rate,2.15,pct,FRED,https://fred.stlouisfed.org/series/DFII10,2026-08-27T09:48:30.118128,daily,A,
2026-06-16,us_10y_real_rate,2.14,pct,FRED,https://fred.stlouisfed.org/series/DFII10,2026-08-27T09:48:30.118128,daily,A,
2026-06-17,us_10y_real_rate,2.23,pct,FRED,https://fred.stlouisfed.org/series/DFII10,2026-08-27T09:48:30.119129,daily,A,
2026-06-18,us_10y_real_rate,2.21,pct,FRED,https://fred.stlouisfed.org/series/DFII10,2026-08-27T09:48:30.120131,daily,A,
2026-06-22,us_10y_real_rate,2.28,pct,FRED,https://fred.stlouisfed.org/series/DFII10,2026-08-27T09:48:30.120131,daily,A,
2026-06-23,us_10y_real_rate,2.29,pct,FRED,https://fred.stlouisfed.org/series/DFII10,2026-08-27T09:48:30.121131,daily,A,
2026-06-24,us_10y_real_rate,2.23,pct,FRED,https://fred.stlouisfed.org/series/DFII10,2026-08-27T09:48:30.122133,daily,A,
2026-06-25,us_10y_real_rate,2.19,pct,FRED,https://fred.stlouisfed.org/series/DFII10,2026-08-27T09:48:30.122133,daily,A,
2026-06-26,us_10y_real_rate,2.18,pct,FRED,https://fred.stlouisfed.org/series/DFII10,2026-08-27T09:48:30.123130,daily,A,
2026-06-29,us_10y_real_rate,2.16,pct,FRED,https://fred.stlouisfed.org/series/DFII10,2026-08-27T09:48:30.124130,daily,A,
2026-06-30,us_10y_real_rate,2.2,pct,FRED,https://fred.stlouisfed.org/series/DFII10,2026-08-27T09:48:30.124130,daily,A,
2026-07-01,us_10y_real_rate,2.25,pct,FRED,https://fred.stlouisfed.org/series/DFII10,2026-08-27T09:48:30.125128,daily,A,
2026-07-02,us_10y_real_rate,2.26,pct,FRED,https://fred.stlouisfed.org/series/DFII10,2026-08-27T09:48:30.125128,daily,A,
2026-07-06,us_10y_real_rate,2.24,pct,FRED,https://fred.stlouisfed.org/series/DFII10,2026-08-27T09:48:30.126128,daily,A,
2026-07-07,us_10y_real_rate,2.3,pct,FRED,https://fred.stlouisfed.org/series/DFII10,2026-08-27T09:48:30.126128,daily,A,
2026-07-08,us_10y_real_rate,2.31,pct,FRED,https://fred.stlouisfed.org/series/DFII10,2026-08-27T09:48:30.127128,daily,A,
2026-07-09,us_10y_real_rate,2.31,pct,FRED,https://fred.stlouisfed.org/series/DFII10,2026-08-27T09:48:30.128131,daily,A,
2026-07-10,us_10y_real_rate,2.32,pct,FRED,https://fred.stlouisfed.org/series/DFII10,2026-08-27T09:48:30.128131,daily,A,
2026-07-13,us_10y_real_rate,2.36,pct,FRED,https://fred.stlouisfed.org/series/DFII10,2026-08-27T09:48:30.129130,daily,A,
2026-07-14,us_10y_real_rate,2.33,pct,FRED,https://fred.stlouisfed.org/series/DFII10,2026-08-27T09:48:30.130128,daily,A,
2026-07-15,us_10y_real_rate,2.32,pct,FRED,https://fred.stlouisfed.org/series/DFII10,2026-08-27T09:48:30.130128,daily,A,
2026-07-16,us_10y_real_rate,2.35,pct,FRED,https://fred.stlouisfed.org/series/DFII10,2026-08-27T09:48:30.131132,daily,A,
2026-07-17,us_10y_real_rate,2.31,pct,FRED,https://fred.stlouisfed.org/series/DFII10,2026-08-27T09:48:30.131132,daily,A,
2026-07-20,us_10y_real_rate,2.35,pct,FRED,https://fred.stlouisfed.org/series/DFII10,2026-08-27T09:48:30.132128,daily,A,
2026-07-21,us_10y_real_rate,2.37,pct,FRED,https://fred.stlouisfed.org/series/DFII10,2026-08-27T09:48:30.133128,daily,A,
2026-07-22,us_10y_real_rate,2.39,pct,FRED,https://fred.stlouisfed.org/series/DFII10,2026-08-27T09:48:30.133128,daily,A,
2026-07-23,us_10y_real_rate,2.43,pct,FRED,https://fred.stlouisfed.org/series/DFII10,2026-08-27T09:48:30.134128,daily,A,
2026-07-24,us_10y_real_rate,2.43,pct,FRED,https://fred.stlouisfed.org/series/DFII10,2026-08-27T09:48:30.134128,daily,A,
2026-07-27,us_10y_real_rate,2.44,pct,FRED,https://fred.stlouisfed.org/series/DFII10,2026-08-27T09:48:30.135128,daily,A,
2026-07-28,us_10y_real_rate,2.41,pct,FRED,https://fred.stlouisfed.org/series/DFII10,2026-08-27T09:48:30.136128,daily,A,
2026-07-29,us_10y_real_rate,2.41,pct,FRED,https://fred.stlouisfed.org/series/DFII10,2026-08-27T09:48:30.136128,daily,A,
2026-07-30,us_10y_real_rate,2.41,pct,FRED,https://fred.stlouisfed.org/series/DFII10,2026-08-27T09:48:30.137129,daily,A,
2026-07-31,us_10y_real_rate,2.47,pct,FRED,https://fred.stlouisfed.org/series/DFII10,2026-08-27T09:48:30.137129,daily,A,
2026-08-03,us_10y_real_rate,2.43,pct,FRED,https://fred.stlouisfed.org/series/DFII10,2026-08-27T09:48:30.138132,daily,A,
2026-08-04,us_10y_real_rate,2.4,pct,FRED,https://fred.stlouisfed.org/series/DFII10,2026-08-27T09:48:30.139134,daily,A,
2026-08-05,us_10y_real_rate,2.41,pct,FRED,https://fred.stlouisfed.org/series/DFII10,2026-08-27T09:48:30.139134,daily,A,
2026-08-06,us_10y_real_rate,2.43,pct,FRED,https://fred.stlouisfed.org/series/DFII10,2026-08-27T09:48:30.140133,daily,A,
2026-08-07,us_10y_real_rate,2.4,pct,FRED,https://fred.stlouisfed.org/series/DFII10,2026-08-27T09:48:30.141130,daily,A,
2026-08-10,us_10y_real_rate,2.43,pct,FRED,https://fred.stlouisfed.org/series/DFII10,2026-08-27T09:48:30.141130,daily,A,
2026-08-11,us_10y_real_rate,2.43,pct,FRED,https://fred.stlouisfed.org/series/DFII10,2026-08-27T09:48:30.142128,daily,A,
2026-08-12,us_10y_real_rate,2.42,pct,FRED,https://fred.stlouisfed.org/series/DFII10,2026-08-27T09:48:30.142128,daily,A,
2026-08-13,us_10y_real_rate,2.39,pct,FRED,https://fred.stlouisfed.org/series/DFII10,2026-08-27T09:48:30.143131,daily,A,
2026-08-14,us_10y_real_rate,2.41,pct,FRED,https://fred.stlouisfed.org/series/DFII10,2026-08-27T09:48:30.144128,daily,A,
2026-08-17,us_10y_real_rate,2.44,pct,FRED,https://fred.stlouisfed.org/series/DFII10,2026-08-27T09:48:30.144128,daily,A,
2026-08-18,us_10y_real_rate,2.41,pct,FRED,https://fred.stlouisfed.org/series/DFII10,2026-08-27T09:48:30.145128,daily,A,
2026-08-19,us_10y_real_rate,2.35,pct,FRED,https://fred.stlouisfed.org/series/DFII10,2026-08-27T09:48:30.145128,daily,A,
2026-08-20,us_10y_real_rate,2.35,pct,FRED,https://fred.stlouisfed.org/series/DFII10,2026-08-27T09:48:30.146128,daily,A,
2026-08-21,us_10y_real_rate,2.4,pct,FRED,https://fred.stlouisfed.org/series/DFII10,2026-08-27T09:48:30.147130,daily,A,
2026-08-24,us_10y_real_rate,2.38,pct,FRED,https://fred.stlouisfed.org/series/DFII10,2026-08-27T09:48:30.147130,daily,A,
2026-08-25,us_10y_real_rate,2.32,pct,FRED,https://fred.stlouisfed.org/series/DFII10,2026-08-27T09:48:30.148129,daily,A,
2024-07-01,us_core_pce_yoy,2.806216333768276,pct,FRED,https://fred.stlouisfed.org/series/PCEPILFE,2026-08-27T09:48:32.352113,monthly,A,US core PCE (ex food & energy) SA YoY from FRED PCEPILFE (Fed preferred)
2024-08-01,us_core_pce_yoy,2.8732799171185377,pct,FRED,https://fred.stlouisfed.org/series/PCEPILFE,2026-08-27T09:48:32.352113,monthly,A,US core PCE (ex food & energy) SA YoY from FRED PCEPILFE (Fed preferred)
2024-09-01,us_core_pce_yoy,2.838627996468375,pct,FRED,https://fred.stlouisfed.org/series/PCEPILFE,2026-08-27T09:48:32.352113,monthly,A,US core PCE (ex food & energy) SA YoY from FRED PCEPILFE (Fed preferred)
2024-10-01,us_core_pce_yoy,2.9865021082658956,pct,FRED,https://fred.stlouisfed.org/series/PCEPILFE,2026-08-27T09:48:32.352113,monthly,A,US core PCE (ex food & energy) SA YoY from FRED PCEPILFE (Fed preferred)
2024-11-01,us_core_pce_yoy,2.9807101201256216,pct,FRED,https://fred.stlouisfed.org/series/PCEPILFE,2026-08-27T09:48:32.352113,monthly,A,US core PCE (ex food & energy) SA YoY from FRED PCEPILFE (Fed preferred)
2024-12-01,us_core_pce_yoy,2.988589624519051,pct,FRED,https://fred.stlouisfed.org/series/PCEPILFE,2026-08-27T09:48:32.352113,monthly,A,US core PCE (ex food & energy) SA YoY from FRED PCEPILFE (Fed preferred)
2025-01-01,us_core_pce_yoy,2.7801380994415155,pct,FRED,https://fred.stlouisfed.org/series/PCEPILFE,2026-08-27T09:48:32.352113,monthly,A,US core PCE (ex food & energy) SA YoY from FRED PCEPILFE (Fed preferred)
2025-02-01,us_core_pce_yoy,2.968643293811752,pct,FRED,https://fred.stlouisfed.org/series/PCEPILFE,2026-08-27T09:48:32.352113,monthly,A,US core PCE (ex food & energy) SA YoY from FRED PCEPILFE (Fed preferred)
2025-03-01,us_core_pce_yoy,2.670294814316975,pct,FRED,https://fred.stlouisfed.org/series/PCEPILFE,2026-08-27T09:48:32.352113,monthly,A,US core PCE (ex food & energy) SA YoY from FRED PCEPILFE (Fed preferred)
2025-04-01,us_core_pce_yoy,2.6147959183673493,pct,FRED,https://fred.stlouisfed.org/series/PCEPILFE,2026-08-27T09:48:32.352113,monthly,A,US core PCE (ex food & energy) SA YoY from FRED PCEPILFE (Fed preferred)
2025-05-01,us_core_pce_yoy,2.7838833824959295,pct,FRED,https://fred.stlouisfed.org/series/PCEPILFE,2026-08-27T09:48:32.352113,monthly,A,US core PCE (ex food & energy) SA YoY from FRED PCEPILFE (Fed preferred)
2025-06-01,us_core_pce_yoy,2.8073722050587975,pct,FRED,https://fred.stlouisfed.org/series/PCEPILFE,2026-08-27T09:48:32.353112,monthly,A,US core PCE (ex food & energy) SA YoY from FRED PCEPILFE (Fed preferred)
2025-07-01,us_core_pce_yoy,2.863047245567941,pct,FRED,https://fred.stlouisfed.org/series/PCEPILFE,2026-08-27T09:48:32.353112,monthly,A,US core PCE (ex food & energy) SA YoY from FRED PCEPILFE (Fed preferred)
2025-08-01,us_core_pce_yoy,2.9124163472159097,pct,FRED,https://fred.stlouisfed.org/series/PCEPILFE,2026-08-27T09:48:32.353112,monthly,A,US core PCE (ex food & energy) SA YoY from FRED PCEPILFE (Fed preferred)
2025-09-01,us_core_pce_yoy,2.825069249833973,pct,FRED,https://fred.stlouisfed.org/series/PCEPILFE,2026-08-27T09:48:32.353112,monthly,A,US core PCE (ex food & energy) SA YoY from FRED PCEPILFE (Fed preferred)
2025-10-01,us_core_pce_yoy,2.7545384068738343,pct,FRED,https://fred.stlouisfed.org/series/PCEPILFE,2026-08-27T09:48:32.353112,monthly,A,US core PCE (ex food & energy) SA YoY from FRED PCEPILFE (Fed preferred)
2025-11-01,us_core_pce_yoy,2.829092786499075,pct,FRED,https://fred.stlouisfed.org/series/PCEPILFE,2026-08-27T09:48:32.353112,monthly,A,US core PCE (ex food & energy) SA YoY from FRED PCEPILFE (Fed preferred)
2025-12-01,us_core_pce_yoy,2.971110180682146,pct,FRED,https://fred.stlouisfed.org/series/PCEPILFE,2026-08-27T09:48:32.353112,monthly,A,US core PCE (ex food & energy) SA YoY from FRED PCEPILFE (Fed preferred)
2026-01-01,us_core_pce_yoy,3.104657789335974,pct,FRED,https://fred.stlouisfed.org/series/PCEPILFE,2026-08-27T09:48:32.353112,monthly,A,US core PCE (ex food & energy) SA YoY from FRED PCEPILFE (Fed preferred)
2026-02-01,us_core_pce_yoy,3.0492628550881022,pct,FRED,https://fred.stlouisfed.org/series/PCEPILFE,2026-08-27T09:48:32.353112,monthly,A,US core PCE (ex food & energy) SA YoY from FRED PCEPILFE (Fed preferred)
2026-03-01,us_core_pce_yoy,3.253849776876592,pct,FRED,https://fred.stlouisfed.org/series/PCEPILFE,2026-08-27T09:48:32.353112,monthly,A,US core PCE (ex food & energy) SA YoY from FRED PCEPILFE (Fed preferred)
2026-04-01,us_core_pce_yoy,3.3298274131089727,pct,FRED,https://fred.stlouisfed.org/series/PCEPILFE,2026-08-27T09:48:32.353112,monthly,A,US core PCE (ex food & energy) SA YoY from FRED PCEPILFE (Fed preferred)
2026-05-01,us_core_pce_yoy,3.463709356864598,pct,FRED,https://fred.stlouisfed.org/series/PCEPILFE,2026-08-27T09:48:32.353112,monthly,A,US core PCE (ex food & energy) SA YoY from FRED PCEPILFE (Fed preferred)
2026-06-01,us_core_pce_yoy,3.343614465473621,pct,FRED,https://fred.stlouisfed.org/series/PCEPILFE,2026-08-27T09:48:32.353112,monthly,A,US core PCE (ex food & energy) SA YoY from FRED PCEPILFE (Fed preferred)
2026-07-01,us_core_pce_yoy,3.3441430040338247,pct,FRED,https://fred.stlouisfed.org/series/PCEPILFE,2026-08-27T09:48:32.353112,monthly,A,US core PCE (ex food & energy) SA YoY from FRED PCEPILFE (Fed preferred)
2024-07-01,us_cpi_yoy,2.8947531984913013,pct,FRED,https://fred.stlouisfed.org/series/CPIAUCNS,2026-08-27T09:48:30.882919,monthly,A,US CPI-U NSA YoY from FRED CPIAUCNS (matches BLS headline 12-month change)
2024-08-01,us_cpi_yoy,2.530730296456966,pct,FRED,https://fred.stlouisfed.org/series/CPIAUCNS,2026-08-27T09:48:30.882919,monthly,A,US CPI-U NSA YoY from FRED CPIAUCNS (matches BLS headline 12-month change)
2024-09-01,us_cpi_yoy,2.4406330310699786,pct,FRED,https://fred.stlouisfed.org/series/CPIAUCNS,2026-08-27T09:48:30.882919,monthly,A,US CPI-U NSA YoY from FRED CPIAUCNS (matches BLS headline 12-month change)
2024-10-01,us_cpi_yoy,2.597904904914671,pct,FRED,https://fred.stlouisfed.org/series/CPIAUCNS,2026-08-27T09:48:30.882919,monthly,A,US CPI-U NSA YoY from FRED CPIAUCNS (matches BLS headline 12-month change)
2024-11-01,us_cpi_yoy,2.749380396090558,pct,FRED,https://fred.stlouisfed.org/series/CPIAUCNS,2026-08-27T09:48:30.882919,monthly,A,US CPI-U NSA YoY from FRED CPIAUCNS (matches BLS headline 12-month change)
2024-12-01,us_cpi_yoy,2.8880572199800696,pct,FRED,https://fred.stlouisfed.org/series/CPIAUCNS,2026-08-27T09:48:30.882919,monthly,A,US CPI-U NSA YoY from FRED CPIAUCNS (matches BLS headline 12-month change)
2025-01-01,us_cpi_yoy,3.000483112150107,pct,FRED,https://fred.stlouisfed.org/series/CPIAUCNS,2026-08-27T09:48:30.883919,monthly,A,US CPI-U NSA YoY from FRED CPIAUCNS (matches BLS headline 12-month change)
2025-02-01,us_cpi_yoy,2.8215489517475163,pct,FRED,https://fred.stlouisfed.org/series/CPIAUCNS,2026-08-27T09:48:30.883919,monthly,A,US CPI-U NSA YoY from FRED CPIAUCNS (matches BLS headline 12-month change)
2025-03-01,us_cpi_yoy,2.390725253896491,pct,FRED,https://fred.stlouisfed.org/series/CPIAUCNS,2026-08-27T09:48:30.883919,monthly,A,US CPI-U NSA YoY from FRED CPIAUCNS (matches BLS headline 12-month change)
2025-04-01,us_cpi_yoy,2.3112888616734892,pct,FRED,https://fred.stlouisfed.org/series/CPIAUCNS,2026-08-27T09:48:30.883919,monthly,A,US CPI-U NSA YoY from FRED CPIAUCNS (matches BLS headline 12-month change)
2025-05-01,us_cpi_yoy,2.3548965354746656,pct,FRED,https://fred.stlouisfed.org/series/CPIAUCNS,2026-08-27T09:48:30.883919,monthly,A,US CPI-U NSA YoY from FRED CPIAUCNS (matches BLS headline 12-month change)
2025-06-01,us_cpi_yoy,2.6692130182223224,pct,FRED,https://fred.stlouisfed.org/series/CPIAUCNS,2026-08-27T09:48:30.883919,monthly,A,US CPI-U NSA YoY from FRED CPIAUCNS (matches BLS headline 12-month change)
2025-07-01,us_cpi_yoy,2.7049023971514004,pct,FRED,https://fred.stlouisfed.org/series/CPIAUCNS,2026-08-27T09:48:30.883919,monthly,A,US CPI-U NSA YoY from FRED CPIAUCNS (matches BLS headline 12-month change)
2025-08-01,us_cpi_yoy,2.916174284298407,pct,FRED,https://fred.stlouisfed.org/series/CPIAUCNS,2026-08-27T09:48:30.883919,monthly,A,US CPI-U NSA YoY from FRED CPIAUCNS (matches BLS headline 12-month change)
2025-09-01,us_cpi_yoy,3.0126767755256196,pct,FRED,https://fred.stlouisfed.org/series/CPIAUCNS,2026-08-27T09:48:30.883919,monthly,A,US CPI-U NSA YoY from FRED CPIAUCNS (matches BLS headline 12-month change)
2025-11-01,us_cpi_yoy,2.7350844551226317,pct,FRED,https://fred.stlouisfed.org/series/CPIAUCNS,2026-08-27T09:48:30.883919,monthly,A,US CPI-U NSA YoY from FRED CPIAUCNS (matches BLS headline 12-month change)
2025-12-01,us_cpi_yoy,2.677080527875006,pct,FRED,https://fred.stlouisfed.org/series/CPIAUCNS,2026-08-27T09:48:30.883919,monthly,A,US CPI-U NSA YoY from FRED CPIAUCNS (matches BLS headline 12-month change)
2026-01-01,us_cpi_yoy,2.3864312449043155,pct,FRED,https://fred.stlouisfed.org/series/CPIAUCNS,2026-08-27T09:48:30.883919,monthly,A,US CPI-U NSA YoY from FRED CPIAUCNS (matches BLS headline 12-month change)
2026-02-01,us_cpi_yoy,2.414112986630414,pct,FRED,https://fred.stlouisfed.org/series/CPIAUCNS,2026-08-27T09:48:30.883919,monthly,A,US CPI-U NSA YoY from FRED CPIAUCNS (matches BLS headline 12-month change)
2026-03-01,us_cpi_yoy,3.2564204390883162,pct,FRED,https://fred.stlouisfed.org/series/CPIAUCNS,2026-08-27T09:48:30.884919,monthly,A,US CPI-U NSA YoY from FRED CPIAUCNS (matches BLS headline 12-month change)
2026-04-01,us_cpi_yoy,3.8108449321217535,pct,FRED,https://fred.stlouisfed.org/series/CPIAUCNS,2026-08-27T09:48:30.884919,monthly,A,US CPI-U NSA YoY from FRED CPIAUCNS (matches BLS headline 12-month change)
2026-05-01,us_cpi_yoy,4.248674039164442,pct,FRED,https://fred.stlouisfed.org/series/CPIAUCNS,2026-08-27T09:48:30.884919,monthly,A,US CPI-U NSA YoY from FRED CPIAUCNS (matches BLS headline 12-month change)
2026-06-01,us_cpi_yoy,3.5314250637863864,pct,FRED,https://fred.stlouisfed.org/series/CPIAUCNS,2026-08-27T09:48:30.884919,monthly,A,US CPI-U NSA YoY from FRED CPIAUCNS (matches BLS headline 12-month change)
2026-07-01,us_cpi_yoy,3.3648250414799037,pct,FRED,https://fred.stlouisfed.org/series/CPIAUCNS,2026-08-27T09:48:30.884919,monthly,A,US CPI-U NSA YoY from FRED CPIAUCNS (matches BLS headline 12-month change)
2026-05-28,us_ism_manufacturing,48.5,index,ISM,https://www.ismworld.org/,2026-06-30T08:37:50.677325,monthly,A,
2024-07-01,us_pce_yoy,2.5943767774673177,pct,FRED,https://fred.stlouisfed.org/series/PCEPI,2026-08-27T09:48:31.631863,monthly,A,US PCE price index SA YoY from FRED PCEPI (matches BEA headline 12-month change)
2024-08-01,us_pce_yoy,2.4129949574274576,pct,FRED,https://fred.stlouisfed.org/series/PCEPI,2026-08-27T09:48:31.631863,monthly,A,US PCE price index SA YoY from FRED PCEPI (matches BEA headline 12-month change)
2024-09-01,us_pce_yoy,2.2607664368838414,pct,FRED,https://fred.stlouisfed.org/series/PCEPI,2026-08-27T09:48:31.631863,monthly,A,US PCE price index SA YoY from FRED PCEPI (matches BEA headline 12-month change)
2024-10-01,us_pce_yoy,2.4776925356425608,pct,FRED,https://fred.stlouisfed.org/series/PCEPI,2026-08-27T09:48:31.631863,monthly,A,US PCE price index SA YoY from FRED PCEPI (matches BEA headline 12-month change)
2024-11-01,us_pce_yoy,2.5878034125423,pct,FRED,https://fred.stlouisfed.org/series/PCEPI,2026-08-27T09:48:31.631863,monthly,A,US PCE price index SA YoY from FRED PCEPI (matches BEA headline 12-month change)
2024-12-01,us_pce_yoy,2.7280946901200025,pct,FRED,https://fred.stlouisfed.org/series/PCEPI,2026-08-27T09:48:31.631863,monthly,A,US PCE price index SA YoY from FRED PCEPI (matches BEA headline 12-month change)
2025-01-01,us_pce_yoy,2.6073795303935157,pct,FRED,https://fred.stlouisfed.org/series/PCEPI,2026-08-27T09:48:31.631863,monthly,A,US PCE price index SA YoY from FRED PCEPI (matches BEA headline 12-month change)
2025-02-01,us_pce_yoy,2.710484673485709,pct,FRED,https://fred.stlouisfed.org/series/PCEPI,2026-08-27T09:48:31.631863,monthly,A,US PCE price index SA YoY from FRED PCEPI (matches BEA headline 12-month change)
2025-03-01,us_pce_yoy,2.35943367089844,pct,FRED,https://fred.stlouisfed.org/series/PCEPI,2026-08-27T09:48:31.631863,monthly,A,US PCE price index SA YoY from FRED PCEPI (matches BEA headline 12-month change)
2025-04-01,us_pce_yoy,2.2774259978433946,pct,FRED,https://fred.stlouisfed.org/series/PCEPI,2026-08-27T09:48:31.631863,monthly,A,US PCE price index SA YoY from FRED PCEPI (matches BEA headline 12-month change)
2025-05-01,us_pce_yoy,2.4580860654408667,pct,FRED,https://fred.stlouisfed.org/series/PCEPI,2026-08-27T09:48:31.632863,monthly,A,US PCE price index SA YoY from FRED PCEPI (matches BEA headline 12-month change)
2025-06-01,us_pce_yoy,2.5935129797068015,pct,FRED,https://fred.stlouisfed.org/series/PCEPI,2026-08-27T09:48:31.632863,monthly,A,US PCE price index SA YoY from FRED PCEPI (matches BEA headline 12-month change)
2025-07-01,us_pce_yoy,2.6055472942393436,pct,FRED,https://fred.stlouisfed.org/series/PCEPI,2026-08-27T09:48:31.632863,monthly,A,US PCE price index SA YoY from FRED PCEPI (matches BEA headline 12-month change)
2025-08-01,us_pce_yoy,2.7476208541517053,pct,FRED,https://fred.stlouisfed.org/series/PCEPI,2026-08-27T09:48:31.632863,monthly,A,US PCE price index SA YoY from FRED PCEPI (matches BEA headline 12-month change)
2025-09-01,us_pce_yoy,2.787442414870654,pct,FRED,https://fred.stlouisfed.org/series/PCEPI,2026-08-27T09:48:31.632863,monthly,A,US PCE price index SA YoY from FRED PCEPI (matches BEA headline 12-month change)
2025-10-01,us_pce_yoy,2.7125805259691163,pct,FRED,https://fred.stlouisfed.org/series/PCEPI,2026-08-27T09:48:31.632863,monthly,A,US PCE price index SA YoY from FRED PCEPI (matches BEA headline 12-month change)
2025-11-01,us_pce_yoy,2.8201898312699996,pct,FRED,https://fred.stlouisfed.org/series/PCEPI,2026-08-27T09:48:31.632863,monthly,A,US PCE price index SA YoY from FRED PCEPI (matches BEA headline 12-month change)
2025-12-01,us_pce_yoy,2.8780835180310333,pct,FRED,https://fred.stlouisfed.org/series/PCEPI,2026-08-27T09:48:31.632863,monthly,A,US PCE price index SA YoY from FRED PCEPI (matches BEA headline 12-month change)
2026-01-01,us_pce_yoy,2.8752083050942048,pct,FRED,https://fred.stlouisfed.org/series/PCEPI,2026-08-27T09:48:31.632863,monthly,A,US PCE price index SA YoY from FRED PCEPI (matches BEA headline 12-month change)
2026-02-01,us_pce_yoy,2.8732300410574823,pct,FRED,https://fred.stlouisfed.org/series/PCEPI,2026-08-27T09:48:31.632863,monthly,A,US PCE price index SA YoY from FRED PCEPI (matches BEA headline 12-month change)
2026-03-01,us_pce_yoy,3.542928831754537,pct,FRED,https://fred.stlouisfed.org/series/PCEPI,2026-08-27T09:48:31.632863,monthly,A,US PCE price index SA YoY from FRED PCEPI (matches BEA headline 12-month change)
2026-04-01,us_pce_yoy,3.801823226317879,pct,FRED,https://fred.stlouisfed.org/series/PCEPI,2026-08-27T09:48:31.632863,monthly,A,US PCE price index SA YoY from FRED PCEPI (matches BEA headline 12-month change)
2026-05-01,us_pce_yoy,4.111410033233099,pct,FRED,https://fred.stlouisfed.org/series/PCEPI,2026-08-27T09:48:31.632863,monthly,A,US PCE price index SA YoY from FRED PCEPI (matches BEA headline 12-month change)
2026-06-01,us_pce_yoy,3.7169705624768454,pct,FRED,https://fred.stlouisfed.org/series/PCEPI,2026-08-27T09:48:31.633863,monthly,A,US PCE price index SA YoY from FRED PCEPI (matches BEA headline 12-month change)
2026-07-01,us_pce_yoy,3.7011657214870866,pct,FRED,https://fred.stlouisfed.org/series/PCEPI,2026-08-27T09:48:31.633863,monthly,A,US PCE price index SA YoY from FRED PCEPI (matches BEA headline 12-month change)
